customerID,gender,SeniorCitizen,Partner,Dependents,tenure,PhoneService,MultipleLines,InternetService,OnlineSecurity,OnlineBackup,DeviceProtection,TechSupport,StreamingTV,StreamingMovies,Contract,PaperlessBilling,PaymentMethod,MonthlyCharges,TotalCharges,Churn
2824-AHFTR,Male,0,No,No,6,Yes,Yes,DSL,Yes,No,Yes,Yes,Yes,Yes,Month-to-month,No,Mailed check,105.27,608.92,No
9935-CKAFN,Female,1,Yes,No,1,Yes,Yes,Fiber optic,No,No,No,No,No,No,Month-to-month,Yes,Electronic check,83.75,85.51,Yes
1434-OSSKL,Female,0,Yes,Yes,15,Yes,No,Fiber optic,No,Yes,No,Yes,Yes,No,Month-to-month,Yes,Bank transfer (automatic),99.05,1506.17,No
5557-VAUSI,Female,0,No,No,72,Yes,No,DSL,No,Yes,No,No,Yes,Yes,One year,Yes,Electronic check,81.66,6033.43,No
3547-FTCJJ,Male,0,No,No,2,Yes,No,DSL,No,Yes,No,No,Yes,No,One year,No,Electronic check,67.99,136.61,No
6635-PUSNZ,Male,0,Yes,No,64,Yes,No,DSL,No,Yes,Yes,No,Yes,Yes,Month-to-month,Yes,Credit card (automatic),85.96,5768.95,No
7201-CHQXJ,Male,0,Yes,Yes,62,Yes,No,Fiber optic,Yes,No,Yes,No,No,No,Two year,Yes,Credit card (automatic),86.45,5437.29,No
4150-SBFHC,Female,1,No,No,10,Yes,Yes,No,No internet service,No internet service,No internet service,No internet service,No internet service,No internet service,Month-to-month,Yes,Credit card (automatic),50.02,494.62,Yes
4814-WJLVE,Female,0,No,No,51,Yes,Yes,Fiber optic,Yes,No,No,No,No,No,One year,No,Mailed check,96.6,5052.84,No
6820-FGYQP,Female,1,No,No,60,Yes,No,Fiber optic,No,No,No,No,Yes,No,Month-to-month,No,Electronic check,81.8,4669.64,No
3803-NGMHY,Male,0,No,Yes,17,Yes,No,DSL,Yes,No,Yes,Yes,No,No,One year,Yes,Mailed check,77.06,1287.25,No
4598-RVUFA,Female,0,No,No,69,Yes,Yes,DSL,No,Yes,No,No,No,No,One year,No,Mailed check,76.55,5272.25,No
6168-KBXOS,Female,0,No,Yes,67,Yes,No,DSL,No,No,No,No,Yes,No,One year,Yes,Bank transfer (automatic),66.74,4449.27,No
4483-RKXLG,Male,0,No,No,5,Yes,No,Fiber optic,No,No,Yes,Yes,No,Yes,Month-to-month,No,Credit card (automatic),101.24,489.29,No
5040-TOTLP,Male,0,No,No,8,Yes,No,Fiber optic,No,No,Yes,No,No,No,Month-to-month,Yes,Mailed check,79.5,619.55,Yes
6930-FZNCB,Male,1,No,No,51,Yes,Yes,DSL,No,No,No,No,No,Yes,One year,Yes,Credit card (automatic),83.55,4451.02,No
2796-DERPK,Male,1,Yes,No,5,Yes,No,No,No internet service,No internet service,No internet service,No internet service,No internet service,No internet service,Month-to-month,Yes,Mailed check,36.16,187.93,Yes
8668-NZWAS,Female,1,Yes,Yes,2,No,No phone service,Fiber optic,No,Yes,No,No,No,Yes,Month-to-month,Yes,Credit card (automatic),84.19,162.57,No
9797-TTIHE,Male,0,No,No,67,Yes,No,DSL,No,No,No,No,Yes,Yes,Two year,No,Mailed check,81.86,5420.92,No
1053-YWGNE,Male,0,Yes,No,4,Yes,Yes,Fiber optic,No,Yes,Yes,No,No,No,Month-to-month,Yes,Bank transfer (automatic),100.74,390.32,Yes
2743-WHQPD,Female,0,No,No,49,Yes,No,DSL,Yes,No,No,No,No,Yes,One year,Yes,Mailed check,70.85,3562.73,No
3646-OUNAI,Male,0,Yes,No,18,No,No phone service,Fiber optic,Yes,Yes,Yes,Yes,Yes,No,One year,Yes,Mailed check,104.43,1830.46,No
1319-CJZUG,Male,0,No,No,58,Yes,Yes,DSL,Yes,Yes,Yes,No,Yes,No,Two year,No,Bank transfer (automatic),101.66,5649.79,No
4946-WYCMB,Male,0,Yes,No,2,Yes,Yes,DSL,No,Yes,No,No,Yes,Yes,Month-to-month,No,Bank transfer (automatic),92.4,191.66,No
9727-TDMOG,Male,0,No,No,64,Yes,No,Fiber optic,No,Yes,Yes,No,Yes,No,Month-to-month,Yes,Electronic check,96.18,6300.48,Yes
7932-ZYTRS,Female,0,No,No,7,Yes,No,Fiber optic,No,No,Yes,No,No,Yes,Month-to-month,Yes,Mailed check,90.71,652.85,Yes
7537-ZQLND,Male,0,Yes,No,4,No,No phone service,DSL,No,Yes,No,No,No,No,Month-to-month,No,Electronic check,52.48,215.72,Yes
4681-BAOPA,Female,0,No,No,9,Yes,No,No,No internet service,No internet service,No internet service,No internet service,No internet service,No internet service,Month-to-month,No,Electronic check,21.65,194.94,No
1964-FXWBG,Female,0,Yes,No,3,Yes,No,DSL,No,Yes,No,No,Yes,Yes,Month-to-month,Yes,Electronic check,84.78,259.34,No
8953-FDYOM,Male,0,Yes,No,60,Yes,No,Fiber optic,No,No,No,No,No,No,Month-to-month,Yes,Bank transfer (automatic),70.83,4319.65,No
8749-UECLL,Female,0,Yes,Yes,65,Yes,No,DSL,No,No,Yes,No,Yes,Yes,One year,Yes,Electronic check,74.98,5102.02,No
8651-WBQQB,Male,0,Yes,Yes,2,Yes,No,DSL,No,No,No,No,No,No,Month-to-month,Yes,Credit card (automatic),56.22,107.0,No
6559-UCEND,Male,0,No,Yes,28,No,No phone service,DSL,No,Yes,Yes,Yes,No,No,One year,No,Electronic check,66.38,1878.38,No
4006-HGYLW,Female,0,Yes,No,5,Yes,Yes,DSL,No,No,No,No,No,Yes,Month-to-month,Yes,Credit card (automatic),74.34,355.49,No
2604-BZVZY,Female,0,No,No,63,Yes,No,No,No internet service,No internet service,No internet service,No internet service,No internet service,No internet service,Two year,Yes,Credit card (automatic),27.4,1786.94,No
4872-EMFKB,Female,0,Yes,No,8,Yes,No,DSL,No,No,No,Yes,No,Yes,Month-to-month,Yes,Mailed check,70.22,545.94,No
7209-AKYUH,Male,0,No,No,3,Yes,No,Fiber optic,No,No,Yes,No,No,No,Month-to-month,Yes,Mailed check,81.2,238.52,No
8973-EHZPO,Male,0,Yes,Yes,21,Yes,No,Fiber optic,No,No,Yes,Yes,No,Yes,Two year,No,Electronic check,98.8,2006.13,No
6138-BPNWE,Female,0,No,No,71,Yes,Yes,DSL,No,No,No,No,No,No,Two year,No,Credit card (automatic),66.53,4763.2,No
9320-CEPRG,Male,0,No,No,66,Yes,No,DSL,No,Yes,No,No,No,Yes,Two year,Yes,Mailed check,75.61,5164.54,No
2964-YOPBC,Male,0,No,No,67,Yes,No,Fiber optic,No,No,No,No,Yes,Yes,Two year,No,Credit card (automatic),101.22,6679.98,No
9565-IGRIG,Male,0,Yes,No,31,Yes,Yes,DSL,No,No,No,Yes,No,No,Month-to-month,Yes,Credit card (automatic),78.92,2333.72,No
3144-RHITB,Male,0,No,No,71,Yes,Yes,No,No internet service,No internet service,No internet service,No internet service,No internet service,No internet service,Two year,No,Credit card (automatic),44.41,3105.53,No
8508-QOCNN,Female,0,Yes,Yes,70,Yes,No,Fiber optic,No,No,No,No,No,Yes,One year,Yes,Mailed check,85.33,6203.67,No
3170-YWWJE,Male,0,Yes,Yes,64,Yes,Yes,Fiber optic,No,No,No,No,No,No,Two year,Yes,Electronic check,87.36,5660.69,No
9900-SPZRA,Female,0,Yes,No,2,Yes,No,No,No internet service,No internet service,No internet service,No internet service,No internet service,No internet service,One year,No,Bank transfer (automatic),30.06,60.28,No
5905-YCWGX,Male,0,Yes,No,64,Yes,Yes,No,No internet service,No internet service,No internet service,No internet service,No internet service,No internet service,One year,No,Credit card (automatic),46.22,2853.03,No
3546-HPSFQ,Female,0,Yes,Yes,66,Yes,No,No,No internet service,No internet service,No internet service,No internet service,No internet service,No internet service,One year,Yes,Mailed check,24.65,1637.05,No
5325-NGXBQ,Female,1,No,No,1,Yes,Yes,Fiber optic,Yes,Yes,No,Yes,No,No,Month-to-month,No,Credit card (automatic),107.04,105.24,Yes
5533-BIDZE,Male,0,Yes,Yes,30,Yes,Yes,DSL,No,No,Yes,Yes,Yes,Yes,One year,No,Credit card (automatic),101.4,3147.16,No
8239-OLABW,Female,0,Yes,Yes,2,Yes,Yes,No,No internet service,No internet service,No internet service,No internet service,No internet service,No internet service,Month-to-month,No,Bank transfer (automatic),44.37,88.33,No
3442-OVPDD,Female,0,Yes,Yes,9,Yes,No,DSL,Yes,No,Yes,Yes,Yes,No,Month-to-month,Yes,Electronic check,82.75,742.43,Yes
6050-JYZBJ,Female,0,No,No,35,Yes,No,No,No internet service,No internet service,No internet service,No internet service,No internet service,No internet service,One year,Yes,Credit card (automatic),36.15,1310.18,No
5088-RJOWZ,Female,0,No,Yes,49,Yes,No,Fiber optic,Yes,No,Yes,No,Yes,Yes,Month-to-month,No,Electronic check,108.67,5370.17,No
3532-YGEUE,Female,0,Yes,Yes,4,Yes,No,No,No internet service,No internet service,No internet service,No internet service,No internet service,No internet service,Month-to-month,Yes,Mailed check,29.74,113.98,Yes
7755-ATIYU,Female,0,No,No,8,No,No phone service,Fiber optic,No,No,Yes,Yes,Yes,Yes,Month-to-month,Yes,Electronic check,96.78,746.68,No
5065-GUCWW,Male,1,No,No,25,Yes,No,DSL,Yes,No,No,Yes,Yes,Yes,Month-to-month,Yes,Electronic check,92.9,2401.06,No
4644-FXJVW,Male,0,Yes,Yes,21,Yes,No,Fiber optic,Yes,Yes,No,No,No,No,One year,Yes,Mailed check,91.88,1969.75,No
4652-AFIWZ,Male,0,No,Yes,66,Yes,Yes,No,No internet service,No internet service,No internet service,No internet service,No internet service,No internet service,Two year,Yes,Electronic check,40.01,2667.66,No
5573-JNRVI,Male,1,No,No,64,Yes,Yes,No,No internet service,No internet service,No internet service,No internet service,No internet service,No internet service,One year,Yes,Electronic check,42.16,2814.43,No
1452-CZEZG,Male,0,No,No,69,Yes,Yes,No,No internet service,No internet service,No internet service,No internet service,No internet service,No internet service,Month-to-month,Yes,Electronic check,43.82,3106.42,No
2776-PIULZ,Male,0,Yes,Yes,45,Yes,Yes,Fiber optic,No,No,No,Yes,Yes,No,Month-to-month,Yes,Electronic check,107.67,4979.63,No
2894-KOGSA,Female,0,Yes,Yes,15,Yes,Yes,DSL,No,Yes,Yes,No,No,No,Month-to-month,No,Bank transfer (automatic),83.64,1300.79,Yes
9821-RYTFL,Male,0,Yes,Yes,60,Yes,Yes,No,No internet service,No internet service,No internet service,No internet service,No internet service,No internet service,Two year,No,Bank transfer (automatic),43.3,2620.82,No
6409-QRDXN,Male,0,No,No,5,Yes,No,DSL,Yes,No,Yes,Yes,Yes,Yes,One year,Yes,Electronic check,96.28,493.54,No
7691-ISOER,Female,1,No,No,8,Yes,No,DSL,No,Yes,Yes,No,No,Yes,Month-to-month,No,Mailed check,81.1,619.47,No
7211-RXQHO,Male,0,Yes,Yes,12,Yes,No,Fiber optic,Yes,No,No,Yes,No,No,Month-to-month,Yes,Mailed check,91.34,1117.26,No
1006-HFUPI,Female,0,Yes,No,28,Yes,No,Fiber optic,Yes,Yes,Yes,No,No,Yes,Month-to-month,No,Mailed check,101.88,2958.19,No
8238-LFMXU,Male,1,No,No,66,Yes,No,DSL,No,No,No,No,Yes,No,Two year,Yes,Mailed check,60.85,4189.98,No
3780-RHRQC,Female,0,No,No,28,No,No phone service,DSL,No,No,No,No,Yes,No,Month-to-month,No,Electronic check,50.52,1363.2,No
4848-RFFAG,Female,0,No,Yes,44,Yes,Yes,No,No internet service,No internet service,No internet service,No internet service,No internet service,No internet service,Two year,Yes,Electronic check,44.34,2048.27,No
8784-PTLXO,Male,0,No,Yes,10,Yes,No,No,No internet service,No internet service,No internet service,No internet service,No internet service,No internet service,Month-to-month,Yes,Credit card (automatic),30.96,313.81,No
7291-MGRAT,Male,1,No,No,66,Yes,Yes,DSL,No,No,No,Yes,No,Yes,Two year,Yes,Electronic check,90.61,5843.58,No
2746-UFUSM,Female,0,Yes,No,1,Yes,No,Fiber optic,No,No,No,No,Yes,No,One year,No,Bank transfer (automatic),78.82,77.13,No
5082-XDDMN,Female,0,Yes,No,14,Yes,Yes,Fiber optic,No,No,Yes,No,Yes,Yes,Month-to-month,Yes,Electronic check,115.94,1659.23,Yes
6198-YXPSN,Female,0,Yes,Yes,2,Yes,Yes,Fiber optic,Yes,Yes,Yes,No,Yes,Yes,Month-to-month,Yes,Bank transfer (automatic),118.75,232.49,No
9976-LEWLT,Female,0,No,Yes,68,Yes,Yes,No,No internet service,No internet service,No internet service,No internet service,No internet service,No internet service,One year,No,Bank transfer (automatic),44.39,2993.43,No
5543-TNQHC,Male,1,Yes,No,16,Yes,Yes,Fiber optic,Yes,Yes,Yes,No,No,Yes,One year,Yes,Credit card (automatic),115.31,1911.15,No
5681-GIXCD,Male,0,No,No,15,No,No phone service,Fiber optic,No,Yes,No,No,No,No,Month-to-month,Yes,Electronic check,71.48,1051.83,Yes
7275-SSBKO,Male,0,Yes,Yes,23,No,No phone service,Fiber optic,No,Yes,No,No,No,No,One year,Yes,Electronic check,71.13,1705.41,No
7812-BVKUY,Female,1,Yes,Yes,5,Yes,No,Fiber optic,No,No,Yes,No,Yes,Yes,Month-to-month,No,Credit card (automatic),99.66,506.19,No
1320-WTJAJ,Female,0,No,No,22,Yes,No,Fiber optic,No,No,No,No,Yes,Yes,Month-to-month,No,Mailed check,97.96,2082.96,Yes
7389-WYKTO,Male,0,Yes,No,72,Yes,No,Fiber optic,No,Yes,No,No,No,Yes,One year,No,Electronic check,88.1,6182.43,No
4613-MHMKR,Male,0,Yes,No,38,Yes,No,No,No internet service,No internet service,No internet service,No internet service,No internet service,No internet service,Two year,Yes,Electronic check,29.87,1121.2,No
7624-SVXZN,Male,0,No,No,5,Yes,No,DSL,No,Yes,Yes,No,Yes,Yes,Month-to-month,Yes,Mailed check,89.06,463.23,Yes
7455-PRCLW,Male,0,Yes,No,60,Yes,Yes,Fiber optic,No,No,No,Yes,Yes,Yes,Two year,No,Mailed check,110.52,6674.44,No
3977-BJFIT,Female,1,No,Yes,61,No,No phone service,DSL,No,Yes,Yes,No,Yes,Yes,One year,No,Electronic check,76.81,4472.4,No
7211-HYKVM,Female,0,No,No,8,Yes,No,DSL,No,Yes,No,No,Yes,Yes,Month-to-month,Yes,Bank transfer (automatic),76.56,623.27,No
9837-BYFBY,Female,0,No,No,43,Yes,Yes,No,No internet service,No internet service,No internet service,No internet service,No internet service,No internet service,One year,Yes,Bank transfer (automatic),44.04,1836.75,No
1659-TYFAD,Male,0,No,No,2,Yes,No,Fiber optic,No,No,No,No,Yes,No,One year,Yes,Mailed check,89.82,173.02,No
3068-MCYMG,Male,0,Yes,No,61,Yes,No,Fiber optic,Yes,No,No,No,No,Yes,Two year,No,Bank transfer (automatic),85.61,5150.18,No
7043-EPTCV,Female,0,No,No,16,Yes,No,Fiber optic,Yes,No,No,Yes,No,No,Month-to-month,Yes,Electronic check,85.73,1415.23,Yes
6096-CAIRY,Female,0,Yes,No,64,Yes,Yes,No,No internet service,No internet service,No internet service,No internet service,No internet service,No internet service,One year,Yes,Credit card (automatic),37.94,2547.24,No
7498-YFPVG,Female,1,Yes,No,58,Yes,No,DSL,Yes,Yes,Yes,No,Yes,Yes,Two year,No,Electronic check,87.91,5328.33,No
5941-WPDZU,Female,0,Yes,No,16,No,No phone service,Fiber optic,Yes,Yes,Yes,No,Yes,Yes,Month-to-month,Yes,Electronic check,103.15,1584.78,Yes
6688-NRBQA,Male,0,Yes,Yes,23,Yes,Yes,Fiber optic,No,No,Yes,No,No,Yes,Month-to-month,Yes,Electronic check,96.95,2225.51,No
7882-VCYQV,Female,0,No,No,62,Yes,No,DSL,No,No,Yes,No,No,Yes,One year,Yes,Credit card (automatic),63.41,3872.61,No
3506-LTZHV,Male,1,Yes,Yes,14,Yes,No,DSL,Yes,No,No,Yes,Yes,No,Two year,Yes,Electronic check,78.78,1062.49,No
9817-UMVPI,Male,0,No,No,4,Yes,No,Fiber optic,No,No,Yes,No,Yes,No,One year,Yes,Credit card (automatic),92.16,357.06,No
5022-VCWGM,Male,0,Yes,Yes,62,Yes,Yes,DSL,No,No,No,No,No,Yes,Two year,Yes,Mailed check,78.25,4869.23,No
7209-IMIMJ,Male,0,Yes,No,58,Yes,No,No,No internet service,No internet service,No internet service,No internet service,No internet service,No internet service,One year,No,Bank transfer (automatic),32.41,1831.34,No
5232-IWSHA,Female,1,No,No,13,Yes,Yes,Fiber optic,Yes,No,No,Yes,Yes,No,One year,No,Electronic check,116.07,1471.0,No
4130-CSMTR,Male,0,Yes,Yes,12,Yes,Yes,Fiber optic,No,No,No,No,Yes,Yes,Month-to-month,No,Bank transfer (automatic),100.01,1213.56,Yes
9041-LAHKG,Female,0,No,No,63,Yes,Yes,DSL,No,No,No,No,Yes,Yes,Two year,Yes,Credit card (automatic),92.93,5657.54,No
7046-MNLTI,Female,0,Yes,No,1,Yes,Yes,DSL,No,No,Yes,No,Yes,Yes,Month-to-month,Yes,Bank transfer (automatic),95.9,94.86,No
8434-HGDFD,Male,0,Yes,No,4,Yes,Yes,Fiber optic,No,Yes,No,No,Yes,No,Month-to-month,Yes,Credit card (automatic),103.17,401.38,No
9779-YRETH,Male,0,No,No,10,Yes,Yes,No,No internet service,No internet service,No internet service,No internet service,No internet service,No internet service,Month-to-month,Yes,Mailed check,36.23,358.69,No
9595-PZVHJ,Female,0,No,No,63,Yes,Yes,Fiber optic,Yes,No,No,No,No,Yes,Two year,Yes,Bank transfer (automatic),109.47,6744.75,No
5952-ANHZO,Male,0,Yes,Yes,7,Yes,No,No,No internet service,No internet service,No internet service,No internet service,No internet service,No internet service,One year,No,Electronic check,32.73,232.24,No
3068-QTCAH,Male,1,Yes,Yes,72,Yes,Yes,Fiber optic,Yes,No,Yes,No,No,No,Month-to-month,No,Electronic check,99.93,7011.47,Yes
8843-LEBYM,Male,1,Yes,Yes,1,Yes,Yes,DSL,No,Yes,Yes,Yes,Yes,No,Month-to-month,No,Electronic check,100.97,98.26,Yes
2070-KBQBD,Male,0,No,No,65,Yes,No,DSL,Yes,No,Yes,No,Yes,No,Two year,Yes,Mailed check,76.28,4760.68,No
5978-CGOKP,Female,0,No,No,6,Yes,No,No,No internet service,No internet service,No internet service,No internet service,No internet service,No internet service,Month-to-month,Yes,Credit card (automatic),29.49,170.22,No
4697-UJXHP,Female,0,No,Yes,58,Yes,Yes,Fiber optic,Yes,Yes,No,No,Yes,No,Two year,Yes,Electronic check,107.58,6440.64,No
8025-HQPTY,Female,0,Yes,Yes,57,Yes,No,No,No internet service,No internet service,No internet service,No internet service,No internet service,No internet service,Two year,No,Electronic check,28.42,1659.21,No
4404-QGCGO,Female,0,No,No,23,Yes,Yes,Fiber optic,No,Yes,Yes,Yes,No,No,Month-to-month,Yes,Mailed check,103.82,2299.77,No
3564-ALPHG,Female,0,No,No,6,Yes,No,No,No internet service,No internet service,No internet service,No internet service,No internet service,No internet service,Month-to-month,No,Electronic check,34.56,212.34,No
5632-SLRYU,Male,0,No,No,12,Yes,Yes,DSL,Yes,No,No,Yes,Yes,No,One year,No,Electronic check,82.76,988.6,No
4241-LOQXV,Female,0,No,No,21,Yes,Yes,Fiber optic,No,Yes,Yes,Yes,No,Yes,One year,Yes,Credit card (automatic),115.89,2391.35,No
2169-BUPVX,Female,0,No,No,20,Yes,Yes,Fiber optic,No,No,Yes,No,Yes,No,Month-to-month,Yes,Bank transfer (automatic),99.62,1989.71,Yes
8195-DRSYN,Female,0,Yes,Yes,1,Yes,Yes,Fiber optic,Yes,Yes,Yes,No,No,Yes,Month-to-month,Yes,Mailed check,116.55,112.97,No
9090-LPXTP,Female,0,No,No,2,No,No phone service,No,No internet service,No internet service,No internet service,No internet service,No internet service,No internet service,Month-to-month,No,Electronic check,22.69,44.07,Yes
1423-CZVOY,Male,0,No,Yes,5,Yes,Yes,No,No internet service,No internet service,No internet service,No internet service,No internet service,No internet service,Month-to-month,No,Electronic check,39.81,199.52,Yes
5415-OTENL,Male,1,Yes,Yes,13,Yes,Yes,DSL,No,Yes,Yes,Yes,Yes,Yes,One year,Yes,Credit card (automatic),109.89,1460.72,No
5557-EPQMC,Male,0,Yes,No,8,Yes,No,Fiber optic,No,No,No,No,No,Yes,Month-to-month,No,Mailed check,83.38,686.36,Yes
6700-KICEK,Male,0,No,No,62,Yes,No,Fiber optic,Yes,Yes,No,Yes,Yes,Yes,Month-to-month,Yes,Electronic check,117.34,7604.06,No
9117-HYVOL,Female,0,Yes,Yes,5,Yes,No,Fiber optic,No,Yes,Yes,No,Yes,Yes,Month-to-month,Yes,Mailed check,115.22,565.46,Yes
6153-GDUWV,Female,0,No,No,3,No,No phone service,Fiber optic,Yes,Yes,No,No,Yes,No,Month-to-month,No,Bank transfer (automatic),92.96,276.15,No
1018-ROKEJ,Male,1,Yes,Yes,65,Yes,No,No,No internet service,No internet service,No internet service,No internet service,No internet service,No internet service,Two year,Yes,Bank transfer (automatic),34.41,2306.17,No
9167-QTFOY,Female,0,Yes,No,9,Yes,No,Fiber optic,Yes,No,Yes,No,Yes,No,Month-to-month,No,Electronic check,100.8,901.72,Yes
8178-WMAQU,Male,0,Yes,No,65,Yes,Yes,Fiber optic,Yes,No,No,Yes,Yes,Yes,Two year,Yes,Bank transfer (automatic),118.75,8003.85,No
3594-IAKFV,Male,0,Yes,Yes,71,No,No phone service,DSL,No,Yes,No,Yes,No,No,One year,Yes,Bank transfer (automatic),60.16,4241.58,No
2858-LDVMS,Male,0,Yes,Yes,60,Yes,Yes,Fiber optic,No,No,Yes,No,No,Yes,Two year,Yes,Mailed check,101.07,5872.56,No
9337-SKMML,Male,1,No,No,18,No,No phone service,No,No internet service,No internet service,No internet service,No internet service,No internet service,No internet service,One year,Yes,Bank transfer (automatic),18.25,317.26,No
3369-JXNWW,Female,0,No,No,2,Yes,Yes,No,No internet service,No internet service,No internet service,No internet service,No internet service,No internet service,Month-to-month,Yes,Electronic check,37.36,76.87,No
5526-UWIUG,Male,0,No,No,18,Yes,Yes,Fiber optic,Yes,Yes,No,No,Yes,No,Two year,No,Credit card (automatic),111.59,2016.8,No
1042-HHPZM,Female,0,Yes,No,60,Yes,No,No,No internet service,No internet service,No internet service,No internet service,No internet service,No internet service,Two year,Yes,Electronic check,25.78,1561.4,No
3434-LMITJ,Female,0,No,Yes,17,Yes,No,DSL,Yes,No,No,Yes,No,No,One year,Yes,Electronic check,69.36,1189.45,No
6272-WZGJW,Male,0,No,No,72,Yes,Yes,DSL,No,No,Yes,No,Yes,No,One year,No,Bank transfer (automatic),88.51,6397.64,No
7730-BTSVK,Female,0,No,No,1,Yes,No,No,No internet service,No internet service,No internet service,No internet service,No internet service,No internet service,Month-to-month,No,Credit card (automatic),30.95,29.49,No
3492-MANPW,Female,0,No,No,13,Yes,No,Fiber optic,No,No,No,No,No,Yes,Month-to-month,No,Electronic check,84.82,1090.21,Yes
8213-CXADW,Male,0,Yes,Yes,28,Yes,No,Fiber optic,Yes,No,No,No,No,Yes,Two year,No,Electronic check,92.99,2619.84,No
3529-BUGQK,Male,1,Yes,Yes,33,No,No phone service,No,No internet service,No internet service,No internet service,No internet service,No internet service,No internet service,Month-to-month,No,Electronic check,24.07,826.82,No
2315-WWWJI,Male,0,Yes,No,21,Yes,Yes,Fiber optic,No,No,No,Yes,No,Yes,Month-to-month,No,Bank transfer (automatic),101.61,2084.39,No
8994-WABQX,Male,0,Yes,No,18,Yes,Yes,Fiber optic,Yes,Yes,No,No,Yes,Yes,Month-to-month,Yes,Mailed check,118.75,2060.28,No
4727-TLCQW,Male,0,No,No,12,Yes,Yes,DSL,Yes,No,No,No,No,Yes,One year,Yes,Credit card (automatic),77.63,935.63,No
8269-EHAIB,Female,0,Yes,Yes,19,Yes,No,No,No internet service,No internet service,No internet service,No internet service,No internet service,No internet service,Month-to-month,Yes,Electronic check,31.95,595.46,No
6873-JDNOU,Male,0,No,No,19,No,No phone service,No,No internet service,No internet service,No internet service,No internet service,No internet service,No internet service,One year,Yes,Mailed check,18.25,353.23,No
3785-EPJRM,Male,0,No,No,49,Yes,Yes,DSL,No,No,Yes,Yes,Yes,Yes,One year,Yes,Bank transfer (automatic),106.35,5254.69,No
3344-GQLRX,Male,0,No,No,34,Yes,No,No,No internet service,No internet service,No internet service,No internet service,No internet service,No internet service,Month-to-month,Yes,Credit card (automatic),25.01,858.77,No
8622-XRELI,Female,0,No,No,14,Yes,No,Fiber optic,No,Yes,Yes,No,Yes,No,Month-to-month,No,Mailed check,97.4,1373.41,No
5901-QLGVF,Male,0,Yes,Yes,61,Yes,No,DSL,No,Yes,No,No,No,Yes,Two year,Yes,Electronic check,72.08,4604.75,No
7302-WCJJH,Male,0,No,No,6,Yes,Yes,DSL,Yes,No,Yes,Yes,No,Yes,Month-to-month,Yes,Credit card (automatic),98.95,600.71,No
5837-AVKAW,Male,0,Yes,No,7,Yes,No,DSL,No,Yes,Yes,Yes,Yes,No,Month-to-month,Yes,Credit card (automatic),86.47,606.87,No
1803-XTVXU,Female,0,No,No,5,Yes,No,DSL,Yes,Yes,Yes,No,Yes,Yes,Month-to-month,Yes,Credit card (automatic),102.16,486.54,Yes
4770-PJQQR,Male,1,No,No,4,Yes,Yes,Fiber optic,No,Yes,Yes,No,Yes,Yes,Month-to-month,No,Bank transfer (automatic),118.75,457.01,Yes
3240-QXQIL,Female,1,No,No,52,Yes,Yes,Fiber optic,No,No,Yes,No,No,Yes,One year,Yes,Credit card (automatic),101.05,5444.15,No
6977-TCHTE,Female,0,Yes,No,19,No,No phone service,No,No internet service,No internet service,No internet service,No internet service,No internet service,No internet service,Month-to-month,No,Mailed check,22.76,452.16,No
3165-UWJNH,Male,0,No,No,1,Yes,No,DSL,No,Yes,No,No,No,Yes,Month-to-month,Yes,Electronic check,73.46,70.06,Yes
3695-GVMUT,Female,0,Yes,Yes,21,Yes,Yes,Fiber optic,No,Yes,No,Yes,No,Yes,Two year,No,Mailed check,107.39,2166.9,No
6549-UMBTF,Male,0,Yes,Yes,65,Yes,No,Fiber optic,Yes,No,No,No,Yes,Yes,One year,Yes,Credit card (automatic),105.05,7076.73,No
7511-ZUJUA,Female,1,No,No,43,Yes,No,DSL,No,No,No,No,No,No,One year,Yes,Credit card (automatic),54.92,2293.84,No
9791-DJTGJ,Female,0,Yes,Yes,34,Yes,Yes,No,No internet service,No internet service,No internet service,No internet service,No internet service,No internet service,Month-to-month,Yes,Credit card (automatic),41.17,1338.54,No
7086-CGAWO,Female,0,No,No,64,Yes,No,Fiber optic,No,No,No,No,Yes,Yes,Two year,Yes,Mailed check,90.34,5991.57,No
4626-QQMSQ,Male,0,Yes,Yes,28,Yes,Yes,No,No internet service,No internet service,No internet service,No internet service,No internet service,No internet service,One year,No,Electronic check,37.36,1074.91,No
2911-DYHMC,Female,0,No,No,27,Yes,Yes,No,No internet service,No internet service,No internet service,No internet service,No internet service,No internet service,One year,Yes,Electronic check,45.4,1241.05,No
9807-DLRTY,Male,0,Yes,Yes,21,Yes,No,No,No internet service,No internet service,No internet service,No internet service,No internet service,No internet service,One year,Yes,Electronic check,29.33,590.52,No
7866-PSXRV,Male,0,No,No,44,Yes,No,DSL,Yes,No,Yes,Yes,No,No,One year,Yes,Credit card (automatic),78.75,3510.48,No
7686-YHRFL,Male,0,No,No,5,No,No phone service,No,No internet service,No internet service,No internet service,No internet service,No internet service,No internet service,Month-to-month,No,Electronic check,19.03,92.31,No
4868-WCROZ,Female,0,No,No,21,Yes,No,DSL,Yes,No,No,No,Yes,No,One year,Yes,Bank transfer (automatic),70.05,1513.29,No
6876-BHZYV,Female,0,Yes,Yes,18,Yes,No,No,No internet service,No internet service,No internet service,No internet service,No internet service,No internet service,Month-to-month,Yes,Mailed check,35.82,655.61,No
2501-RQPAU,Male,0,No,No,61,Yes,Yes,Fiber optic,Yes,No,Yes,No,Yes,Yes,Two year,Yes,Electronic check,118.75,7403.4,No
4990-ZUFVO,Female,0,Yes,No,72,Yes,No,Fiber optic,No,No,No,Yes,Yes,Yes,Two year,No,Mailed check,98.5,7049.69,No
4538-VGUUP,Male,0,Yes,No,39,Yes,Yes,Fiber optic,Yes,No,Yes,Yes,No,Yes,Two year,No,Mailed check,118.27,4557.78,No
5542-WDDGE,Female,0,Yes,No,32,Yes,Yes,Fiber optic,No,Yes,No,No,No,Yes,One year,No,Credit card (automatic),102.39,3205.3,No
1422-DJUPA,Male,1,No,Yes,63,Yes,No,No,No internet service,No internet service,No internet service,No internet service,No internet service,No internet service,Two year,No,Bank transfer (automatic),30.73,2022.58,No
5347-BTNTM,Female,1,Yes,No,13,Yes,Yes,Fiber optic,No,No,No,Yes,No,No,One year,Yes,Electronic check,90.06,1125.19,No
6931-NCNYB,Male,1,No,No,28,No,No phone service,Fiber optic,No,Yes,Yes,Yes,Yes,Yes,One year,Yes,Credit card (automatic),106.95,2969.46,No
9543-HQAZW,Female,0,No,No,71,Yes,Yes,Fiber optic,No,Yes,Yes,No,No,No,Month-to-month,Yes,Bank transfer (automatic),102.12,7462.98,No
7984-RMXBC,Male,0,Yes,No,13,No,No phone service,Fiber optic,Yes,Yes,No,No,Yes,Yes,Two year,Yes,Electronic check,96.3,1264.99,No
3430-BHQOI,Male,0,No,No,15,Yes,No,Fiber optic,No,Yes,No,No,Yes,No,One year,Yes,Credit card (automatic),92.19,1440.09,No
9692-HNLUC,Male,1,Yes,No,7,Yes,No,DSL,Yes,Yes,Yes,Yes,Yes,No,Month-to-month,Yes,Mailed check,91.24,654.77,No
4522-LXKVK,Female,1,No,No,67,Yes,Yes,Fiber optic,No,Yes,No,No,Yes,Yes,Two year,Yes,Electronic check,114.45,7677.59,No
2557-IIGYR,Female,1,Yes,No,2,Yes,No,Fiber optic,No,No,Yes,No,Yes,No,Month-to-month,No,Credit card (automatic),89.61,185.03,Yes
8770-BVCCT,Male,0,No,No,8,Yes,Yes,Fiber optic,No,No,No,No,No,Yes,Two year,Yes,Mailed check,96.78,806.12,No
3131-OPOID,Female,1,Yes,No,1,Yes,No,Fiber optic,No,No,No,Yes,Yes,Yes,Month-to-month,No,Electronic check,105.62,106.9,Yes
6793-WYKXB,Female,0,Yes,No,49,Yes,No,No,No internet service,No internet service,No internet service,No internet service,No internet service,No internet service,One year,Yes,Credit card (automatic),30.6,1458.64,No
5712-PJPFR,Female,0,Yes,Yes,28,Yes,No,No,No internet service,No internet service,No internet service,No internet service,No internet service,No internet service,Month-to-month,No,Electronic check,28.22,807.37,No
4674-WJOCH,Female,0,Yes,Yes,65,Yes,No,No,No internet service,No internet service,No internet service,No internet service,No internet service,No internet service,Two year,Yes,Credit card (automatic),31.96,1990.4,No
4705-UVZVP,Male,0,Yes,No,63,Yes,Yes,DSL,Yes,Yes,No,Yes,Yes,No,One year,Yes,Electronic check,97.04,6126.15,No
1430-PRSAH,Male,0,Yes,Yes,57,No,No phone service,DSL,No,No,Yes,No,No,Yes,Two year,No,Bank transfer (automatic),62.11,3394.05,No
6062-XJEDR,Female,0,No,No,29,Yes,Yes,Fiber optic,No,Yes,Yes,No,No,No,One year,No,Electronic check,104.51,2890.43,No
2140-DQATF,Female,0,No,No,3,No,No phone service,No,No internet service,No internet service,No internet service,No internet service,No internet service,No internet service,One year,Yes,Electronic check,19.79,58.03,No
7878-LEIIY,Female,0,No,No,66,No,No phone service,Fiber optic,No,No,No,Yes,Yes,No,One year,No,Credit card (automatic),84.73,5763.44,No
2391-WETBC,Male,1,No,No,22,Yes,No,Fiber optic,No,No,No,No,Yes,Yes,One year,Yes,Credit card (automatic),99.75,2234.67,No
8259-RMLHT,Male,0,No,No,12,Yes,No,Fiber optic,No,No,No,Yes,No,Yes,Month-to-month,No,Credit card (automatic),94.62,1087.74,Yes
2864-ICRPN,Female,0,No,No,29,Yes,No,Fiber optic,No,Yes,No,No,Yes,Yes,Month-to-month,Yes,Bank transfer (automatic),105.37,3015.19,No
6053-BKPAH,Female,0,No,No,37,Yes,No,Fiber optic,No,Yes,No,No,Yes,Yes,One year,No,Mailed check,102.09,3876.22,No
4460-TTHDM,Female,1,Yes,No,66,Yes,Yes,Fiber optic,No,No,No,Yes,Yes,Yes,Two year,Yes,Bank transfer (automatic),110.82,7197.61,No
8055-EJSNV,Female,0,No,No,5,No,No phone service,Fiber optic,No,Yes,Yes,No,No,Yes,Month-to-month,No,Mailed check,90.63,473.47,Yes
6802-BWBAX,Female,0,Yes,No,11,Yes,No,Fiber optic,No,No,No,No,No,Yes,One year,Yes,Credit card (automatic),86.11,993.41,No
6129-OOSKC,Male,0,No,No,25,Yes,No,Fiber optic,Yes,No,No,Yes,Yes,Yes,Month-to-month,Yes,Bank transfer (automatic),104.96,2498.9,No
1341-ZEYLR,Male,0,No,No,41,Yes,Yes,DSL,Yes,No,No,No,Yes,No,One year,Yes,Bank transfer (automatic),90.51,3694.01,No
6928-CVGPN,Female,0,Yes,Yes,10,Yes,No,DSL,No,Yes,No,Yes,Yes,Yes,Month-to-month,No,Electronic check,84.93,851.27,Yes
7484-WTFUB,Female,1,No,No,18,Yes,No,Fiber optic,No,No,Yes,No,Yes,Yes,One year,No,Bank transfer (automatic),101.05,1896.61,No
2868-NFUJY,Male,0,Yes,Yes,11,No,No phone service,No,No internet service,No internet service,No internet service,No internet service,No internet service,No internet service,Month-to-month,Yes,Mailed check,22.83,248.49,No
3419-GDFPT,Male,0,Yes,No,28,Yes,No,Fiber optic,Yes,No,No,No,No,No,Month-to-month,No,Bank transfer (automatic),80.74,2165.15,No
2234-EUMTT,Female,1,Yes,No,4,Yes,No,No,No internet service,No internet service,No internet service,No internet service,No internet service,No internet service,Month-to-month,Yes,Mailed check,26.11,102.98,No
8354-RWQZI,Male,1,No,Yes,61,Yes,No,No,No internet service,No internet service,No internet service,No internet service,No internet service,No internet service,Two year,Yes,Mailed check,28.88,1761.2,No
6179-DBLHH,Male,0,No,Yes,3,Yes,No,No,No internet service,No internet service,No internet service,No internet service,No internet service,No internet service,Month-to-month,Yes,Mailed check,30.74,89.4,Yes
1920-JBMAJ,Female,1,No,No,67,Yes,Yes,DSL,No,Yes,Yes,No,Yes,Yes,Two year,No,Credit card (automatic),97.93,6494.46,No
5703-BWWPN,Female,0,Yes,Yes,64,Yes,No,DSL,No,Yes,Yes,No,No,No,One year,No,Bank transfer (automatic),65.12,3983.56,No
8581-PYTBX,Female,0,No,No,12,Yes,No,DSL,No,No,Yes,Yes,No,Yes,Month-to-month,Yes,Credit card (automatic),80.92,1014.28,No
4084-IMDBC,Male,0,No,No,62,Yes,Yes,Fiber optic,Yes,Yes,Yes,Yes,Yes,No,Two year,Yes,Credit card (automatic),118.75,7447.01,No
6626-ZCQBS,Female,0,Yes,No,10,Yes,Yes,Fiber optic,Yes,No,No,Yes,No,No,Month-to-month,Yes,Bank transfer (automatic),102.17,1065.65,No
8199-NPJXK,Male,0,No,No,6,Yes,Yes,DSL,No,No,No,No,No,No,One year,Yes,Mailed check,71.64,441.06,No
6543-RBQII,Male,0,Yes,No,1,Yes,No,Fiber optic,Yes,Yes,Yes,No,No,No,Month-to-month,No,Mailed check,95.23,95.2,Yes
7333-HSRXW,Female,0,Yes,No,59,Yes,No,Fiber optic,Yes,No,Yes,Yes,Yes,Yes,One year,No,Credit card (automatic),115.09,6644.74,No
6461-CRXIR,Female,0,Yes,No,35,Yes,Yes,Fiber optic,No,Yes,Yes,No,No,Yes,Month-to-month,Yes,Electronic check,115.84,4090.05,Yes
7421-DSCOQ,Female,0,No,No,7,Yes,Yes,No,No internet service,No internet service,No internet service,No internet service,No internet service,No internet service,Month-to-month,Yes,Bank transfer (automatic),41.09,286.73,No
6381-VRVTR,Female,0,Yes,No,1,Yes,No,No,No internet service,No internet service,No internet service,No internet service,No internet service,No internet service,Month-to-month,No,Electronic check,30.21,28.72,No
9624-CRNAI,Female,0,Yes,Yes,47,Yes,No,DSL,No,No,No,No,No,Yes,Two year,No,Electronic check,67.79,3229.72,No
4509-ITEZE,Male,0,Yes,No,12,Yes,Yes,DSL,No,Yes,No,No,No,No,One year,Yes,Mailed check,80.6,1000.75,No
5846-VCUVW,Male,0,Yes,No,1,Yes,No,Fiber optic,Yes,No,No,No,No,No,Month-to-month,Yes,Mailed check,80.36,83.53,Yes
1618-RWQPE,Male,0,Yes,Yes,22,Yes,No,DSL,No,Yes,Yes,Yes,No,Yes,Month-to-month,Yes,Electronic check,90.62,2035.75,No
3962-VUVEL,Male,0,Yes,Yes,27,Yes,Yes,DSL,Yes,No,No,Yes,No,No,One year,Yes,Bank transfer (automatic),78.49,2110.3,No
7731-JSZPT,Female,0,No,No,65,Yes,Yes,No,No internet service,No internet service,No internet service,No internet service,No internet service,No internet service,Month-to-month,No,Bank transfer (automatic),38.64,2490.21,No
8355-GGZUX,Male,0,Yes,No,48,Yes,No,No,No internet service,No internet service,No internet service,No internet service,No internet service,No internet service,One year,No,Bank transfer (automatic),28.99,1383.24,No
4178-JYZMH,Female,1,No,No,14,Yes,No,Fiber optic,Yes,No,No,No,Yes,No,Two year,No,Electronic check,92.68,1344.88,No
7256-NKEFP,Female,0,No,Yes,20,Yes,Yes,No,No internet service,No internet service,No internet service,No internet service,No internet service,No internet service,Month-to-month,Yes,Mailed check,44.16,884.91,No
5096-BMJYS,Female,0,Yes,No,68,No,No phone service,DSL,No,Yes,Yes,Yes,No,No,Month-to-month,Yes,Electronic check,63.83,4155.54,No
9452-WHTHX,Male,0,Yes,No,70,Yes,No,Fiber optic,No,Yes,No,No,No,Yes,Two year,Yes,Mailed check,96.87,6758.78,No
3414-VCXVX,Female,1,No,No,8,Yes,No,Fiber optic,Yes,No,Yes,Yes,Yes,Yes,One year,No,Credit card (automatic),113.14,932.75,No
1436-KKJKC,Male,0,Yes,Yes,67,No,No phone service,Fiber optic,Yes,No,Yes,No,Yes,Yes,Two year,No,Electronic check,102.34,6684.38,No
4678-AYVQU,Male,0,Yes,Yes,5,Yes,No,No,No internet service,No internet service,No internet service,No internet service,No internet service,No internet service,One year,No,Electronic check,27.06,138.21,No
3254-AXMVT,Female,0,Yes,Yes,61,Yes,Yes,No,No internet service,No internet service,No internet service,No internet service,No internet service,No internet service,One year,No,Electronic check,44.23,2627.35,No
8685-LACGV,Male,0,No,No,2,Yes,No,DSL,Yes,No,Yes,Yes,No,Yes,Month-to-month,Yes,Credit card (automatic),85.23,173.17,No
9991-YPLUG,Male,0,No,No,68,Yes,Yes,No,No internet service,No internet service,No internet service,No internet service,No internet service,No internet service,Two year,Yes,Credit card (automatic),40.11,2730.9,No
2996-BKULC,Female,0,No,No,3,Yes,No,Fiber optic,No,No,Yes,Yes,No,No,Month-to-month,Yes,Electronic check,83.1,248.78,Yes
9189-PANGD,Male,0,No,No,15,Yes,No,Fiber optic,Yes,No,No,Yes,Yes,Yes,One year,No,Mailed check,106.48,1627.27,No
8032-AJOER,Female,0,Yes,Yes,65,Yes,No,DSL,Yes,Yes,No,No,No,Yes,Two year,No,Credit card (automatic),81.63,5295.55,No
9576-ZBNNZ,Female,0,Yes,No,61,Yes,No,No,No internet service,No internet service,No internet service,No internet service,No internet service,No internet service,Two year,No,Electronic check,28.31,1758.94,No
1333-KMQZG,Female,0,Yes,No,3,Yes,No,Fiber optic,No,Yes,Yes,No,No,No,Month-to-month,No,Electronic check,87.46,274.03,Yes
1266-JBGRC,Male,0,Yes,Yes,18,Yes,No,No,No internet service,No internet service,No internet service,No internet service,No internet service,No internet service,Two year,Yes,Bank transfer (automatic),25.51,449.91,No
6447-DJIQV,Male,0,Yes,Yes,20,Yes,Yes,DSL,No,No,Yes,No,No,Yes,Two year,Yes,Bank transfer (automatic),78.26,1491.23,No
8612-ZMEDS,Female,1,Yes,No,4,Yes,Yes,DSL,No,Yes,No,Yes,Yes,Yes,Month-to-month,Yes,Bank transfer (automatic),98.78,396.63,No
8498-AFUXI,Male,1,Yes,No,60,No,No phone service,DSL,No,No,No,Yes,No,Yes,Month-to-month,No,Electronic check,61.42,3604.51,No
6080-NZOGT,Female,0,Yes,Yes,19,Yes,No,Fiber optic,No,Yes,Yes,No,Yes,Yes,One year,No,Mailed check,103.06,1963.61,No
4131-HWBRH,Female,0,Yes,No,12,Yes,Yes,Fiber optic,Yes,Yes,No,No,No,No,Two year,Yes,Bank transfer (automatic),105.14,1277.15,No
7029-LKLYI,Female,0,No,No,66,Yes,Yes,DSL,No,No,No,Yes,No,No,Two year,Yes,Bank transfer (automatic),72.68,4831.71,No
4060-MMYNU,Male,0,No,No,66,Yes,No,DSL,No,Yes,No,Yes,Yes,Yes,Two year,Yes,Electronic check,80.82,5410.01,No
7955-CPVOI,Male,0,No,No,63,Yes,No,DSL,Yes,Yes,Yes,Yes,No,Yes,One year,No,Mailed check,89.89,5599.44,No
2311-IHLSE,Female,1,Yes,No,11,Yes,No,Fiber optic,No,Yes,Yes,No,Yes,No,Month-to-month,No,Mailed check,100.95,1112.4,Yes
8272-JBWJZ,Male,0,Yes,Yes,68,Yes,No,Fiber optic,Yes,No,No,No,Yes,Yes,One year,Yes,Electronic check,101.36,6871.82,No
5498-QUBRK,Male,0,Yes,No,65,No,No phone service,No,No internet service,No internet service,No internet service,No internet service,No internet service,No internet service,One year,No,Credit card (automatic),23.65,1496.64,No
9406-URYDP,Female,0,Yes,No,7,Yes,No,No,No internet service,No internet service,No internet service,No internet service,No internet service,No internet service,Month-to-month,Yes,Bank transfer (automatic),34.37,240.3,No
8179-ABUJJ,Female,0,Yes,Yes,61,Yes,No,Fiber optic,No,Yes,No,No,Yes,Yes,Month-to-month,No,Electronic check,94.67,5987.82,No
1530-PRYJT,Female,0,No,No,1,Yes,No,No,No internet service,No internet service,No internet service,No internet service,No internet service,No internet service,Month-to-month,Yes,Mailed check,26.71,26.24,No
3255-NKQGC,Female,0,No,Yes,44,Yes,Yes,DSL,No,No,No,No,No,Yes,Two year,No,Electronic check,79.24,3534.14,No
4048-MKOGG,Male,0,Yes,No,33,Yes,Yes,Fiber optic,No,Yes,No,Yes,No,No,Two year,Yes,Electronic check,105.01,3331.19,No
8311-FPSZF,Female,1,Yes,Yes,9,Yes,No,DSL,No,Yes,No,Yes,No,No,Month-to-month,No,Electronic check,72.2,620.12,No
3223-WLXLC,Female,0,Yes,No,9,Yes,Yes,DSL,No,Yes,No,Yes,Yes,No,Month-to-month,No,Credit card (automatic),95.37,899.77,No
6236-RSOHH,Male,1,Yes,Yes,39,Yes,No,Fiber optic,Yes,Yes,No,No,Yes,Yes,One year,No,Electronic check,108.09,4129.74,No
3580-SYQUN,Female,0,Yes,No,27,Yes,No,No,No internet service,No internet service,No internet service,No internet service,No internet service,No internet service,Month-to-month,Yes,Credit card (automatic),27.52,767.2,No
2988-ZUGMJ,Female,0,Yes,No,2,Yes,Yes,DSL,No,Yes,No,No,Yes,No,Month-to-month,Yes,Electronic check,87.57,182.29,Yes
7044-MZDWB,Female,0,Yes,No,62,Yes,Yes,DSL,No,No,No,No,No,No,Two year,No,Credit card (automatic),65.13,3987.89,No
7523-ZSNTV,Female,0,Yes,Yes,18,Yes,No,Fiber optic,No,No,Yes,Yes,No,Yes,One year,Yes,Electronic check,92.93,1590.85,No
2208-DIBMN,Female,1,Yes,No,2,Yes,Yes,DSL,Yes,No,Yes,No,Yes,Yes,Month-to-month,Yes,Credit card (automatic),106.97,210.18,No
3102-WUQEZ,Male,0,Yes,Yes,64,Yes,No,Fiber optic,No,No,Yes,No,No,No,Two year,Yes,Credit card (automatic),79.7,5285.03,No
8088-NWVNH,Male,0,Yes,No,68,Yes,Yes,No,No internet service,No internet service,No internet service,No internet service,No internet service,No internet service,One year,Yes,Credit card (automatic),47.44,3345.06,No
3653-ISIYX,Female,0,No,No,61,Yes,No,Fiber optic,No,No,No,No,Yes,No,Two year,Yes,Electronic check,80.69,5128.14,No
2292-GQODH,Female,0,Yes,No,3,Yes,Yes,No,No internet service,No internet service,No internet service,No internet service,No internet service,No internet service,Two year,Yes,Bank transfer (automatic),41.9,129.64,No
9740-CQPPE,Female,1,No,No,59,No,No phone service,DSL,No,Yes,No,No,No,Yes,Two year,Yes,Credit card (automatic),62.39,3559.97,No
6531-VOVAB,Female,0,No,Yes,4,Yes,Yes,DSL,No,Yes,No,No,No,Yes,Month-to-month,Yes,Bank transfer (automatic),91.89,366.52,No
5336-QTKQM,Female,0,No,No,33,Yes,Yes,Fiber optic,No,No,Yes,No,Yes,Yes,Month-to-month,No,Mailed check,117.11,3839.54,No
9938-HYMUR,Male,0,No,No,20,Yes,Yes,No,No internet service,No internet service,No internet service,No internet service,No internet service,No internet service,Month-to-month,Yes,Credit card (automatic),34.82,696.4,No
5873-LREKM,Female,1,No,No,4,No,No phone service,No,No internet service,No internet service,No internet service,No internet service,No internet service,No internet service,Month-to-month,Yes,Electronic check,28.23,113.94,No
6573-PISTW,Female,0,No,No,62,Yes,No,DSL,Yes,No,No,No,No,Yes,One year,No,Credit card (automatic),78.6,4811.83,No
7532-DJOIM,Female,0,Yes,No,24,Yes,Yes,Fiber optic,No,Yes,No,No,No,No,One year,Yes,Electronic check,91.05,2224.63,No
5382-LDBYW,Female,0,Yes,No,17,Yes,No,DSL,No,No,No,Yes,No,Yes,Two year,Yes,Mailed check,67.54,1094.49,No
7850-GWEIP,Female,0,No,No,6,Yes,Yes,Fiber optic,Yes,Yes,No,Yes,Yes,Yes,Month-to-month,Yes,Mailed check,118.75,728.65,Yes
6123-EEZMW,Male,0,No,No,26,Yes,No,Fiber optic,No,No,No,No,Yes,Yes,Month-to-month,No,Electronic check,96.39,2514.56,Yes
9148-AYNZF,Male,0,No,No,25,Yes,No,No,No internet service,No internet service,No internet service,No internet service,No internet service,No internet service,Month-to-month,Yes,Electronic check,31.69,764.91,No
6781-BHPVR,Male,0,No,No,11,No,No phone service,Fiber optic,Yes,Yes,No,Yes,Yes,No,Month-to-month,Yes,Mailed check,100.41,1114.0,Yes
5681-NWLWS,Female,0,No,No,61,Yes,Yes,No,No internet service,No internet service,No internet service,No internet service,No internet service,No internet service,Two year,Yes,Electronic check,31.93,1862.85,No
7606-JKOFO,Male,0,No,Yes,5,Yes,No,No,No internet service,No internet service,No internet service,No internet service,No internet service,No internet service,One year,No,Electronic check,32.56,165.28,No
2204-KLOVQ,Male,0,No,No,70,Yes,No,Fiber optic,No,Yes,Yes,No,Yes,No,Two year,No,Credit card (automatic),93.12,6559.65,No
2946-DCJZO,Female,0,No,Yes,51,Yes,No,Fiber optic,Yes,No,No,No,Yes,No,Two year,Yes,Bank transfer (automatic),92.37,4940.68,No
6990-TFNNB,Male,1,No,No,37,Yes,No,Fiber optic,No,Yes,No,No,Yes,Yes,One year,Yes,Mailed check,105.22,3762.1,No
3245-SUNDX,Female,1,No,No,67,Yes,No,Fiber optic,No,No,No,No,Yes,No,Two year,No,Electronic check,77.4,5389.17,No
3290-IPEZT,Male,0,No,No,15,Yes,Yes,Fiber optic,No,No,Yes,Yes,No,No,Month-to-month,No,Bank transfer (automatic),102.99,1533.53,No
5902-PNNMO,Male,0,No,No,16,Yes,No,DSL,No,No,No,Yes,No,Yes,Month-to-month,No,Mailed check,73.94,1136.24,No
8780-VJRZP,Female,0,Yes,Yes,61,Yes,No,Fiber optic,No,No,Yes,Yes,Yes,Yes,One year,Yes,Bank transfer (automatic),106.68,6680.98,No
1436-PGRZP,Male,0,Yes,Yes,46,Yes,Yes,Fiber optic,Yes,Yes,No,Yes,No,Yes,Two year,Yes,Mailed check,118.75,5722.76,No
4728-SPEQQ,Male,0,No,No,2,Yes,Yes,DSL,Yes,No,No,No,Yes,Yes,Month-to-month,No,Electronic check,96.92,199.19,No
7229-DRAYC,Female,0,No,No,70,Yes,No,Fiber optic,No,Yes,Yes,No,Yes,Yes,Two year,Yes,Bank transfer (automatic),116.28,8244.1,No
1310-LKKFN,Female,0,Yes,No,19,Yes,No,Fiber optic,No,Yes,No,No,No,No,Month-to-month,Yes,Bank transfer (automatic),75.6,1376.13,Yes
8726-WTBDF,Male,1,Yes,Yes,28,Yes,No,Fiber optic,Yes,Yes,No,Yes,No,Yes,Month-to-month,Yes,Electronic check,100.98,2804.04,Yes
6325-ZMJYL,Female,0,No,No,68,No,No phone service,Fiber optic,Yes,Yes,No,Yes,No,Yes,Two year,No,Bank transfer (automatic),93.03,6048.09,No
9734-IJUSQ,Male,0,No,No,6,Yes,No,No,No internet service,No internet service,No internet service,No internet service,No internet service,No internet service,Month-to-month,No,Mailed check,27.33,161.87,No
5331-PEGOF,Male,0,No,No,22,Yes,No,Fiber optic,No,Yes,No,Yes,No,No,One year,Yes,Credit card (automatic),83.24,1833.58,No
5876-USRMM,Female,0,No,No,65,No,No phone service,Fiber optic,No,Yes,Yes,Yes,Yes,No,One year,No,Mailed check,91.47,6056.38,No
5480-HOOXK,Female,0,Yes,No,22,Yes,No,DSL,No,Yes,No,No,Yes,No,Month-to-month,Yes,Electronic check,69.41,1494.09,No
6654-YUHHS,Female,0,Yes,Yes,70,Yes,No,Fiber optic,Yes,No,Yes,No,No,Yes,Two year,Yes,Mailed check,100.03,7298.64,No
6674-YRTFV,Female,0,Yes,Yes,44,No,No phone service,Fiber optic,No,Yes,No,No,Yes,No,Two year,Yes,Bank transfer (automatic),81.57,3588.49,No
5442-YSDQP,Female,0,No,No,67,Yes,No,Fiber optic,No,Yes,No,Yes,No,Yes,One year,No,Electronic check,91.95,6141.2,No
4972-BXFGC,Female,1,Yes,Yes,66,Yes,Yes,Fiber optic,Yes,No,Yes,No,Yes,Yes,One year,No,Electronic check,118.75,7541.45,No
6411-SCUAO,Male,0,No,No,11,Yes,Yes,Fiber optic,No,No,Yes,Yes,No,No,Month-to-month,No,Bank transfer (automatic),98.92,1100.69,Yes
3587-KYWMF,Female,0,No,No,12,Yes,No,Fiber optic,No,Yes,No,No,No,No,Month-to-month,Yes,Mailed check,75.94,898.82,Yes
5706-IQXCO,Male,0,No,No,72,Yes,No,DSL,Yes,No,No,Yes,No,No,One year,Yes,Electronic check,71.82,5395.61,No
9767-TWAXK,Male,0,No,No,72,Yes,No,DSL,Yes,No,Yes,No,No,No,One year,No,Electronic check,60.22,4502.47,No
3880-YAVUE,Male,0,Yes,Yes,11,Yes,Yes,No,No internet service,No internet service,No internet service,No internet service,No internet service,No internet service,Month-to-month,No,Mailed check,37.2,405.72,No
5742-WAOCZ,Male,0,No,Yes,39,No,No phone service,DSL,No,No,No,Yes,Yes,No,Two year,No,Electronic check,62.2,2498.74,No
5662-LQNXD,Female,1,Yes,No,1,Yes,No,Fiber optic,Yes,No,No,No,No,No,Month-to-month,Yes,Bank transfer (automatic),84.74,84.92,Yes
9261-MFCEL,Female,1,Yes,No,57,Yes,No,Fiber optic,No,No,Yes,No,No,Yes,One year,No,Mailed check,91.2,5189.22,No
5215-SAIHR,Female,0,Yes,Yes,16,Yes,Yes,No,No internet service,No internet service,No internet service,No internet service,No internet service,No internet service,Month-to-month,Yes,Mailed check,33.84,552.54,No
4164-EWXVN,Male,1,Yes,Yes,31,Yes,Yes,Fiber optic,Yes,No,No,No,Yes,Yes,One year,Yes,Electronic check,117.93,3766.0,No
2421-KCZMY,Male,0,No,No,20,Yes,No,DSL,No,No,No,No,No,No,Month-to-month,Yes,Mailed check,52.74,1069.1,No
1111-GGTYH,Male,0,No,Yes,14,Yes,Yes,Fiber optic,Yes,No,No,No,Yes,No,One year,No,Electronic check,103.49,1499.46,No
1187-GJGRM,Male,0,Yes,No,1,Yes,No,Fiber optic,Yes,No,No,Yes,Yes,Yes,Month-to-month,No,Mailed check,106.63,103.2,No
3616-KNXSI,Female,1,Yes,Yes,7,Yes,No,DSL,Yes,Yes,No,Yes,Yes,No,Month-to-month,No,Electronic check,81.68,565.26,No
2923-QYJFY,Female,0,No,No,6,Yes,No,Fiber optic,No,No,Yes,Yes,Yes,Yes,Month-to-month,No,Bank transfer (automatic),105.34,622.91,Yes
8834-DTPKO,Female,0,No,No,12,Yes,No,No,No internet service,No internet service,No internet service,No internet service,No internet service,No internet service,One year,Yes,Bank transfer (automatic),30.01,370.85,No
8714-TUVTR,Male,0,Yes,Yes,50,Yes,No,DSL,Yes,No,Yes,No,No,No,One year,No,Mailed check,63.24,3126.74,No
2341-NNJXC,Female,0,No,No,20,Yes,No,Fiber optic,No,Yes,No,Yes,No,No,One year,Yes,Credit card (automatic),88.17,1713.22,No
9972-XFNEW,Female,0,No,No,19,Yes,No,No,No internet service,No internet service,No internet service,No internet service,No internet service,No internet service,Month-to-month,No,Electronic check,26.59,526.84,No
8239-DFPCN,Female,1,No,Yes,3,No,No phone service,No,No internet service,No internet service,No internet service,No internet service,No internet service,No internet service,Month-to-month,Yes,Electronic check,22.99,67.58,No
1911-LNLBM,Female,0,Yes,Yes,27,Yes,Yes,Fiber optic,No,Yes,No,No,No,No,One year,Yes,Credit card (automatic),94.27,2646.81,No
6049-SKVTP,Male,0,No,No,41,Yes,No,DSL,No,No,No,No,Yes,Yes,One year,No,Mailed check,77.42,3232.21,No
1742-LSOBX,Male,0,No,No,9,Yes,Yes,Fiber optic,No,No,No,Yes,Yes,Yes,Month-to-month,Yes,Electronic check,117.79,1076.24,No
8734-AKTTZ,Male,0,No,No,72,Yes,No,DSL,No,No,Yes,No,No,No,One year,No,Electronic check,59.61,4207.13,No
7887-JXLXJ,Female,0,No,No,65,Yes,Yes,Fiber optic,No,Yes,Yes,No,Yes,Yes,Two year,Yes,Electronic check,118.75,8015.88,No
2314-RROQJ,Male,0,No,No,11,Yes,No,Fiber optic,No,No,Yes,Yes,No,No,Month-to-month,Yes,Bank transfer (automatic),85.0,961.59,No
3924-ZKDZV,Male,0,Yes,No,4,Yes,No,DSL,Yes,Yes,Yes,No,Yes,No,Month-to-month,Yes,Mailed check,84.73,326.44,No
1372-ZMSLJ,Male,0,No,No,18,Yes,No,Fiber optic,No,Yes,No,No,No,No,Month-to-month,No,Mailed check,73.14,1372.79,No
4762-GJHYS,Male,0,No,No,67,Yes,Yes,Fiber optic,Yes,Yes,No,No,Yes,Yes,One year,Yes,Electronic check,118.75,7877.58,No
2848-ARPYX,Female,0,No,No,4,Yes,No,DSL,Yes,No,Yes,Yes,Yes,No,Month-to-month,Yes,Bank transfer (automatic),83.6,344.72,No
4943-FCAPS,Female,0,Yes,Yes,58,Yes,No,Fiber optic,Yes,Yes,No,Yes,Yes,No,One year,Yes,Electronic check,106.37,5997.19,No
1797-GBLOT,Male,0,Yes,Yes,61,No,No phone service,Fiber optic,No,Yes,No,No,No,Yes,Two year,Yes,Electronic check,85.46,4991.21,No
1924-DZGXO,Male,1,No,No,64,Yes,Yes,Fiber optic,Yes,No,No,Yes,No,No,Two year,Yes,Mailed check,103.94,6880.66,No
6253-GWZNK,Male,0,No,No,63,Yes,Yes,DSL,No,Yes,No,No,Yes,Yes,Two year,Yes,Credit card (automatic),96.95,6251.26,No
5508-BYWXQ,Male,0,Yes,Yes,71,Yes,Yes,No,No internet service,No internet service,No internet service,No internet service,No internet service,No internet service,Two year,Yes,Mailed check,46.07,3135.13,No
7999-OBIQJ,Male,0,No,Yes,42,Yes,Yes,Fiber optic,No,Yes,Yes,Yes,Yes,Yes,Two year,No,Electronic check,118.75,4794.21,No
9592-IKDJT,Male,0,Yes,No,1,Yes,No,No,No internet service,No internet service,No internet service,No internet service,No internet service,No internet service,Month-to-month,Yes,Credit card (automatic),33.31,33.23,Yes
8758-GFWDM,Male,1,No,No,17,Yes,No,DSL,No,Yes,No,No,No,No,One year,Yes,Bank transfer (automatic),62.99,1063.47,No
1944-OZODG,Female,0,No,No,53,Yes,Yes,DSL,Yes,No,No,Yes,No,Yes,Two year,Yes,Electronic check,93.05,4892.45,No
4331-ICLJN,Female,0,Yes,Yes,12,Yes,No,Fiber optic,No,No,Yes,No,Yes,Yes,One year,Yes,Bank transfer (automatic),102.73,1286.0,No
4120-BJPBB,Male,0,No,No,65,Yes,Yes,Fiber optic,Yes,No,Yes,Yes,No,Yes,Month-to-month,Yes,Electronic check,118.56,7660.47,No
4555-MWIYA,Male,0,No,No,6,Yes,Yes,Fiber optic,No,Yes,Yes,No,No,Yes,Month-to-month,Yes,Mailed check,103.99,610.28,No
4113-ZDZMG,Female,0,Yes,Yes,10,Yes,Yes,Fiber optic,Yes,No,No,No,No,No,Month-to-month,No,Credit card (automatic),92.39,932.87,Yes
4350-KGIHM,Male,0,No,No,66,No,No phone service,Fiber optic,Yes,Yes,No,Yes,No,Yes,Two year,No,Electronic check,95.76,6569.91,No
6886-IJWMU,Female,0,Yes,Yes,12,Yes,Yes,Fiber optic,Yes,No,No,No,Yes,No,Month-to-month,No,Credit card (automatic),106.56,1311.87,No
8692-TIFIB,Female,0,No,No,66,No,No phone service,No,No internet service,No internet service,No internet service,No internet service,No internet service,No internet service,Two year,No,Mailed check,22.65,1568.2,No
4625-TAOPS,Male,0,Yes,Yes,30,Yes,Yes,DSL,Yes,Yes,No,No,No,No,Month-to-month,Yes,Electronic check,88.03,2601.92,Yes
5836-DIJVM,Male,1,Yes,No,24,Yes,Yes,No,No internet service,No internet service,No internet service,No internet service,No internet service,No internet service,Two year,Yes,Electronic check,44.81,1035.73,No
6530-GVZQM,Female,0,Yes,No,16,Yes,No,No,No internet service,No internet service,No internet service,No internet service,No internet service,No internet service,One year,Yes,Credit card (automatic),24.59,411.04,No
3756-TJDOE,Male,0,Yes,No,58,Yes,Yes,DSL,No,No,No,No,No,No,Two year,Yes,Mailed check,58.44,3504.88,No
9882-ZYNVB,Female,0,No,No,62,Yes,Yes,Fiber optic,No,No,Yes,No,No,Yes,One year,Yes,Electronic check,101.5,6228.89,No
1794-TKVGS,Female,0,Yes,Yes,55,Yes,No,DSL,Yes,No,No,No,No,No,Month-to-month,No,Electronic check,59.16,3194.35,No
1149-FLBQY,Female,0,Yes,No,58,No,No phone service,No,No internet service,No internet service,No internet service,No internet service,No internet service,No internet service,Two year,No,Mailed check,20.79,1230.39,No
8916-RANKA,Male,0,No,Yes,60,Yes,No,Fiber optic,No,No,No,No,Yes,Yes,One year,Yes,Bank transfer (automatic),94.88,5640.46,No
5501-NHNSL,Female,0,No,No,66,Yes,No,DSL,No,No,No,No,No,Yes,One year,No,Electronic check,62.93,4051.5,No
3937-CCDEN,Male,0,No,No,65,Yes,Yes,Fiber optic,Yes,No,Yes,No,Yes,No,Two year,No,Electronic check,107.27,6635.73,No
6807-GKJKO,Female,0,No,No,11,Yes,Yes,Fiber optic,No,No,Yes,No,No,Yes,Month-to-month,No,Mailed check,103.2,1149.26,Yes
4700-HVCZQ,Female,1,No,No,10,Yes,Yes,Fiber optic,Yes,No,No,No,Yes,No,One year,No,Credit card (automatic),99.32,1014.84,No
1519-CJOBA,Male,0,Yes,No,6,Yes,No,DSL,Yes,Yes,No,No,Yes,No,Month-to-month,No,Credit card (automatic),77.92,487.07,No
3807-CVQIZ,Female,0,Yes,No,17,No,No phone service,Fiber optic,No,No,Yes,No,No,No,Month-to-month,Yes,Bank transfer (automatic),74.97,1235.57,No
2562-XXFXR,Female,0,No,No,19,Yes,No,No,No internet service,No internet service,No internet service,No internet service,No internet service,No internet service,Two year,Yes,Credit card (automatic),31.49,615.44,No
8790-HYRHO,Male,0,Yes,No,67,No,No phone service,No,No internet service,No internet service,No internet service,No internet service,No internet service,No internet service,Two year,Yes,Electronic check,25.16,1607.98,No
1539-EWAFD,Male,0,Yes,Yes,17,Yes,Yes,Fiber optic,No,Yes,No,No,No,Yes,One year,No,Credit card (automatic),103.49,1707.04,No
7525-YHOOW,Male,0,Yes,No,1,Yes,No,No,No internet service,No internet service,No internet service,No internet service,No internet service,No internet service,Month-to-month,Yes,Electronic check,29.49,30.75,Yes
9856-ITDZS,Male,0,Yes,Yes,66,Yes,Yes,No,No internet service,No internet service,No internet service,No internet service,No internet service,No internet service,Two year,No,Mailed check,43.9,2830.28,No
9204-TICGB,Male,0,No,No,14,Yes,No,DSL,Yes,No,No,No,Yes,No,One year,Yes,Electronic check,71.16,1004.6,No
7499-ZIQUL,Female,0,No,No,46,Yes,Yes,Fiber optic,No,Yes,Yes,No,No,No,One year,No,Mailed check,104.41,4843.0,No
4737-JYLRR,Male,0,No,Yes,12,Yes,Yes,DSL,Yes,No,No,No,Yes,Yes,Month-to-month,No,Credit card (automatic),96.69,1141.62,Yes
2404-UHGBG,Male,0,No,No,18,Yes,No,Fiber optic,Yes,Yes,Yes,No,Yes,Yes,Month-to-month,Yes,Electronic check,115.44,2079.63,Yes
7225-SQTIC,Female,0,Yes,Yes,68,Yes,Yes,No,No internet service,No internet service,No internet service,No internet service,No internet service,No internet service,One year,No,Bank transfer (automatic),43.2,2887.19,No
1085-YLTCC,Male,0,Yes,No,4,Yes,Yes,No,No internet service,No internet service,No internet service,No internet service,No internet service,No internet service,One year,Yes,Bank transfer (automatic),43.89,177.0,No
8061-LOKAJ,Female,0,No,No,34,Yes,No,No,No internet service,No internet service,No internet service,No internet service,No internet service,No internet service,Two year,Yes,Mailed check,28.02,923.09,No
2524-PUWAK,Male,0,Yes,No,59,Yes,No,DSL,No,Yes,No,No,No,Yes,One year,Yes,Electronic check,70.6,4359.27,No
2387-SOZGN,Male,0,Yes,Yes,1,Yes,No,No,No internet service,No internet service,No internet service,No internet service,No internet service,No internet service,One year,Yes,Credit card (automatic),30.13,30.21,No
7237-EGGDE,Female,0,No,Yes,3,No,No phone service,No,No internet service,No internet service,No internet service,No internet service,No internet service,No internet service,Month-to-month,Yes,Bank transfer (automatic),20.9,62.22,No
5521-KMBGG,Female,0,No,No,11,Yes,Yes,Fiber optic,No,No,No,Yes,Yes,Yes,Month-to-month,Yes,Bank transfer (automatic),115.4,1226.64,Yes
9123-PFCHY,Female,0,Yes,Yes,16,Yes,No,Fiber optic,Yes,Yes,No,No,No,Yes,One year,Yes,Credit card (automatic),97.82,1575.86,No
6443-VJWLL,Female,0,No,No,57,Yes,Yes,No,No internet service,No internet service,No internet service,No internet service,No internet service,No internet service,Two year,Yes,Mailed check,44.56,2445.86,No
3230-HPSME,Female,0,No,No,65,No,No phone service,No,No internet service,No internet service,No internet service,No internet service,No internet service,No internet service,One year,Yes,Bank transfer (automatic),19.16,1270.47,No
7524-ZHSMO,Male,0,Yes,Yes,27,Yes,Yes,DSL,No,No,No,Yes,Yes,No,Month-to-month,No,Bank transfer (automatic),83.17,2275.75,Yes
4971-IHUJY,Male,0,No,No,32,Yes,Yes,DSL,Yes,Yes,No,No,Yes,No,Month-to-month,Yes,Mailed check,94.09,3025.3,No
4273-POROY,Female,0,Yes,Yes,3,Yes,No,No,No internet service,No internet service,No internet service,No internet service,No internet service,No internet service,Month-to-month,Yes,Credit card (automatic),33.88,100.61,No
8563-YFUVB,Female,0,No,No,41,Yes,No,DSL,No,No,No,No,Yes,Yes,Two year,Yes,Credit card (automatic),71.97,2938.74,No
7703-RDHGE,Female,0,No,No,59,Yes,No,DSL,No,No,Yes,No,Yes,Yes,One year,No,Mailed check,80.2,4744.82,No
7932-UBZMK,Male,0,No,Yes,11,Yes,No,DSL,Yes,Yes,Yes,Yes,Yes,Yes,Two year,No,Electronic check,95.9,1025.55,No
9300-YWKAZ,Male,1,Yes,No,1,Yes,Yes,Fiber optic,Yes,Yes,No,No,Yes,Yes,Month-to-month,Yes,Mailed check,117.64,115.39,No
9796-PXCGR,Female,0,Yes,Yes,70,Yes,No,Fiber optic,No,Yes,No,No,No,Yes,Two year,No,Electronic check,88.49,6412.11,No
3725-QBZRK,Male,0,Yes,Yes,20,Yes,No,No,No internet service,No internet service,No internet service,No internet service,No internet service,No internet service,Month-to-month,Yes,Mailed check,21.66,414.47,No
6432-ZLAGN,Female,0,No,No,52,Yes,No,Fiber optic,Yes,No,No,Yes,Yes,No,One year,Yes,Electronic check,99.05,5303.03,No
9499-ORFJM,Female,0,Yes,Yes,11,Yes,Yes,Fiber optic,No,Yes,No,Yes,Yes,Yes,Month-to-month,Yes,Credit card (automatic),118.75,1290.11,No
9199-DZMHX,Male,0,Yes,No,44,Yes,No,No,No internet service,No internet service,No internet service,No internet service,No internet service,No internet service,Month-to-month,No,Electronic check,25.25,1099.87,No
2406-DYDIL,Female,0,Yes,No,33,Yes,No,No,No internet service,No internet service,No internet service,No internet service,No internet service,No internet service,One year,Yes,Bank transfer (automatic),26.14,851.81,No
4389-NJCSL,Female,0,Yes,Yes,20,Yes,Yes,No,No internet service,No internet service,No internet service,No internet service,No internet service,No internet service,Month-to-month,Yes,Electronic check,38.54,778.51,No
2100-HVCWQ,Male,0,Yes,No,72,Yes,Yes,Fiber optic,Yes,Yes,No,Yes,No,Yes,Two year,Yes,Bank transfer (automatic),118.75,8514.32,No
3692-YTNOI,Female,0,No,No,71,Yes,Yes,Fiber optic,No,No,No,No,No,Yes,One year,No,Mailed check,97.21,6856.87,No
7985-YGKEQ,Female,0,Yes,Yes,65,Yes,No,DSL,Yes,No,No,Yes,Yes,Yes,Two year,No,Mailed check,82.27,5144.5,No
8080-KTWLL,Female,0,Yes,Yes,5,Yes,Yes,DSL,No,No,Yes,No,Yes,No,Month-to-month,No,Mailed check,81.37,424.85,No
1072-SFTVB,Male,0,No,No,63,Yes,No,No,No internet service,No internet service,No internet service,No internet service,No internet service,No internet service,Month-to-month,Yes,Bank transfer (automatic),27.1,1756.1,No
2667-UNJFC,Female,0,No,Yes,69,Yes,No,Fiber optic,No,No,No,No,Yes,Yes,Two year,No,Mailed check,91.21,6281.38,No
9019-NQPPP,Male,0,Yes,No,6,Yes,No,Fiber optic,No,No,Yes,No,Yes,No,Two year,Yes,Bank transfer (automatic),95.18,551.59,No
6700-JLERU,Male,0,Yes,No,70,Yes,No,No,No internet service,No internet service,No internet service,No internet service,No internet service,No internet service,Two year,Yes,Electronic check,29.45,2151.08,No
2388-RIGDJ,Female,0,No,Yes,64,Yes,No,Fiber optic,Yes,No,Yes,No,Yes,Yes,Month-to-month,No,Credit card (automatic),104.04,6444.07,No
3316-NKDJE,Male,0,Yes,Yes,65,Yes,No,Fiber optic,Yes,No,Yes,No,Yes,Yes,One year,Yes,Mailed check,104.77,6574.57,No
9804-SQZOM,Male,0,No,No,1,Yes,No,DSL,No,No,No,Yes,No,No,Month-to-month,Yes,Bank transfer (automatic),68.03,65.88,No
3298-EVQWY,Female,1,Yes,No,61,Yes,No,Fiber optic,Yes,No,No,Yes,Yes,No,Two year,No,Bank transfer (automatic),103.32,6045.31,No
8939-DVZNM,Female,1,Yes,Yes,44,Yes,No,Fiber optic,No,No,Yes,Yes,Yes,Yes,Two year,No,Bank transfer (automatic),103.3,4392.95,No
9056-KVMCA,Female,0,Yes,No,25,Yes,Yes,DSL,No,No,No,No,No,Yes,Month-to-month,Yes,Mailed check,76.17,1931.53,No
4613-HHNEL,Female,0,No,No,25,Yes,Yes,DSL,No,Yes,No,No,No,No,Month-to-month,No,Electronic check,73.82,1792.02,Yes
9115-OCCUV,Male,0,No,No,14,Yes,No,DSL,No,No,Yes,Yes,Yes,No,Two year,Yes,Mailed check,73.16,1018.61,No
7010-OTTLF,Male,0,Yes,No,72,Yes,No,DSL,Yes,No,No,Yes,Yes,Yes,Two year,Yes,Credit card (automatic),85.32,6172.3,No
7965-CVTHZ,Male,0,No,No,5,Yes,No,No,No internet service,No internet service,No internet service,No internet service,No internet service,No internet service,One year,Yes,Credit card (automatic),28.34,144.34,No
8368-GWCWD,Female,0,Yes,No,29,Yes,No,Fiber optic,Yes,No,Yes,No,Yes,No,Month-to-month,No,Electronic check,96.92,2718.99,Yes
4882-FTRWP,Female,1,Yes,No,68,Yes,Yes,Fiber optic,No,Yes,Yes,Yes,Yes,Yes,Month-to-month,Yes,Bank transfer (automatic),118.75,8089.69,No
8015-EDFFB,Female,0,No,No,6,Yes,Yes,Fiber optic,No,No,Yes,No,Yes,No,Two year,Yes,Credit card (automatic),103.64,650.71,No
6747-NPEZH,Female,0,Yes,No,70,Yes,No,Fiber optic,No,Yes,No,No,Yes,Yes,One year,No,Mailed check,104.24,7258.32,No
5380-YNXVD,Male,0,No,No,71,Yes,No,No,No internet service,No internet service,No internet service,No internet service,No internet service,No internet service,One year,Yes,Bank transfer (automatic),34.9,2508.08,No
7743-XZWDW,Male,0,No,No,48,Yes,No,Fiber optic,Yes,Yes,Yes,No,No,No,Month-to-month,No,Bank transfer (automatic),92.69,4664.8,No
5090-DIGVK,Male,0,No,No,2,Yes,Yes,DSL,No,Yes,No,No,No,No,Month-to-month,Yes,Credit card (automatic),69.85,138.95,No
3329-PGKLQ,Female,0,No,No,2,Yes,Yes,Fiber optic,No,No,Yes,No,Yes,No,Month-to-month,No,Mailed check,104.48,208.31,Yes
2525-KTSWL,Male,0,Yes,Yes,12,No,No phone service,Fiber optic,Yes,No,No,No,Yes,Yes,One year,Yes,Bank transfer (automatic),100.51,1235.19,No
8996-IAUTT,Female,0,Yes,Yes,28,Yes,Yes,Fiber optic,Yes,Yes,Yes,No,Yes,Yes,One year,No,Electronic check,118.75,3278.65,Yes
8511-QSWUK,Male,0,Yes,Yes,70,Yes,Yes,DSL,Yes,Yes,Yes,No,Yes,No,One year,Yes,Bank transfer (automatic),101.7,6887.92,No
8039-VMIHO,Male,1,Yes,No,7,Yes,Yes,Fiber optic,No,No,No,Yes,No,Yes,Month-to-month,No,Mailed check,103.51,696.01,No
3139-OMIRB,Male,0,No,No,71,Yes,No,Fiber optic,Yes,Yes,Yes,No,No,No,One year,No,Electronic check,96.02,6984.06,No
2631-QVAYE,Female,0,Yes,No,6,No,No phone service,Fiber optic,No,Yes,No,Yes,No,Yes,One year,Yes,Electronic check,91.19,546.76,No
8479-AYFRD,Female,0,No,No,46,Yes,No,No,No internet service,No internet service,No internet service,No internet service,No internet service,No internet service,Two year,Yes,Bank transfer (automatic),29.64,1339.03,No
5945-EYHRG,Male,0,Yes,Yes,2,Yes,No,Fiber optic,No,Yes,Yes,Yes,No,Yes,Month-to-month,No,Credit card (automatic),103.36,198.86,Yes
7092-RQBQS,Male,0,No,Yes,20,No,No phone service,Fiber optic,No,Yes,No,No,Yes,Yes,One year,No,Credit card (automatic),87.08,1818.02,No
4836-LCCFC,Female,1,No,No,8,Yes,No,Fiber optic,Yes,No,Yes,No,No,Yes,Two year,No,Mailed check,95.91,737.92,No
4705-NLAID,Male,0,No,No,3,Yes,No,Fiber optic,Yes,No,Yes,Yes,No,Yes,Month-to-month,No,Electronic check,99.95,314.46,Yes
7919-SMFCU,Female,0,Yes,No,37,Yes,No,Fiber optic,Yes,No,No,No,Yes,Yes,Two year,Yes,Credit card (automatic),100.45,3758.04,No
2690-IWDUT,Female,0,No,No,60,Yes,No,Fiber optic,Yes,No,No,No,No,Yes,Two year,No,Mailed check,93.81,5812.22,No
3181-QRBOP,Male,0,Yes,Yes,25,Yes,No,No,No internet service,No internet service,No internet service,No internet service,No internet service,No internet service,One year,Yes,Mailed check,31.76,785.45,No
3688-LSQDK,Male,0,Yes,No,57,Yes,No,No,No internet service,No internet service,No internet service,No internet service,No internet service,No internet service,One year,Yes,Bank transfer (automatic),24.94,1379.4,No
8248-WCCTP,Female,0,Yes,Yes,24,Yes,No,DSL,Yes,No,Yes,No,No,No,Month-to-month,Yes,Mailed check,68.68,1593.64,No
7291-JLUGQ,Male,0,No,Yes,12,Yes,No,DSL,Yes,No,No,No,No,Yes,Month-to-month,No,Mailed check,68.8,849.8,Yes
5065-OPPUR,Male,0,Yes,No,33,Yes,No,Fiber optic,No,Yes,No,Yes,Yes,No,Month-to-month,Yes,Electronic check,98.19,3190.7,No
5942-FPEKQ,Female,1,No,Yes,63,Yes,Yes,Fiber optic,Yes,No,No,No,No,No,One year,No,Mailed check,90.79,5609.61,No
4921-MCMPN,Female,0,No,No,7,No,No phone service,Fiber optic,No,Yes,Yes,No,Yes,No,Month-to-month,No,Bank transfer (automatic),91.5,643.37,No
1197-ZYDWO,Female,0,Yes,No,51,Yes,No,Fiber optic,Yes,Yes,Yes,No,No,No,One year,No,Electronic check,99.32,5103.15,No
6986-OEMZB,Female,0,No,No,5,Yes,Yes,No,No internet service,No internet service,No internet service,No internet service,No internet service,No internet service,Month-to-month,No,Electronic check,43.08,209.64,No
2106-AFXYK,Male,0,No,No,4,No,No phone service,Fiber optic,Yes,No,No,No,Yes,Yes,Month-to-month,No,Electronic check,92.02,382.27,Yes
5693-QNKSC,Male,0,Yes,No,22,Yes,No,Fiber optic,No,No,No,No,Yes,Yes,One year,No,Credit card (automatic),94.93,2179.07,Yes
9791-NDCCX,Female,0,No,Yes,27,Yes,No,Fiber optic,No,No,No,No,Yes,No,One year,Yes,Credit card (automatic),83.84,2203.41,No
3545-NKQVR,Female,1,Yes,No,3,Yes,No,No,No internet service,No internet service,No internet service,No internet service,No internet service,No internet service,Month-to-month,No,Mailed check,34.62,105.46,Yes
2083-ILYGG,Male,0,No,No,31,Yes,No,DSL,Yes,Yes,Yes,No,No,No,One year,Yes,Bank transfer (automatic),78.05,2394.43,No
8118-DPBRR,Female,0,Yes,Yes,58,Yes,No,DSL,No,Yes,No,Yes,Yes,Yes,One year,No,Electronic check,92.28,5187.32,No
3877-DSSEY,Male,1,Yes,No,3,No,No phone service,Fiber optic,No,No,Yes,No,Yes,Yes,Month-to-month,Yes,Credit card (automatic),91.06,270.79,Yes
9568-NVGJT,Male,0,No,No,17,Yes,No,No,No internet service,No internet service,No internet service,No internet service,No internet service,No internet service,Two year,No,Credit card (automatic),28.46,494.87,No
5403-TDXIL,Male,0,Yes,Yes,31,Yes,No,No,No internet service,No internet service,No internet service,No internet service,No internet service,No internet service,Month-to-month,No,Electronic check,21.19,658.26,No
9582-BSOCL,Male,0,Yes,No,2,Yes,No,Fiber optic,No,Yes,No,Yes,Yes,No,Month-to-month,Yes,Credit card (automatic),100.65,199.8,Yes
6900-BWEEU,Male,0,Yes,No,38,Yes,Yes,DSL,Yes,No,No,Yes,Yes,No,Two year,No,Mailed check,91.84,3456.28,No
2889-FNBWG,Male,0,Yes,No,61,Yes,Yes,Fiber optic,Yes,No,Yes,No,No,No,Month-to-month,Yes,Mailed check,96.37,5845.01,No
8729-JXEYA,Male,0,No,No,65,Yes,No,No,No internet service,No internet service,No internet service,No internet service,No internet service,No internet service,Two year,No,Bank transfer (automatic),27.08,1732.88,No
7870-FGXIV,Female,0,No,No,72,Yes,No,Fiber optic,Yes,Yes,Yes,No,Yes,Yes,One year,Yes,Mailed check,108.26,7451.16,No
7108-DRBFN,Female,1,No,Yes,19,Yes,Yes,Fiber optic,Yes,Yes,No,No,No,No,Two year,Yes,Bank transfer (automatic),104.77,2065.56,No
1752-YBMHV,Female,0,No,No,4,Yes,Yes,Fiber optic,Yes,Yes,Yes,No,No,No,Month-to-month,Yes,Mailed check,108.94,455.63,Yes
6362-CLJHU,Female,0,Yes,No,65,Yes,Yes,No,No internet service,No internet service,No internet service,No internet service,No internet service,No internet service,Two year,No,Electronic check,44.61,2964.0,No
4974-MPMUF,Male,0,Yes,No,5,Yes,No,Fiber optic,No,Yes,No,No,Yes,No,Month-to-month,No,Mailed check,96.07,466.88,Yes
9954-TGAKG,Male,1,No,No,14,Yes,No,Fiber optic,No,Yes,Yes,Yes,Yes,No,Month-to-month,Yes,Electronic check,101.81,1449.35,No
6675-QSAIT,Female,0,No,No,1,Yes,Yes,Fiber optic,No,Yes,No,Yes,No,No,One year,No,Electronic check,98.07,101.71,Yes
7164-WSCNG,Male,1,Yes,No,29,Yes,No,Fiber optic,Yes,No,No,No,Yes,No,One year,No,Bank transfer (automatic),98.72,2920.53,No
9061-YZDHB,Female,0,Yes,No,9,Yes,No,Fiber optic,Yes,No,No,No,Yes,Yes,Month-to-month,No,Mailed check,101.31,935.42,Yes
4792-XNSJZ,Male,0,No,No,8,Yes,Yes,DSL,Yes,Yes,No,Yes,No,No,Month-to-month,No,Mailed check,89.18,700.01,No
2391-PNQKP,Female,0,No,No,1,Yes,Yes,Fiber optic,No,Yes,Yes,No,No,Yes,Month-to-month,No,Electronic check,106.72,109.8,Yes
2020-LZGGI,Male,0,No,No,4,Yes,No,DSL,No,No,No,No,Yes,No,Month-to-month,Yes,Bank transfer (automatic),64.89,251.24,No
7438-STIHB,Female,0,Yes,No,1,Yes,No,No,No internet service,No internet service,No internet service,No internet service,No internet service,No internet service,Month-to-month,Yes,Electronic check,23.09,23.56,Yes
4321-DUCCL,Female,0,No,Yes,48,Yes,No,DSL,Yes,Yes,Yes,Yes,Yes,No,Two year,No,Electronic check,89.53,4180.75,No
6145-KNZFI,Female,0,Yes,Yes,4,Yes,Yes,No,No internet service,No internet service,No internet service,No internet service,No internet service,No internet service,Month-to-month,Yes,Credit card (automatic),45.1,182.39,No
5341-WCUHS,Male,0,Yes,No,2,Yes,Yes,No,No internet service,No internet service,No internet service,No internet service,No internet service,No internet service,Month-to-month,Yes,Electronic check,44.17,87.41,Yes
1660-FWDSZ,Female,0,No,No,38,Yes,Yes,Fiber optic,Yes,Yes,No,Yes,No,Yes,One year,No,Bank transfer (automatic),114.92,4406.54,No
7492-NRGZA,Female,0,Yes,No,46,Yes,No,DSL,No,Yes,No,Yes,Yes,No,Two year,Yes,Electronic check,74.17,3335.08,No
7625-WOOCC,Female,0,Yes,Yes,8,Yes,No,DSL,No,Yes,Yes,Yes,Yes,No,Month-to-month,Yes,Credit card (automatic),88.16,738.21,No
3290-DBUFF,Female,0,No,No,43,Yes,Yes,DSL,Yes,No,Yes,No,Yes,Yes,One year,Yes,Bank transfer (automatic),102.06,4533.49,No
7563-JQQPG,Female,0,No,No,1,Yes,No,DSL,Yes,Yes,No,No,No,No,Month-to-month,No,Electronic check,69.01,70.69,Yes
2228-ABXLD,Male,0,No,No,65,Yes,No,Fiber optic,Yes,No,No,No,Yes,Yes,Two year,Yes,Electronic check,102.39,6695.18,No
6432-DYBYL,Female,0,Yes,Yes,11,Yes,Yes,Fiber optic,No,No,Yes,No,Yes,No,One year,Yes,Bank transfer (automatic),104.57,1186.07,No
7471-MJLJX,Female,0,Yes,No,65,Yes,No,Fiber optic,Yes,No,No,Yes,Yes,Yes,Two year,No,Credit card (automatic),105.06,6967.71,No
5505-HWAQG,Female,0,No,No,30,Yes,Yes,No,No internet service,No internet service,No internet service,No internet service,No internet service,No internet service,One year,No,Bank transfer (automatic),45.57,1343.75,No
5835-MWMCJ,Male,0,No,No,6,No,No phone service,Fiber optic,No,No,No,No,Yes,No,Month-to-month,No,Electronic check,71.24,413.05,Yes
7868-FXNQU,Male,0,No,No,51,Yes,Yes,DSL,No,Yes,No,No,Yes,No,One year,Yes,Bank transfer (automatic),85.62,4346.41,No
1319-ZUJOM,Female,0,Yes,Yes,28,Yes,Yes,DSL,Yes,Yes,No,Yes,No,Yes,Month-to-month,Yes,Electronic check,96.54,2748.26,Yes
9231-IHAPA,Female,0,Yes,Yes,2,Yes,No,Fiber optic,No,No,No,Yes,Yes,No,Two year,Yes,Mailed check,92.45,183.36,No
5602-BZNTZ,Male,0,No,No,34,Yes,Yes,DSL,No,Yes,No,Yes,Yes,Yes,One year,Yes,Electronic check,106.98,3743.89,No
3615-CRGVX,Female,1,No,Yes,1,Yes,No,Fiber optic,Yes,Yes,Yes,No,Yes,No,Month-to-month,Yes,Electronic check,112.96,110.57,No
1916-TYOZK,Male,0,Yes,Yes,6,Yes,No,Fiber optic,No,No,No,No,No,Yes,Month-to-month,No,Credit card (automatic),90.94,539.49,Yes
3846-EPUSX,Male,0,Yes,No,67,Yes,No,Fiber optic,Yes,No,No,Yes,No,No,Two year,Yes,Bank transfer (automatic),95.61,6680.74,No
1462-SJODY,Male,0,No,No,22,Yes,No,DSL,Yes,Yes,No,Yes,Yes,No,One year,No,Electronic check,85.82,1840.09,No
9064-OEABP,Male,0,Yes,No,31,Yes,Yes,No,No internet service,No internet service,No internet service,No internet service,No internet service,No internet service,Month-to-month,No,Electronic check,39.48,1183.05,No
1326-NAXFD,Female,0,Yes,Yes,4,Yes,No,Fiber optic,Yes,No,Yes,Yes,Yes,No,Month-to-month,Yes,Electronic check,106.34,411.11,No
3907-XVIAP,Male,0,Yes,No,23,Yes,No,No,No internet service,No internet service,No internet service,No internet service,No internet service,No internet service,Month-to-month,Yes,Mailed check,31.29,697.3,No
3320-UWWYJ,Female,0,No,No,1,Yes,Yes,DSL,No,Yes,Yes,No,Yes,No,Month-to-month,No,Credit card (automatic),88.03,83.94,Yes
7481-PIIZT,Female,0,Yes,No,67,Yes,No,Fiber optic,Yes,No,Yes,Yes,No,No,One year,No,Bank transfer (automatic),95.72,6367.5,No
8157-UYQEZ,Female,1,No,No,3,Yes,Yes,DSL,Yes,No,No,Yes,Yes,Yes,Month-to-month,Yes,Mailed check,105.62,318.25,No
6846-FPEHR,Female,0,Yes,No,3,Yes,Yes,Fiber optic,No,No,Yes,Yes,Yes,Yes,Month-to-month,No,Electronic check,118.75,363.27,Yes
3086-EASOW,Male,0,No,No,8,Yes,Yes,No,No internet service,No internet service,No internet service,No internet service,No internet service,No internet service,Month-to-month,Yes,Electronic check,40.51,309.83,Yes
1530-EIVPQ,Female,0,Yes,No,61,Yes,No,DSL,Yes,Yes,No,No,No,Yes,Two year,Yes,Electronic check,74.68,4572.69,No
2705-YDTGZ,Female,0,No,Yes,20,Yes,Yes,DSL,Yes,No,No,Yes,No,No,Month-to-month,Yes,Credit card (automatic),83.74,1723.31,No
3750-QZVRS,Male,0,No,No,5,Yes,Yes,DSL,Yes,Yes,Yes,No,No,Yes,One year,Yes,Mailed check,92.93,468.11,No
6500-LGGBG,Female,0,No,Yes,37,Yes,No,DSL,Yes,No,Yes,No,Yes,Yes,One year,No,Credit card (automatic),83.92,3028.75,No
2770-SBLKE,Female,1,No,Yes,64,Yes,No,DSL,No,Yes,No,No,Yes,No,One year,No,Bank transfer (automatic),78.08,5073.11,No
7783-MJOCM,Female,0,No,No,63,No,No phone service,Fiber optic,Yes,No,No,No,No,No,Two year,Yes,Bank transfer (automatic),73.3,4552.55,No
4695-EBVHI,Female,0,No,No,6,Yes,Yes,DSL,No,No,Yes,No,No,Yes,Month-to-month,No,Mailed check,80.98,491.21,No
2715-BEJTO,Female,0,No,No,64,Yes,No,DSL,No,Yes,No,No,Yes,Yes,Two year,No,Mailed check,81.91,5482.62,No
2525-IZXSL,Male,0,No,No,64,Yes,Yes,Fiber optic,No,No,No,No,Yes,Yes,One year,Yes,Electronic check,109.34,6830.24,No
3703-PLBIZ,Female,0,Yes,No,69,Yes,No,Fiber optic,No,Yes,Yes,Yes,Yes,Yes,Month-to-month,No,Credit card (automatic),114.0,8015.69,No
7705-SSSGH,Female,0,No,No,2,Yes,Yes,DSL,No,Yes,Yes,No,Yes,No,Month-to-month,No,Mailed check,91.4,183.82,Yes
4891-CKOMB,Male,0,Yes,Yes,21,Yes,Yes,No,No internet service,No internet service,No internet service,No internet service,No internet service,No internet service,One year,No,Bank transfer (automatic),37.53,779.53,No
1062-LHRPF,Male,0,Yes,Yes,4,Yes,No,Fiber optic,No,Yes,No,No,No,Yes,Month-to-month,No,Electronic check,93.67,356.05,Yes
1421-FQZMD,Male,0,Yes,No,21,Yes,Yes,Fiber optic,Yes,Yes,No,No,Yes,No,Month-to-month,Yes,Electronic check,108.38,2365.98,Yes
7512-MXGQK,Female,0,Yes,No,4,Yes,Yes,No,No internet service,No internet service,No internet service,No internet service,No internet service,No internet service,Month-to-month,No,Electronic check,41.33,171.03,No
7078-XJLGM,Female,0,No,Yes,5,Yes,No,No,No internet service,No internet service,No internet service,No internet service,No internet service,No internet service,Month-to-month,No,Bank transfer (automatic),33.11,172.86,Yes
4706-VODSC,Male,0,No,No,29,Yes,No,DSL,No,Yes,Yes,No,Yes,No,One year,Yes,Bank transfer (automatic),70.94,2088.1,No
6632-VKTFB,Female,0,No,No,69,No,No phone service,DSL,Yes,No,Yes,No,Yes,Yes,Two year,No,Bank transfer (automatic),75.65,5236.55,No
7342-VKNWM,Male,0,No,Yes,48,Yes,Yes,Fiber optic,Yes,No,Yes,No,No,Yes,Month-to-month,Yes,Mailed check,112.33,5204.49,No
4860-MCXSN,Female,1,No,No,45,Yes,Yes,Fiber optic,No,Yes,No,No,No,Yes,Two year,No,Electronic check,103.95,4659.89,No
9467-URQDT,Female,1,No,No,17,Yes,No,DSL,Yes,Yes,No,No,No,Yes,Month-to-month,No,Credit card (automatic),76.98,1297.86,No
3832-YEFFB,Female,0,Yes,Yes,7,Yes,No,DSL,No,No,Yes,Yes,Yes,Yes,Month-to-month,Yes,Electronic check,87.19,595.17,No
2283-ZLZQV,Male,0,No,No,70,Yes,No,Fiber optic,Yes,Yes,Yes,Yes,Yes,No,One year,Yes,Electronic check,109.73,7932.7,No
5225-ISUCO,Male,0,No,Yes,20,Yes,No,No,No internet service,No internet service,No internet service,No internet service,No internet service,No internet service,Month-to-month,Yes,Electronic check,32.57,662.17,No
6343-WNXAS,Male,0,No,No,38,Yes,No,Fiber optic,No,No,No,No,No,No,One year,Yes,Bank transfer (automatic),73.23,2846.63,No
9561-UCDOP,Male,0,No,Yes,19,Yes,Yes,No,No internet service,No internet service,No internet service,No internet service,No internet service,No internet service,Month-to-month,Yes,Credit card (automatic),37.28,722.41,No
2641-YOCHN,Female,0,No,No,67,Yes,No,DSL,No,No,No,No,Yes,Yes,Two year,No,Electronic check,82.76,5324.78,No
6633-WGROM,Female,0,Yes,No,58,Yes,Yes,DSL,No,No,Yes,No,No,No,Two year,Yes,Electronic check,73.53,4371.66,No
3821-HDPSB,Female,0,Yes,Yes,68,Yes,Yes,DSL,Yes,No,No,Yes,Yes,Yes,One year,Yes,Bank transfer (automatic),98.4,6923.39,No
6431-RBMGJ,Female,0,No,No,60,Yes,Yes,No,No internet service,No internet service,No internet service,No internet service,No internet service,No internet service,Two year,Yes,Credit card (automatic),51.77,3096.02,No
6535-VHHMS,Female,0,No,No,34,Yes,Yes,No,No internet service,No internet service,No internet service,No internet service,No internet service,No internet service,Two year,No,Electronic check,39.04,1370.71,No
2609-ZFHTU,Female,0,No,No,65,Yes,Yes,Fiber optic,Yes,No,Yes,Yes,Yes,No,Two year,Yes,Credit card (automatic),118.75,7640.02,No
6257-HKQEF,Female,1,Yes,Yes,10,Yes,No,DSL,No,No,Yes,Yes,Yes,No,Month-to-month,Yes,Bank transfer (automatic),76.05,778.84,No
7671-TTWVN,Female,0,Yes,No,67,Yes,No,Fiber optic,No,Yes,Yes,No,No,No,One year,No,Electronic check,80.28,5475.44,No
3604-BSKUN,Male,0,No,No,60,Yes,No,No,No internet service,No internet service,No internet service,No internet service,No internet service,No internet service,Month-to-month,Yes,Bank transfer (automatic),32.51,2026.4,No
1474-EWFBA,Male,0,Yes,No,14,Yes,No,No,No internet service,No internet service,No internet service,No internet service,No internet service,No internet service,Month-to-month,No,Electronic check,27.97,392.52,Yes
1828-XSHVN,Male,0,No,No,39,Yes,Yes,Fiber optic,Yes,No,Yes,No,Yes,Yes,Month-to-month,No,Credit card (automatic),118.75,4482.3,Yes
3029-RGMLY,Female,0,Yes,Yes,48,Yes,No,Fiber optic,Yes,No,No,No,No,Yes,Two year,No,Mailed check,92.06,4324.34,No
8775-PJEXT,Female,0,Yes,Yes,66,Yes,Yes,Fiber optic,No,No,Yes,Yes,Yes,Yes,Two year,Yes,Electronic check,118.75,7812.59,No
2480-HKEOZ,Male,0,No,No,66,Yes,Yes,Fiber optic,No,Yes,Yes,Yes,Yes,No,One year,Yes,Bank transfer (automatic),118.75,7810.08,No
4626-QRGKA,Female,0,Yes,No,46,Yes,No,Fiber optic,No,No,Yes,No,No,Yes,Month-to-month,No,Electronic check,95.72,4469.88,No
1145-MDEUF,Female,0,No,No,6,No,No phone service,No,No internet service,No internet service,No internet service,No internet service,No internet service,No internet service,Month-to-month,Yes,Mailed check,19.77,112.98,No
6004-SSHXW,Male,0,No,No,8,Yes,No,DSL,No,No,No,No,No,Yes,Month-to-month,No,Credit card (automatic),64.61,516.02,No
8520-GMRVK,Male,0,Yes,No,68,Yes,No,No,No internet service,No internet service,No internet service,No internet service,No internet service,No internet service,Two year,No,Bank transfer (automatic),26.68,1828.52,No
2676-AZZVO,Female,0,No,Yes,1,Yes,No,DSL,No,No,Yes,Yes,Yes,No,Month-to-month,Yes,Electronic check,77.34,78.43,No
5631-HCBZQ,Female,0,No,No,61,No,No phone service,Fiber optic,No,Yes,No,No,Yes,No,Month-to-month,No,Credit card (automatic),80.17,5003.4,No
5536-GSXHD,Female,0,Yes,No,57,Yes,Yes,Fiber optic,Yes,Yes,No,Yes,No,No,Two year,Yes,Credit card (automatic),106.14,6161.2,No
4937-XUUPR,Female,1,Yes,Yes,14,Yes,No,Fiber optic,No,Yes,No,No,Yes,No,Two year,No,Bank transfer (automatic),98.07,1407.29,No
3292-SRZGK,Female,0,Yes,No,16,Yes,No,No,No internet service,No internet service,No internet service,No internet service,No internet service,No internet service,One year,No,Electronic check,31.68,524.82,Yes
7361-TPZVI,Female,1,No,No,65,Yes,No,DSL,Yes,No,No,Yes,No,Yes,One year,Yes,Bank transfer (automatic),72.55,4520.04,No
4643-RQMYJ,Female,0,No,No,66,No,No phone service,Fiber optic,Yes,No,No,Yes,Yes,Yes,Two year,Yes,Bank transfer (automatic),106.41,6982.02,No
5918-VVWEC,Female,0,No,Yes,4,Yes,Yes,Fiber optic,Yes,Yes,No,No,Yes,Yes,Month-to-month,Yes,Bank transfer (automatic),118.0,457.51,No
3096-TSOXY,Male,1,No,No,14,Yes,No,No,No internet service,No internet service,No internet service,No internet service,No internet service,No internet service,Month-to-month,No,Electronic check,31.95,425.25,No
6499-RFFWK,Male,0,No,No,30,Yes,Yes,Fiber optic,Yes,No,No,Yes,No,No,One year,Yes,Credit card (automatic),104.88,3101.92,No
6428-JPMDB,Male,0,No,No,12,Yes,No,DSL,No,No,Yes,Yes,Yes,No,One year,No,Electronic check,76.73,966.5,No
2166-MFDRN,Female,0,No,No,72,Yes,Yes,No,No internet service,No internet service,No internet service,No internet service,No internet service,No internet service,One year,Yes,Mailed check,41.34,2907.03,No
7768-BWDFK,Female,0,Yes,No,8,Yes,No,No,No internet service,No internet service,No internet service,No internet service,No internet service,No internet service,Month-to-month,No,Mailed check,32.69,260.59,Yes
8496-DWECI,Female,1,No,No,44,Yes,Yes,DSL,No,Yes,No,Yes,Yes,Yes,One year,Yes,Credit card (automatic),106.38,4868.82,No
3897-IBLFU,Male,0,No,No,72,Yes,No,No,No internet service,No internet service,No internet service,No internet service,No internet service,No internet service,Month-to-month,No,Electronic check,28.97,2019.09,No
3595-MTCPQ,Male,0,No,No,66,Yes,No,Fiber optic,No,Yes,No,No,Yes,Yes,Month-to-month,No,Bank transfer (automatic),102.34,6517.73,No
7609-LMANS,Male,0,No,No,13,Yes,Yes,No,No internet service,No internet service,No internet service,No internet service,No internet service,No internet service,One year,No,Mailed check,41.14,525.95,No
1230-XTNAA,Male,0,Yes,Yes,15,Yes,Yes,Fiber optic,Yes,Yes,Yes,No,Yes,Yes,Month-to-month,Yes,Bank transfer (automatic),118.75,1807.81,No
5076-FWICN,Female,0,No,No,60,No,No phone service,DSL,No,No,Yes,Yes,No,No,One year,Yes,Electronic check,52.42,3177.62,No
6015-EVHHS,Male,0,Yes,No,35,Yes,Yes,No,No internet service,No internet service,No internet service,No internet service,No internet service,No internet service,Month-to-month,Yes,Bank transfer (automatic),36.25,1241.99,No
9587-IXZIX,Male,0,No,No,12,Yes,Yes,No,No internet service,No internet service,No internet service,No internet service,No internet service,No internet service,One year,Yes,Electronic check,40.34,503.67,No
6885-TEXVA,Female,0,Yes,No,8,Yes,No,DSL,No,No,No,No,No,Yes,Month-to-month,Yes,Mailed check,71.95,552.18,No
4675-SDTPE,Male,1,No,No,22,Yes,No,Fiber optic,No,No,No,No,Yes,Yes,One year,Yes,Mailed check,95.38,2177.59,Yes
7006-SUJQU,Female,0,No,No,14,Yes,Yes,No,No internet service,No internet service,No internet service,No internet service,No internet service,No internet service,Two year,Yes,Credit card (automatic),37.5,507.85,No
1796-PBCVB,Female,0,No,Yes,38,No,No phone service,Fiber optic,No,Yes,Yes,No,Yes,Yes,One year,Yes,Mailed check,95.63,3643.7,No
2897-KJOMD,Male,0,Yes,No,35,Yes,No,No,No internet service,No internet service,No internet service,No internet service,No internet service,No internet service,One year,Yes,Mailed check,34.78,1230.78,No
1152-HRRHP,Female,0,No,No,23,Yes,Yes,Fiber optic,No,Yes,Yes,No,Yes,Yes,Month-to-month,Yes,Bank transfer (automatic),118.75,2850.21,Yes
3247-KXNQH,Female,0,No,No,8,No,No phone service,Fiber optic,No,Yes,No,Yes,No,Yes,Month-to-month,No,Mailed check,88.33,691.67,No
2741-MPUVZ,Female,1,No,No,7,Yes,No,No,No internet service,No internet service,No internet service,No internet service,No internet service,No internet service,Month-to-month,Yes,Credit card (automatic),34.74,253.33,No
6864-SHBMF,Male,0,Yes,No,12,Yes,No,Fiber optic,Yes,Yes,No,Yes,Yes,No,Month-to-month,Yes,Mailed check,100.7,1264.95,Yes
8875-IARXV,Female,1,No,No,68,No,No phone service,Fiber optic,Yes,Yes,No,Yes,Yes,Yes,One year,Yes,Credit card (automatic),101.07,7188.55,No
9095-DCNSC,Male,0,Yes,Yes,61,Yes,No,Fiber optic,No,Yes,No,No,No,No,One year,No,Bank transfer (automatic),85.08,5197.18,No
5192-QLZGB,Male,0,No,No,4,No,No phone service,Fiber optic,Yes,No,Yes,No,No,Yes,Month-to-month,Yes,Bank transfer (automatic),85.1,328.81,No
3862-WWJRL,Male,0,Yes,No,68,Yes,No,Fiber optic,Yes,No,Yes,Yes,Yes,Yes,Two year,Yes,Mailed check,113.33,7726.64,No
2898-CTBWR,Female,0,No,No,57,Yes,No,No,No internet service,No internet service,No internet service,No internet service,No internet service,No internet service,Two year,Yes,Mailed check,30.46,1790.66,No
3793-IXYGT,Male,0,No,No,65,Yes,No,DSL,No,Yes,No,No,No,Yes,One year,No,Mailed check,70.45,4515.66,No
7105-VEKZH,Male,1,Yes,No,15,Yes,No,DSL,Yes,No,No,No,No,No,One year,Yes,Credit card (automatic),66.43,1023.43,No
7319-RMKXE,Female,0,No,Yes,70,Yes,No,No,No internet service,No internet service,No internet service,No internet service,No internet service,No internet service,Month-to-month,Yes,Bank transfer (automatic),34.97,2468.05,No
3171-SBYEK,Male,1,No,No,11,No,No phone service,DSL,No,No,No,No,Yes,No,Month-to-month,No,Electronic check,58.72,648.35,Yes
8908-UREJJ,Male,0,Yes,Yes,22,Yes,Yes,No,No internet service,No internet service,No internet service,No internet service,No internet service,No internet service,One year,Yes,Bank transfer (automatic),46.04,1001.77,No
1472-WWSXM,Male,0,No,No,8,Yes,No,Fiber optic,No,Yes,Yes,No,Yes,Yes,Two year,Yes,Electronic check,102.69,836.62,No
8997-CKBGI,Male,0,Yes,Yes,18,Yes,Yes,Fiber optic,No,Yes,No,No,No,No,One year,No,Credit card (automatic),90.07,1600.18,No
9598-TOOZR,Male,0,Yes,Yes,50,Yes,No,Fiber optic,No,Yes,No,No,No,No,One year,Yes,Electronic check,84.61,4209.96,No
6542-NRQLS,Male,1,Yes,No,63,Yes,No,DSL,No,Yes,No,No,Yes,No,Month-to-month,Yes,Electronic check,69.26,4194.74,No
8895-IRKVO,Female,0,No,No,26,Yes,No,Fiber optic,Yes,No,No,No,Yes,No,Month-to-month,Yes,Electronic check,90.58,2417.64,No
1894-AYNMM,Male,0,Yes,Yes,56,No,No phone service,No,No internet service,No internet service,No internet service,No internet service,No internet service,No internet service,One year,Yes,Credit card (automatic),22.2,1256.49,No
3709-BMGZB,Male,0,No,No,1,No,No phone service,No,No internet service,No internet service,No internet service,No internet service,No internet service,No internet service,One year,No,Mailed check,24.58,25.14,No
4648-OJVCL,Female,0,No,No,62,Yes,No,No,No internet service,No internet service,No internet service,No internet service,No internet service,No internet service,One year,No,Credit card (automatic),32.29,2094.04,No
8341-CMIZT,Male,0,Yes,Yes,9,Yes,Yes,Fiber optic,No,Yes,Yes,No,No,No,Month-to-month,Yes,Electronic check,91.98,807.57,No
1291-CKOAC,Female,0,No,No,72,Yes,Yes,DSL,No,Yes,No,Yes,Yes,Yes,Month-to-month,Yes,Electronic check,96.54,7101.38,No
5990-XORLI,Male,0,Yes,No,1,Yes,Yes,Fiber optic,Yes,Yes,No,No,Yes,No,Month-to-month,Yes,Credit card (automatic),111.93,110.02,No
1889-VVITP,Male,0,No,No,48,No,No phone service,Fiber optic,No,Yes,No,No,No,No,Month-to-month,No,Credit card (automatic),75.24,3503.92,Yes
6952-SCTFI,Male,0,Yes,No,2,Yes,No,DSL,No,No,No,Yes,Yes,No,Month-to-month,No,Mailed check,76.65,153.88,No
5783-OJCXM,Male,0,Yes,Yes,18,Yes,No,No,No internet service,No internet service,No internet service,No internet service,No internet service,No internet service,Month-to-month,Yes,Bank transfer (automatic),25.27,475.88,No
7704-CPEYK,Male,0,No,No,5,Yes,No,Fiber optic,Yes,No,Yes,No,No,Yes,Month-to-month,Yes,Electronic check,101.99,533.11,Yes
8488-VEITB,Male,0,No,No,64,Yes,No,Fiber optic,Yes,No,Yes,No,No,No,Two year,Yes,Bank transfer (automatic),86.84,5784.66,No
3018-ULRYD,Male,0,Yes,Yes,12,Yes,No,DSL,No,No,No,No,No,Yes,One year,No,Electronic check,61.26,734.78,No
9172-ATOLP,Male,0,No,No,29,Yes,Yes,DSL,Yes,No,Yes,Yes,No,No,Month-to-month,No,Mailed check,89.22,2625.11,Yes
9328-UXREV,Male,0,Yes,No,3,Yes,Yes,No,No internet service,No internet service,No internet service,No internet service,No internet service,No internet service,Month-to-month,Yes,Mailed check,42.34,121.54,No
2696-KPWNK,Male,0,No,No,29,Yes,Yes,No,No internet service,No internet service,No internet service,No internet service,No internet service,No internet service,One year,Yes,Electronic check,42.7,1196.78,No
5067-HZZLD,Male,0,No,No,1,No,No phone service,Fiber optic,Yes,No,Yes,No,Yes,No,Month-to-month,No,Mailed check,82.71,80.8,No
7762-PXNVO,Male,0,Yes,No,1,Yes,Yes,No,No internet service,No internet service,No internet service,No internet service,No internet service,No internet service,Month-to-month,No,Bank transfer (automatic),42.46,41.39,No
6143-SYQFQ,Female,0,Yes,Yes,3,Yes,Yes,DSL,No,No,No,No,Yes,Yes,One year,No,Mailed check,82.74,257.93,No
5760-RXDSZ,Male,0,Yes,Yes,59,Yes,Yes,No,No internet service,No internet service,No internet service,No internet service,No internet service,No internet service,One year,Yes,Mailed check,44.52,2629.06,No
3913-NSIDJ,Female,0,Yes,Yes,56,Yes,Yes,Fiber optic,No,Yes,No,No,Yes,No,One year,Yes,Bank transfer (automatic),105.55,5868.45,No
8870-PYSRX,Female,0,Yes,Yes,34,Yes,No,No,No internet service,No internet service,No internet service,No internet service,No internet service,No internet service,Month-to-month,No,Credit card (automatic),26.65,868.91,No
9747-HWVNA,Male,0,No,No,3,Yes,Yes,Fiber optic,Yes,No,Yes,Yes,No,Yes,Month-to-month,Yes,Mailed check,118.75,366.17,No
3381-BBGUZ,Female,0,No,No,62,Yes,Yes,Fiber optic,No,No,No,Yes,Yes,Yes,One year,No,Mailed check,118.1,6958.71,No
5105-DBUFO,Female,0,Yes,Yes,19,Yes,Yes,DSL,No,No,Yes,No,Yes,No,One year,Yes,Credit card (automatic),82.77,1627.05,No
6876-VCWTW,Male,0,No,No,67,Yes,Yes,Fiber optic,Yes,No,Yes,Yes,No,No,Month-to-month,Yes,Electronic check,109.34,7092.14,No
7371-GUUHR,Male,0,No,No,15,Yes,No,DSL,No,Yes,Yes,No,Yes,Yes,Two year,No,Mailed check,90.21,1353.03,No
7251-KYZIO,Female,0,No,No,32,Yes,No,Fiber optic,No,No,No,No,No,Yes,One year,Yes,Electronic check,85.93,2709.42,No
1212-TFWWL,Female,0,No,Yes,59,Yes,Yes,Fiber optic,Yes,Yes,No,Yes,No,No,Two year,Yes,Mailed check,104.85,6453.26,No
4695-XSQTO,Male,0,No,No,41,Yes,Yes,No,No internet service,No internet service,No internet service,No internet service,No internet service,No internet service,One year,No,Electronic check,34.94,1499.35,No
4218-UZHER,Male,0,Yes,Yes,58,Yes,No,DSL,Yes,Yes,Yes,Yes,No,Yes,One year,No,Mailed check,88.19,5274.51,No
4063-ZTDBH,Male,0,Yes,No,41,Yes,Yes,No,No internet service,No internet service,No internet service,No internet service,No internet service,No internet service,One year,No,Mailed check,40.31,1672.1,No
5329-DPGIS,Male,0,Yes,No,62,Yes,No,No,No internet service,No internet service,No internet service,No internet service,No internet service,No internet service,One year,Yes,Electronic check,27.81,1725.93,No
3536-BYPUQ,Female,0,Yes,Yes,32,Yes,No,Fiber optic,Yes,Yes,No,No,No,No,Two year,No,Mailed check,93.6,2915.63,No
5934-MOJUI,Male,1,Yes,Yes,71,Yes,Yes,DSL,No,No,No,No,Yes,No,Two year,No,Bank transfer (automatic),79.77,5717.21,No
4603-YNUEO,Male,0,No,Yes,9,Yes,Yes,DSL,Yes,No,No,No,No,Yes,Month-to-month,Yes,Electronic check,85.31,780.23,No
7609-CFFIJ,Female,0,Yes,No,65,Yes,Yes,Fiber optic,No,No,No,No,No,No,Two year,No,Electronic check,87.17,5912.89,No
4579-YQMOT,Male,0,No,No,9,Yes,Yes,Fiber optic,No,Yes,Yes,No,No,Yes,Month-to-month,No,Credit card (automatic),111.08,1010.94,Yes
1144-CIGQX,Male,1,Yes,Yes,60,Yes,Yes,Fiber optic,No,No,Yes,No,Yes,Yes,Month-to-month,Yes,Mailed check,108.98,6770.52,No
4994-YRIXY,Female,0,No,No,28,Yes,Yes,DSL,Yes,Yes,No,Yes,Yes,Yes,Month-to-month,Yes,Electronic check,103.51,2873.78,No
7322-GSANU,Female,0,No,No,4,No,No phone service,DSL,No,No,No,Yes,No,Yes,Month-to-month,Yes,Bank transfer (automatic),64.29,258.06,No
9426-ULBXF,Female,0,Yes,Yes,61,Yes,No,No,No internet service,No internet service,No internet service,No internet service,No internet service,No internet service,One year,Yes,Credit card (automatic),29.94,1902.46,No
9419-CCZUN,Female,0,Yes,No,38,Yes,Yes,Fiber optic,Yes,No,Yes,No,No,Yes,Two year,No,Credit card (automatic),109.29,4255.69,No
2072-FQFRV,Male,1,No,No,25,No,No phone service,DSL,No,No,No,Yes,Yes,Yes,Two year,Yes,Credit card (automatic),70.47,1836.17,Yes
4368-NSZUQ,Male,0,Yes,No,50,Yes,Yes,No,No internet service,No internet service,No internet service,No internet service,No internet service,No internet service,One year,Yes,Bank transfer (automatic),44.31,2135.59,No
2181-TDLIC,Female,0,Yes,No,69,Yes,No,No,No internet service,No internet service,No internet service,No internet service,No internet service,No internet service,Two year,No,Credit card (automatic),34.24,2292.54,No
1889-EGBVX,Male,1,Yes,No,65,Yes,No,Fiber optic,Yes,No,Yes,No,No,Yes,One year,Yes,Mailed check,99.14,6308.81,No
7678-KQLAR,Male,0,No,No,67,No,No phone service,Fiber optic,No,Yes,No,No,No,Yes,Two year,No,Mailed check,84.63,5860.12,No
9762-ASBTB,Male,0,No,No,67,Yes,No,DSL,No,No,No,Yes,No,No,Month-to-month,Yes,Bank transfer (automatic),57.91,3839.01,No
2189-JNHRP,Male,0,No,No,1,No,No phone service,Fiber optic,No,No,No,No,No,Yes,Month-to-month,Yes,Credit card (automatic),76.1,72.42,Yes
5612-TLKRM,Male,0,No,No,9,Yes,No,DSL,Yes,Yes,No,No,No,Yes,Month-to-month,No,Electronic check,80.33,708.12,Yes
9740-FTUWH,Male,0,No,No,10,Yes,No,Fiber optic,No,No,Yes,No,No,No,Month-to-month,Yes,Mailed check,79.07,759.54,Yes
3360-HXZWQ,Male,0,No,No,11,Yes,No,Fiber optic,No,Yes,No,Yes,Yes,Yes,Month-to-month,No,Bank transfer (automatic),109.11,1231.29,No
1182-OODAP,Male,0,No,No,14,Yes,Yes,Fiber optic,No,No,No,Yes,No,No,One year,No,Electronic check,94.51,1298.85,No
9800-OCFTS,Female,0,Yes,Yes,13,Yes,Yes,Fiber optic,Yes,No,No,Yes,Yes,Yes,Two year,No,Electronic check,115.98,1533.21,No
4469-KQNEF,Female,0,Yes,No,3,Yes,No,Fiber optic,No,No,No,Yes,Yes,No,Month-to-month,Yes,Mailed check,90.99,269.33,Yes
5140-FEUWW,Female,0,No,No,29,Yes,Yes,DSL,Yes,Yes,Yes,No,No,No,Month-to-month,No,Credit card (automatic),81.71,2473.2,No
9992-LOHBC,Female,1,No,No,10,Yes,No,Fiber optic,No,Yes,Yes,No,Yes,No,Month-to-month,Yes,Bank transfer (automatic),94.11,918.1,Yes
8982-YJRGH,Male,0,Yes,Yes,42,Yes,Yes,Fiber optic,Yes,Yes,No,No,No,Yes,Two year,No,Bank transfer (automatic),109.03,4614.35,No
2143-XILQH,Male,0,Yes,Yes,10,Yes,No,DSL,No,No,Yes,No,No,Yes,Month-to-month,Yes,Electronic check,71.26,717.65,No
3496-OJILA,Female,1,No,No,25,Yes,Yes,No,No internet service,No internet service,No internet service,No internet service,No internet service,No internet service,Month-to-month,No,Mailed check,45.02,1136.25,Yes
5033-USQHJ,Female,0,No,No,65,Yes,Yes,DSL,No,Yes,Yes,Yes,Yes,No,Two year,Yes,Credit card (automatic),95.96,6061.67,No
6432-WMJHO,Female,0,Yes,No,58,Yes,No,DSL,Yes,No,Yes,No,Yes,Yes,Two year,No,Credit card (automatic),91.16,5194.51,No
3879-QCHVX,Male,0,No,No,3,Yes,No,Fiber optic,No,Yes,No,No,No,No,Month-to-month,Yes,Credit card (automatic),81.89,238.54,No
4218-GXBBA,Male,0,No,No,70,Yes,Yes,No,No internet service,No internet service,No internet service,No internet service,No internet service,No internet service,One year,Yes,Credit card (automatic),39.94,2662.52,No
9309-QVPTF,Male,0,No,No,59,Yes,Yes,DSL,Yes,No,No,No,No,No,One year,No,Credit card (automatic),71.17,4258.51,No
1600-OOZMU,Male,1,Yes,No,28,Yes,Yes,DSL,Yes,Yes,No,Yes,Yes,Yes,One year,Yes,Electronic check,105.53,3101.37,No
6993-KXPWD,Female,0,Yes,No,15,No,No phone service,DSL,Yes,No,Yes,Yes,No,Yes,Two year,Yes,Electronic check,74.26,1135.59,No
9210-NKNRW,Female,0,Yes,No,67,Yes,Yes,Fiber optic,No,No,Yes,No,Yes,Yes,Two year,No,Bank transfer (automatic),111.8,7712.51,No
3717-TDEOO,Male,0,Yes,Yes,67,Yes,Yes,Fiber optic,No,No,No,No,Yes,Yes,One year,Yes,Bank transfer (automatic),105.47,6744.91,No
3395-TMJFM,Female,0,No,No,15,Yes,No,Fiber optic,No,No,No,Yes,Yes,No,Month-to-month,No,Credit card (automatic),91.0,1396.46,Yes
2029-GGRNU,Female,0,Yes,Yes,8,Yes,No,DSL,Yes,No,Yes,No,No,No,Month-to-month,Yes,Mailed check,67.92,545.25,Yes
7358-MLBZI,Male,0,No,No,21,Yes,No,DSL,No,No,Yes,No,No,No,Month-to-month,No,Mailed check,58.99,1211.47,No
9542-QHTPO,Male,0,Yes,No,60,Yes,No,DSL,Yes,No,No,No,No,No,Month-to-month,No,Credit card (automatic),58.27,3531.04,No
7171-QJQVN,Male,0,Yes,No,13,Yes,No,Fiber optic,Yes,No,No,No,No,No,One year,No,Electronic check,80.14,1063.75,No
7165-ZFKVI,Male,1,No,No,5,Yes,No,Fiber optic,No,No,No,No,No,No,Month-to-month,No,Mailed check,70.87,369.87,Yes
8898-XAWLF,Male,0,No,Yes,62,Yes,No,Fiber optic,No,No,Yes,No,No,No,Two year,Yes,Electronic check,83.54,5024.06,No
9430-QFEJS,Male,0,Yes,No,4,Yes,Yes,Fiber optic,Yes,Yes,No,No,No,No,Month-to-month,No,Credit card (automatic),104.01,423.89,Yes
2938-RKICR,Male,0,No,No,1,Yes,No,Fiber optic,No,Yes,No,No,No,Yes,Month-to-month,Yes,Bank transfer (automatic),87.07,87.7,No
8848-FEVAB,Male,0,No,No,25,Yes,No,No,No internet service,No internet service,No internet service,No internet service,No internet service,No internet service,One year,No,Electronic check,29.16,735.7,No
3639-DNXDE,Female,0,No,No,1,No,No phone service,Fiber optic,Yes,No,No,Yes,Yes,Yes,Month-to-month,Yes,Mailed check,95.56,91.71,Yes
3949-NKZQW,Male,1,No,No,35,Yes,Yes,Fiber optic,No,Yes,Yes,Yes,No,No,Month-to-month,Yes,Bank transfer (automatic),106.78,3714.93,No
5644-YFPMM,Female,0,Yes,Yes,52,Yes,No,Fiber optic,Yes,No,No,No,Yes,Yes,One year,Yes,Credit card (automatic),100.26,5279.21,No
4594-VPUVE,Male,1,No,No,4,Yes,Yes,No,No internet service,No internet service,No internet service,No internet service,No internet service,No internet service,Month-to-month,Yes,Electronic check,45.92,178.27,No
9369-GSILP,Female,0,No,No,4,Yes,Yes,No,No internet service,No internet service,No internet service,No internet service,No internet service,No internet service,Month-to-month,No,Electronic check,43.84,170.7,No
4765-JDANX,Male,1,Yes,Yes,60,Yes,Yes,Fiber optic,No,No,Yes,No,Yes,Yes,Two year,Yes,Mailed check,111.97,6785.42,No
7877-VPEXP,Male,0,Yes,Yes,24,Yes,No,DSL,Yes,No,No,Yes,No,No,One year,Yes,Bank transfer (automatic),67.19,1644.0,No
9706-NDMDP,Female,1,No,No,48,Yes,No,Fiber optic,Yes,No,No,No,Yes,Yes,Two year,Yes,Credit card (automatic),96.64,4500.61,No
1019-XUQNJ,Female,0,Yes,Yes,3,Yes,Yes,Fiber optic,Yes,Yes,Yes,No,No,Yes,Month-to-month,Yes,Mailed check,116.64,353.12,Yes
1711-SLYMT,Female,0,Yes,Yes,51,Yes,No,No,No internet service,No internet service,No internet service,No internet service,No internet service,No internet service,One year,No,Electronic check,32.34,1637.9,No
6742-PTTSC,Male,1,No,Yes,7,Yes,No,DSL,No,No,Yes,No,No,Yes,Month-to-month,Yes,Credit card (automatic),68.56,463.87,No
3193-GTXCP,Male,0,Yes,Yes,25,Yes,Yes,No,No internet service,No internet service,No internet service,No internet service,No internet service,No internet service,Month-to-month,Yes,Credit card (automatic),37.45,898.96,No
9908-KESUP,Female,0,Yes,Yes,32,Yes,No,Fiber optic,Yes,No,No,No,No,Yes,Month-to-month,No,Electronic check,95.1,3127.87,Yes
2930-NJFUK,Female,0,No,Yes,68,Yes,Yes,No,No internet service,No internet service,No internet service,No internet service,No internet service,No internet service,One year,Yes,Bank transfer (automatic),42.77,2850.51,No
2746-EQGWL,Female,1,No,No,18,Yes,Yes,No,No internet service,No internet service,No internet service,No internet service,No internet service,No internet service,One year,No,Electronic check,42.52,737.33,No
6990-PZKFO,Female,0,Yes,No,66,Yes,Yes,No,No internet service,No internet service,No internet service,No internet service,No internet service,No internet service,Month-to-month,Yes,Credit card (automatic),42.67,2855.96,No
8904-EOMZP,Male,0,No,Yes,12,Yes,No,DSL,Yes,Yes,Yes,No,Yes,No,One year,Yes,Mailed check,80.43,950.13,No
7522-TWRTL,Female,0,No,No,2,Yes,Yes,DSL,Yes,Yes,No,Yes,Yes,No,Month-to-month,Yes,Credit card (automatic),95.67,182.5,No
3650-CNUUP,Male,0,No,No,13,Yes,No,Fiber optic,Yes,No,Yes,Yes,No,Yes,One year,Yes,Mailed check,110.61,1501.78,Yes
1852-EZACD,Male,0,Yes,No,36,Yes,No,Fiber optic,No,Yes,No,Yes,No,Yes,Two year,Yes,Bank transfer (automatic),94.96,3477.55,No
8133-CGJPS,Male,0,Yes,Yes,28,Yes,Yes,No,No internet service,No internet service,No internet service,No internet service,No internet service,No internet service,Two year,No,Mailed check,40.02,1085.96,No
7564-PNSPY,Female,0,Yes,No,1,Yes,No,Fiber optic,No,No,Yes,No,No,Yes,Month-to-month,Yes,Mailed check,94.82,90.54,Yes
3871-QLFRU,Male,1,No,No,2,Yes,No,DSL,No,No,No,No,No,No,Month-to-month,Yes,Bank transfer (automatic),58.84,117.59,No
5685-FUNSP,Male,0,No,Yes,72,Yes,Yes,Fiber optic,No,Yes,Yes,No,Yes,Yes,Two year,No,Electronic check,115.97,8763.93,No
1590-JRZCH,Female,0,No,No,6,Yes,No,Fiber optic,No,No,No,No,No,Yes,Month-to-month,No,Electronic check,85.24,504.87,No
7544-JKPNT,Male,0,No,No,4,Yes,Yes,DSL,No,Yes,Yes,No,No,No,Month-to-month,Yes,Electronic check,84.58,351.17,No
2124-XOSOP,Female,0,No,No,10,Yes,No,DSL,No,Yes,No,No,No,Yes,Month-to-month,No,Mailed check,71.31,728.34,No
6693-ZHPFY,Male,0,Yes,No,2,Yes,No,DSL,Yes,No,No,Yes,Yes,No,Month-to-month,Yes,Bank transfer (automatic),77.03,150.32,No
1076-GKCBH,Male,0,No,No,4,No,No phone service,Fiber optic,Yes,Yes,Yes,Yes,No,Yes,Month-to-month,No,Electronic check,100.92,385.27,No
2917-UYWVO,Female,0,No,No,65,Yes,No,DSL,No,No,No,No,No,Yes,Two year,Yes,Electronic check,69.69,4703.2,No
8254-ZOUTY,Male,0,No,No,1,Yes,Yes,DSL,No,Yes,Yes,No,Yes,No,One year,Yes,Bank transfer (automatic),90.13,92.91,No
8517-RXWMG,Male,0,Yes,Yes,4,No,No phone service,No,No internet service,No internet service,No internet service,No internet service,No internet service,No internet service,Two year,No,Mailed check,18.25,74.51,No
7269-QZRFI,Male,0,No,No,56,Yes,Yes,DSL,Yes,No,No,No,Yes,Yes,One year,Yes,Electronic check,94.6,5551.09,No
6785-NAVGC,Male,0,Yes,No,2,Yes,No,Fiber optic,No,Yes,No,Yes,No,Yes,Month-to-month,Yes,Electronic check,102.87,214.8,No
6603-BYMJX,Female,0,Yes,No,7,Yes,No,Fiber optic,Yes,No,Yes,No,Yes,Yes,Month-to-month,No,Mailed check,105.34,714.75,No
5408-ETYET,Male,0,No,No,10,Yes,No,Fiber optic,No,Yes,Yes,Yes,No,Yes,Month-to-month,No,Electronic check,100.47,1007.24,Yes
4847-TWFFG,Female,0,No,No,13,Yes,No,DSL,Yes,Yes,Yes,No,No,No,One year,Yes,Bank transfer (automatic),73.5,927.54,No
6833-ECXRR,Male,0,Yes,Yes,25,Yes,No,No,No internet service,No internet service,No internet service,No internet service,No internet service,No internet service,Month-to-month,No,Credit card (automatic),32.17,835.69,No
1108-TOBMQ,Female,0,No,No,60,Yes,No,DSL,No,Yes,Yes,Yes,Yes,Yes,Two year,Yes,Bank transfer (automatic),91.45,5235.57,No
9066-XWOHE,Female,0,Yes,Yes,11,Yes,No,DSL,No,No,No,No,No,Yes,Month-to-month,No,Mailed check,64.58,724.64,No
9374-HFOBU,Female,0,Yes,Yes,12,Yes,Yes,Fiber optic,No,Yes,No,No,Yes,Yes,One year,No,Mailed check,114.28,1395.49,No
8836-YAJWU,Male,0,Yes,No,35,Yes,No,No,No internet service,No internet service,No internet service,No internet service,No internet service,No internet service,Month-to-month,No,Credit card (automatic),32.65,1110.84,No
8490-ZSLRA,Male,0,No,No,13,Yes,No,Fiber optic,Yes,No,No,Yes,Yes,No,Month-to-month,Yes,Electronic check,89.89,1217.92,Yes
4452-JCJWE,Male,1,No,No,19,Yes,No,Fiber optic,No,Yes,Yes,Yes,Yes,No,Month-to-month,No,Mailed check,104.11,1996.54,No
5306-GMPJM,Female,1,No,No,56,Yes,No,Fiber optic,No,No,Yes,No,Yes,No,Two year,No,Electronic check,91.25,5319.35,No
4449-KTJKL,Female,0,No,No,69,Yes,Yes,DSL,No,No,Yes,Yes,Yes,No,One year,Yes,Mailed check,86.85,5972.45,No
3148-ZRVSU,Female,0,Yes,Yes,3,Yes,No,Fiber optic,Yes,No,No,No,No,No,Month-to-month,No,Bank transfer (automatic),85.09,263.18,No
8081-WFUTM,Male,0,Yes,No,20,Yes,No,No,No internet service,No internet service,No internet service,No internet service,No internet service,No internet service,One year,Yes,Bank transfer (automatic),35.44,731.02,No
1159-EMZWN,Female,0,No,Yes,10,Yes,Yes,Fiber optic,No,Yes,No,Yes,Yes,Yes,Month-to-month,Yes,Bank transfer (automatic),118.75,1206.86,Yes
6172-UHOOK,Female,0,Yes,No,14,Yes,No,DSL,No,Yes,No,No,Yes,No,Two year,No,Electronic check,71.61,995.2,Yes
3676-BVMQL,Male,0,No,Yes,61,Yes,No,Fiber optic,No,No,No,Yes,Yes,No,Two year,Yes,Mailed check,88.1,5591.08,No
6483-GJOVI,Male,0,No,Yes,47,Yes,Yes,No,No internet service,No internet service,No internet service,No internet service,No internet service,No internet service,One year,No,Bank transfer (automatic),40.47,1965.37,No
7746-DWZFO,Female,0,No,No,27,Yes,No,Fiber optic,No,No,Yes,No,No,No,Month-to-month,No,Credit card (automatic),85.15,2237.11,No
9821-EUJRM,Female,0,Yes,Yes,5,Yes,No,DSL,No,No,No,Yes,No,No,Month-to-month,Yes,Electronic check,63.98,317.64,No
8322-XJHQD,Female,0,No,No,9,Yes,Yes,Fiber optic,No,Yes,Yes,No,Yes,Yes,Month-to-month,No,Electronic check,118.75,1030.35,Yes
3745-QYKPK,Male,0,No,No,41,Yes,No,DSL,No,No,No,No,No,No,Month-to-month,Yes,Bank transfer (automatic),52.75,2060.18,No
2168-CIIQS,Female,0,Yes,Yes,1,Yes,Yes,DSL,Yes,Yes,Yes,No,No,Yes,Month-to-month,Yes,Mailed check,101.56,97.26,No
7479-HLWJP,Male,0,No,No,69,Yes,Yes,No,No internet service,No internet service,No internet service,No internet service,No internet service,No internet service,Two year,No,Mailed check,40.44,2678.23,No
8377-KEASR,Male,0,Yes,No,7,Yes,Yes,No,No internet service,No internet service,No internet service,No internet service,No internet service,No internet service,Month-to-month,Yes,Electronic check,39.57,272.78,No
2311-FKCYM,Male,0,Yes,Yes,20,Yes,Yes,No,No internet service,No internet service,No internet service,No internet service,No internet service,No internet service,One year,Yes,Electronic check,37.67,785.52,No
1881-AKTCG,Female,0,Yes,No,44,Yes,No,Fiber optic,No,No,Yes,Yes,Yes,No,One year,Yes,Electronic check,98.69,4380.35,Yes
3544-CYKFT,Female,0,Yes,No,4,Yes,No,Fiber optic,Yes,Yes,No,Yes,Yes,Yes,Month-to-month,No,Bank transfer (automatic),118.75,493.04,No
8260-QDVAR,Female,0,No,No,72,Yes,No,Fiber optic,Yes,No,No,Yes,Yes,Yes,One year,Yes,Mailed check,103.54,7117.39,No
6328-WMWYO,Male,0,Yes,No,9,No,No phone service,DSL,No,No,No,No,Yes,No,Month-to-month,Yes,Electronic check,57.93,528.3,No
3213-ZSEPQ,Female,1,Yes,No,3,No,No phone service,Fiber optic,Yes,No,Yes,No,No,No,One year,Yes,Electronic check,74.11,222.79,No
8126-NQIJO,Male,0,Yes,No,45,Yes,Yes,DSL,Yes,Yes,No,Yes,Yes,Yes,Two year,No,Mailed check,108.2,4703.51,No
2467-LJGHA,Female,0,Yes,Yes,67,Yes,No,Fiber optic,Yes,Yes,No,No,No,Yes,Two year,Yes,Electronic check,94.34,6141.95,No
3233-IMAXY,Male,0,Yes,Yes,7,Yes,Yes,Fiber optic,No,No,No,Yes,No,No,Month-to-month,Yes,Bank transfer (automatic),89.83,606.95,Yes
8816-HTUPU,Male,1,Yes,Yes,62,No,No phone service,DSL,No,No,Yes,No,No,Yes,One year,Yes,Mailed check,61.18,3694.18,No
9981-JKOKE,Male,0,No,No,13,Yes,No,No,No internet service,No internet service,No internet service,No internet service,No internet service,No internet service,One year,No,Electronic check,28.95,357.59,No
7385-VFCQN,Male,1,No,No,11,Yes,Yes,Fiber optic,No,No,Yes,No,No,Yes,Month-to-month,Yes,Electronic check,97.43,1051.89,No
5454-HTVKW,Female,0,No,No,72,Yes,Yes,DSL,No,Yes,No,Yes,No,No,Two year,Yes,Mailed check,77.37,5838.5,No
3988-DCLLS,Male,0,No,No,31,No,No phone service,DSL,No,No,No,No,Yes,No,One year,No,Electronic check,49.0,1538.37,No
9060-EABNE,Male,1,Yes,Yes,1,Yes,No,DSL,No,Yes,Yes,No,Yes,No,Month-to-month,Yes,Electronic check,79.09,79.4,Yes
2675-HDLAC,Female,0,No,No,70,Yes,Yes,No,No internet service,No internet service,No internet service,No internet service,No internet service,No internet service,Month-to-month,Yes,Credit card (automatic),42.54,2992.24,No
1241-MIIUZ,Male,0,No,Yes,58,Yes,No,DSL,No,No,No,No,Yes,Yes,Two year,Yes,Bank transfer (automatic),74.36,4355.98,No
8597-SACTD,Female,0,Yes,No,1,No,No phone service,DSL,Yes,No,Yes,No,No,No,Month-to-month,Yes,Bank transfer (automatic),62.8,64.31,No
5366-UBMEV,Female,0,No,No,17,No,No phone service,DSL,Yes,No,No,No,No,No,One year,No,Electronic check,53.12,929.77,No
7251-VDTGU,Female,0,Yes,No,16,Yes,Yes,Fiber optic,No,Yes,No,No,No,Yes,Month-to-month,Yes,Mailed check,106.14,1618.3,Yes
8257-GZFTC,Male,0,Yes,Yes,11,No,No phone service,Fiber optic,No,Yes,No,Yes,Yes,No,Month-to-month,No,Electronic check,81.8,871.59,Yes
4415-MRIIQ,Female,0,No,No,62,Yes,Yes,DSL,No,No,Yes,Yes,Yes,No,Two year,Yes,Credit card (automatic),88.18,5284.26,No
1691-TODMH,Female,0,Yes,No,13,Yes,Yes,DSL,Yes,No,No,No,No,Yes,Month-to-month,No,Mailed check,77.67,997.55,No
6905-XWFCQ,Male,1,Yes,No,3,Yes,No,No,No internet service,No internet service,No internet service,No internet service,No internet service,No internet service,Month-to-month,No,Credit card (automatic),26.34,77.17,Yes
6316-AUPKG,Male,0,Yes,No,11,Yes,No,Fiber optic,No,No,Yes,No,No,No,Month-to-month,Yes,Mailed check,74.82,849.24,Yes
1688-PRREU,Female,0,Yes,Yes,10,Yes,Yes,DSL,No,No,Yes,Yes,No,Yes,Month-to-month,Yes,Credit card (automatic),81.08,803.57,No
5075-ECQYZ,Female,0,Yes,Yes,19,Yes,No,Fiber optic,No,No,Yes,No,Yes,No,Month-to-month,Yes,Bank transfer (automatic),97.94,1924.25,No
1983-BQSUD,Female,0,No,No,2,Yes,No,DSL,Yes,No,Yes,No,No,Yes,Month-to-month,Yes,Bank transfer (automatic),81.11,165.71,No
4812-IOQJX,Female,0,No,No,51,Yes,Yes,No,No internet service,No internet service,No internet service,No internet service,No internet service,No internet service,Two year,Yes,Bank transfer (automatic),40.36,2045.94,No
4161-AJSGB,Female,1,No,No,1,No,No phone service,Fiber optic,Yes,No,No,Yes,No,Yes,Month-to-month,No,Electronic check,86.01,89.95,No
8168-OOMOO,Male,0,Yes,Yes,13,Yes,Yes,DSL,No,Yes,Yes,Yes,No,No,Month-to-month,Yes,Bank transfer (automatic),80.57,1077.8,No
6303-THVXO,Male,0,No,No,64,Yes,No,Fiber optic,No,No,Yes,Yes,Yes,Yes,One year,Yes,Electronic check,106.91,6980.71,No
2128-NLVOL,Male,0,No,Yes,6,Yes,No,DSL,Yes,No,No,No,No,No,Month-to-month,No,Bank transfer (automatic),61.18,377.47,No
9289-JEAWU,Female,0,Yes,No,28,No,No phone service,Fiber optic,Yes,No,No,No,Yes,Yes,One year,Yes,Mailed check,96.57,2682.13,No
4912-IBZVE,Male,1,No,No,24,Yes,Yes,No,No internet service,No internet service,No internet service,No internet service,No internet service,No internet service,Two year,Yes,Credit card (automatic),50.47,1164.15,No
9151-TEHKI,Female,0,No,No,25,Yes,No,Fiber optic,No,Yes,Yes,Yes,No,No,Month-to-month,Yes,Mailed check,99.43,2463.69,Yes
2577-NBVDW,Female,0,No,No,58,Yes,No,Fiber optic,No,No,Yes,Yes,Yes,No,One year,Yes,Electronic check,101.3,5884.54,No
4310-CEAQK,Female,0,Yes,Yes,20,Yes,Yes,DSL,No,No,Yes,No,No,No,Two year,Yes,Mailed check,77.12,1481.72,No
9026-NSGJP,Male,0,Yes,Yes,70,No,No phone service,Fiber optic,Yes,No,No,Yes,Yes,Yes,Two year,Yes,Mailed check,96.12,6641.15,No
2161-AXRYV,Female,0,No,Yes,19,Yes,Yes,DSL,Yes,Yes,No,No,Yes,Yes,Month-to-month,No,Electronic check,100.84,1997.88,No
8668-UBOYK,Male,0,No,Yes,66,Yes,No,DSL,No,No,No,Yes,Yes,No,One year,Yes,Bank transfer (automatic),74.21,4717.81,No
7046-UBQNT,Female,0,No,No,51,Yes,Yes,No,No internet service,No internet service,No internet service,No internet service,No internet service,No internet service,Two year,Yes,Mailed check,44.35,2290.43,No
5979-CFNCG,Male,0,No,No,72,Yes,No,DSL,No,Yes,Yes,No,No,Yes,Two year,No,Mailed check,81.4,6062.78,No
7313-ENGQE,Male,0,No,No,65,Yes,No,No,No internet service,No internet service,No internet service,No internet service,No internet service,No internet service,Two year,Yes,Bank transfer (automatic),31.37,2086.43,No
7802-TTORS,Female,1,Yes,Yes,65,Yes,Yes,Fiber optic,No,No,No,No,Yes,No,One year,No,Electronic check,95.27,6003.46,No
7997-WEEKI,Male,1,No,No,2,No,No phone service,DSL,Yes,No,No,No,Yes,Yes,Month-to-month,Yes,Electronic check,70.7,140.1,No
3591-NPYXO,Male,0,Yes,No,71,Yes,Yes,DSL,Yes,No,Yes,Yes,No,No,Two year,No,Electronic check,90.33,6453.01,No
6319-VKQVI,Female,0,No,No,1,Yes,No,Fiber optic,Yes,No,No,Yes,Yes,No,Month-to-month,No,Mailed check,94.62,91.16,Yes
4943-OFTYG,Female,0,No,No,5,Yes,Yes,Fiber optic,No,Yes,No,No,No,Yes,Month-to-month,Yes,Credit card (automatic),105.51,514.9,No
8412-LKSZP,Female,0,Yes,Yes,23,Yes,No,Fiber optic,Yes,Yes,No,No,No,No,One year,Yes,Mailed check,92.62,2164.23,No
9480-DXAZF,Female,0,No,No,6,Yes,No,Fiber optic,No,Yes,Yes,Yes,Yes,No,One year,No,Electronic check,106.35,659.44,No
6159-AVRHO,Female,0,Yes,No,48,Yes,Yes,Fiber optic,No,Yes,Yes,Yes,Yes,No,Month-to-month,No,Electronic check,113.89,5708.08,No
3534-CLEGX,Male,1,Yes,Yes,4,Yes,Yes,DSL,No,Yes,Yes,No,Yes,No,Month-to-month,Yes,Electronic check,89.23,346.58,Yes
5093-GVCKX,Male,1,Yes,No,21,Yes,No,Fiber optic,No,Yes,No,No,No,No,Month-to-month,Yes,Electronic check,80.26,1692.97,Yes
2264-SUEVR,Male,0,Yes,Yes,54,Yes,No,Fiber optic,Yes,Yes,No,No,No,Yes,One year,No,Mailed check,103.84,5684.16,No
2562-PHTOC,Female,0,Yes,No,1,No,No phone service,Fiber optic,Yes,Yes,No,No,No,No,Month-to-month,Yes,Mailed check,70.04,71.57,No
1916-XIWLY,Female,0,Yes,Yes,41,Yes,No,DSL,Yes,No,Yes,Yes,No,Yes,Month-to-month,Yes,Mailed check,90.7,3775.91,No
2974-WFQPA,Male,0,No,No,8,Yes,Yes,DSL,No,No,No,No,Yes,No,Month-to-month,No,Mailed check,77.4,636.67,No
7266-BNIOI,Male,0,No,No,27,Yes,No,No,No internet service,No internet service,No internet service,No internet service,No internet service,No internet service,Month-to-month,No,Mailed check,30.96,827.69,No
4617-DRZZT,Female,0,No,No,22,Yes,No,No,No internet service,No internet service,No internet service,No internet service,No internet service,No internet service,Month-to-month,Yes,Bank transfer (automatic),26.54,584.91,No
9269-CLUDI,Male,1,Yes,Yes,26,Yes,No,No,No internet service,No internet service,No internet service,No internet service,No internet service,No internet service,Two year,Yes,Mailed check,36.98,929.2,No
8796-OBKCN,Female,0,No,No,31,Yes,Yes,DSL,No,No,No,Yes,Yes,Yes,Month-to-month,No,Credit card (automatic),92.41,2729.58,No
3136-TMFKO,Female,0,No,No,7,Yes,No,DSL,No,No,No,No,Yes,Yes,Month-to-month,No,Credit card (automatic),74.77,505.96,No
9589-GBUIY,Female,0,Yes,Yes,66,Yes,Yes,Fiber optic,No,No,Yes,No,No,Yes,Month-to-month,No,Electronic check,104.36,7031.74,No
2467-CKJEI,Male,0,No,Yes,11,Yes,No,Fiber optic,Yes,No,Yes,Yes,Yes,No,One year,Yes,Electronic check,106.56,1146.29,No
1396-UEJVU,Female,0,Yes,No,53,Yes,No,DSL,No,Yes,Yes,Yes,No,No,Month-to-month,Yes,Credit card (automatic),73.04,3967.92,No
3389-LYGRE,Female,1,No,No,1,Yes,No,Fiber optic,Yes,No,Yes,No,No,Yes,One year,Yes,Electronic check,100.59,95.86,Yes
2405-CBYYW,Female,0,Yes,Yes,71,Yes,No,DSL,No,No,Yes,No,Yes,No,One year,No,Bank transfer (automatic),70.01,4878.84,No
5713-ASCLA,Female,0,Yes,No,67,Yes,No,DSL,No,No,No,No,Yes,No,Two year,Yes,Credit card (automatic),59.99,3839.23,No
4424-TFOTO,Female,0,No,No,7,Yes,No,Fiber optic,No,No,No,No,Yes,Yes,Month-to-month,Yes,Electronic check,97.93,703.02,Yes
3315-SRJXN,Female,0,Yes,Yes,66,Yes,Yes,DSL,Yes,No,Yes,No,Yes,No,One year,Yes,Electronic check,89.25,5836.36,No
5185-EHUQB,Male,0,Yes,No,26,Yes,Yes,Fiber optic,Yes,No,No,No,No,No,One year,Yes,Electronic check,93.33,2349.12,No
1136-BRRXJ,Female,0,No,No,34,Yes,Yes,DSL,No,Yes,Yes,No,Yes,Yes,One year,Yes,Bank transfer (automatic),98.83,3385.13,No
2767-AWQGJ,Female,0,No,Yes,30,Yes,No,Fiber optic,No,No,Yes,No,No,No,Month-to-month,Yes,Bank transfer (automatic),81.55,2560.9,Yes
2631-XMPCF,Male,0,No,No,8,Yes,Yes,No,No internet service,No internet service,No internet service,No internet service,No internet service,No internet service,Month-to-month,No,Mailed check,43.49,332.25,No
8503-OSBXH,Female,0,Yes,No,14,No,No phone service,Fiber optic,Yes,Yes,Yes,Yes,Yes,Yes,Month-to-month,Yes,Credit card (automatic),114.02,1613.59,Yes
9027-KEJJQ,Female,0,Yes,Yes,72,Yes,No,No,No internet service,No internet service,No internet service,No internet service,No internet service,No internet service,One year,No,Credit card (automatic),36.97,2713.65,No
4869-ZZHBG,Female,0,No,No,2,Yes,Yes,Fiber optic,No,No,Yes,No,No,No,Month-to-month,Yes,Electronic check,90.45,187.13,Yes
7343-XVAOH,Male,0,Yes,Yes,3,Yes,No,Fiber optic,Yes,No,Yes,No,No,No,Month-to-month,Yes,Credit card (automatic),83.65,246.72,No
3485-IKDSN,Male,0,Yes,No,14,Yes,No,No,No internet service,No internet service,No internet service,No internet service,No internet service,No internet service,Month-to-month,No,Electronic check,29.63,421.18,No
4726-KOLIP,Female,0,No,No,54,Yes,No,DSL,Yes,No,No,No,Yes,Yes,One year,No,Electronic check,84.42,4368.59,No
8359-OFDOU,Female,0,Yes,Yes,11,Yes,Yes,Fiber optic,No,No,No,No,Yes,Yes,Month-to-month,No,Bank transfer (automatic),107.25,1133.33,Yes
3262-ISNDZ,Male,0,Yes,No,37,Yes,No,No,No internet service,No internet service,No internet service,No internet service,No internet service,No internet service,Two year,No,Bank transfer (automatic),33.9,1281.76,No
3378-ROEBN,Female,0,Yes,No,24,Yes,Yes,DSL,Yes,Yes,No,Yes,Yes,Yes,Two year,Yes,Electronic check,108.14,2584.09,No
2939-EVDAI,Female,0,Yes,Yes,26,Yes,Yes,Fiber optic,No,No,No,No,No,No,Month-to-month,Yes,Electronic check,85.18,2215.52,Yes
7783-YHTVQ,Female,0,Yes,No,2,Yes,Yes,No,No internet service,No internet service,No internet service,No internet service,No internet service,No internet service,Month-to-month,No,Bank transfer (automatic),36.7,76.13,No
5485-DEDAZ,Female,0,Yes,Yes,1,Yes,No,No,No internet service,No internet service,No internet service,No internet service,No internet service,No internet service,Two year,No,Electronic check,33.29,32.11,No
5372-PPPGA,Male,0,Yes,No,71,Yes,No,No,No internet service,No internet service,No internet service,No internet service,No internet service,No internet service,Two year,Yes,Electronic check,27.1,1864.0,No
2302-RMNPS,Male,0,No,No,11,Yes,Yes,Fiber optic,No,No,Yes,No,Yes,No,Month-to-month,No,Mailed check,107.0,1164.26,No
7126-EKMEF,Male,0,No,No,6,No,No phone service,Fiber optic,Yes,No,No,No,Yes,Yes,One year,No,Credit card (automatic),98.2,581.92,No
7694-TAHKT,Female,0,Yes,No,3,Yes,No,Fiber optic,Yes,No,No,Yes,No,No,Month-to-month,Yes,Credit card (automatic),88.89,268.27,No
4323-TBYZW,Male,0,No,No,13,Yes,Yes,DSL,No,No,No,No,Yes,Yes,One year,No,Electronic check,88.83,1147.43,No
9027-RWXLU,Male,1,Yes,No,9,Yes,Yes,No,No internet service,No internet service,No internet service,No internet service,No internet service,No internet service,One year,No,Electronic check,44.0,387.79,No
7232-SKYON,Male,0,Yes,No,7,Yes,No,No,No internet service,No internet service,No internet service,No internet service,No internet service,No internet service,Month-to-month,Yes,Mailed check,32.69,236.9,Yes
1630-NLVBZ,Female,0,Yes,No,3,Yes,No,Fiber optic,No,No,No,No,No,No,Month-to-month,Yes,Mailed check,73.85,213.82,Yes
9498-NZBKT,Female,0,No,No,13,Yes,Yes,Fiber optic,No,No,No,Yes,Yes,No,One year,Yes,Bank transfer (automatic),107.38,1327.51,No
1807-ELWUH,Male,0,No,No,59,No,No phone service,Fiber optic,No,Yes,No,No,Yes,Yes,Month-to-month,Yes,Credit card (automatic),88.91,5059.28,No
3727-KPBND,Male,0,No,No,11,Yes,Yes,Fiber optic,No,Yes,No,No,Yes,No,Month-to-month,Yes,Bank transfer (automatic),105.7,1160.29,No
8400-CNEPX,Female,0,Yes,No,12,Yes,No,No,No internet service,No internet service,No internet service,No internet service,No internet service,No internet service,One year,Yes,Electronic check,25.65,310.45,No
9952-DKLEP,Male,1,Yes,No,31,Yes,No,Fiber optic,No,Yes,No,No,Yes,Yes,One year,Yes,Mailed check,104.02,3113.42,Yes
4308-WCIQS,Male,1,No,No,44,No,No phone service,No,No internet service,No internet service,No internet service,No internet service,No internet service,No internet service,One year,Yes,Mailed check,18.25,808.92,No
3686-SDCLJ,Male,0,Yes,Yes,9,No,No phone service,Fiber optic,Yes,Yes,No,No,Yes,Yes,Month-to-month,Yes,Credit card (automatic),96.17,825.41,No
9582-SSZPE,Male,0,No,No,19,No,No phone service,No,No internet service,No internet service,No internet service,No internet service,No internet service,No internet service,Month-to-month,No,Mailed check,21.22,408.02,No
7235-BEIWW,Male,0,No,No,5,Yes,Yes,Fiber optic,No,No,No,No,No,Yes,Month-to-month,Yes,Bank transfer (automatic),96.87,485.73,Yes
3656-WESKI,Male,0,No,No,18,Yes,Yes,Fiber optic,No,Yes,No,Yes,Yes,No,One year,Yes,Electronic check,113.02,2017.73,No
8311-HEXYA,Male,0,No,No,12,Yes,Yes,No,No internet service,No internet service,No internet service,No internet service,No internet service,No internet service,Two year,Yes,Mailed check,43.39,542.65,No
5146-AMMUP,Female,0,No,No,2,Yes,No,DSL,No,No,No,Yes,No,Yes,Month-to-month,Yes,Electronic check,70.24,139.57,No
9084-GPMKC,Male,0,No,No,1,Yes,Yes,No,No internet service,No internet service,No internet service,No internet service,No internet service,No internet service,Month-to-month,No,Electronic check,41.95,41.4,No
1107-GOQOV,Female,0,No,No,63,Yes,Yes,DSL,No,Yes,Yes,No,Yes,No,One year,No,Mailed check,93.31,5715.35,No
1801-EBJDA,Female,0,Yes,No,2,Yes,Yes,Fiber optic,No,Yes,Yes,No,Yes,Yes,Month-to-month,Yes,Bank transfer (automatic),115.54,226.76,Yes
5889-ICCZE,Male,1,No,No,4,Yes,Yes,DSL,No,No,No,No,Yes,Yes,Month-to-month,Yes,Credit card (automatic),92.09,358.01,Yes
5659-PRPUE,Female,0,Yes,Yes,13,Yes,No,DSL,Yes,Yes,No,No,Yes,Yes,Two year,No,Electronic check,79.88,1004.71,No
8460-TJATI,Male,0,Yes,No,59,Yes,Yes,Fiber optic,No,Yes,No,Yes,Yes,Yes,Two year,Yes,Electronic check,118.75,6947.41,No
7208-VTVBM,Female,0,Yes,No,27,Yes,Yes,DSL,No,Yes,Yes,No,No,Yes,Two year,No,Mailed check,90.99,2348.25,No
2999-SHNNS,Male,0,Yes,No,30,Yes,Yes,No,No internet service,No internet service,No internet service,No internet service,No internet service,No internet service,Two year,Yes,Electronic check,44.89,1364.48,No
1953-CSQZM,Male,0,No,No,8,Yes,No,Fiber optic,No,Yes,No,Yes,No,No,Month-to-month,Yes,Credit card (automatic),86.78,692.24,Yes
5705-LWGOQ,Male,0,No,No,70,Yes,No,No,No internet service,No internet service,No internet service,No internet service,No internet service,No internet service,Two year,No,Credit card (automatic),30.35,2060.43,No
3125-PMSMV,Female,0,Yes,Yes,25,Yes,Yes,No,No internet service,No internet service,No internet service,No internet service,No internet service,No internet service,One year,No,Credit card (automatic),42.16,1002.0,No
4812-SZAAQ,Male,0,Yes,Yes,1,Yes,Yes,Fiber optic,No,Yes,No,Yes,Yes,Yes,Month-to-month,No,Bank transfer (automatic),118.75,119.62,No
2932-TFPKB,Female,0,No,No,67,Yes,No,DSL,Yes,No,Yes,No,No,No,One year,No,Credit card (automatic),66.78,4280.93,No
6728-OQAFH,Male,0,No,No,19,Yes,Yes,Fiber optic,No,Yes,Yes,No,No,No,Month-to-month,No,Credit card (automatic),103.31,2057.52,No
2111-INIAR,Female,0,No,No,12,Yes,Yes,Fiber optic,Yes,No,No,Yes,No,No,Month-to-month,Yes,Mailed check,93.06,1115.11,No
6592-KOYVF,Male,1,Yes,Yes,13,Yes,No,DSL,Yes,Yes,No,No,No,Yes,One year,Yes,Bank transfer (automatic),73.5,959.22,No
6536-XMMAD,Female,0,No,No,41,Yes,No,Fiber optic,No,Yes,No,No,Yes,Yes,One year,Yes,Electronic check,109.36,4659.85,No
3545-QXNIU,Male,0,No,No,36,No,No phone service,Fiber optic,No,No,Yes,Yes,No,Yes,One year,Yes,Credit card (automatic),89.34,3360.27,No
7782-YBNOR,Male,0,Yes,Yes,40,Yes,No,Fiber optic,No,No,No,No,Yes,No,One year,Yes,Credit card (automatic),89.79,3747.08,Yes
9779-APIXU,Male,1,Yes,No,35,Yes,No,DSL,No,Yes,No,No,Yes,No,Month-to-month,Yes,Credit card (automatic),69.11,2404.89,No
2084-ZHAZQ,Male,0,Yes,No,17,Yes,No,Fiber optic,No,Yes,Yes,No,No,Yes,One year,No,Electronic check,93.83,1550.44,No
3719-OKPWT,Female,0,Yes,Yes,14,Yes,No,DSL,No,No,Yes,No,Yes,Yes,Two year,No,Electronic check,78.84,1146.94,No
6152-SHCWJ,Male,0,No,No,62,Yes,Yes,No,No internet service,No internet service,No internet service,No internet service,No internet service,No internet service,One year,No,Electronic check,41.64,2519.24,No
5958-FHCUU,Female,0,Yes,No,35,Yes,No,Fiber optic,No,No,No,No,No,No,Two year,No,Mailed check,69.52,2389.31,No
2517-LAMNE,Male,0,Yes,No,37,Yes,No,Fiber optic,No,Yes,No,No,Yes,Yes,Two year,Yes,Electronic check,100.72,3582.99,No
8921-TNUDW,Female,1,Yes,Yes,23,Yes,Yes,No,No internet service,No internet service,No internet service,No internet service,No internet service,No internet service,Month-to-month,Yes,Credit card (automatic),36.03,858.12,No
9456-RDSLS,Male,0,Yes,Yes,12,Yes,Yes,Fiber optic,No,Yes,Yes,No,Yes,No,One year,No,Bank transfer (automatic),107.42,1342.12,No
9558-DIBWW,Male,0,No,No,3,Yes,Yes,Fiber optic,No,No,No,Yes,Yes,Yes,Month-to-month,No,Mailed check,110.48,341.82,Yes
6460-MBNRI,Female,0,Yes,Yes,47,Yes,Yes,Fiber optic,No,No,No,Yes,No,Yes,Two year,No,Mailed check,103.68,4777.7,No
6114-QFFHN,Male,0,No,No,13,Yes,Yes,DSL,Yes,Yes,No,No,Yes,No,One year,Yes,Electronic check,95.18,1275.41,No
8227-RHECY,Male,1,Yes,No,23,Yes,No,Fiber optic,No,Yes,No,No,Yes,Yes,One year,No,Mailed check,104.89,2321.18,No
9422-COOHY,Female,0,No,No,5,No,No phone service,DSL,Yes,No,No,No,No,Yes,Month-to-month,No,Mailed check,64.21,330.08,No
5641-OEIXO,Female,0,No,No,19,Yes,No,DSL,No,Yes,Yes,Yes,Yes,No,Month-to-month,Yes,Bank transfer (automatic),83.73,1661.23,No
1831-DMRCB,Male,0,No,No,57,Yes,Yes,No,No internet service,No internet service,No internet service,No internet service,No internet service,No internet service,Month-to-month,Yes,Electronic check,42.77,2374.15,Yes
7987-KSXQR,Male,0,No,No,41,Yes,Yes,DSL,Yes,Yes,No,No,Yes,No,One year,Yes,Bank transfer (automatic),87.48,3594.08,No
8304-QIVSR,Female,0,No,Yes,18,Yes,No,DSL,No,Yes,Yes,No,No,Yes,One year,Yes,Bank transfer (automatic),80.96,1473.4,No
9740-CXTOC,Male,0,Yes,Yes,21,Yes,Yes,Fiber optic,No,Yes,Yes,No,Yes,No,Month-to-month,Yes,Mailed check,112.44,2349.47,Yes
8672-CIQTM,Male,0,No,No,57,Yes,Yes,No,No internet service,No internet service,No internet service,No internet service,No internet service,No internet service,Two year,Yes,Credit card (automatic),36.08,2009.84,No
4666-DXGJE,Male,0,No,No,63,Yes,Yes,Fiber optic,Yes,Yes,No,No,No,Yes,One year,Yes,Bank transfer (automatic),108.76,6818.08,No
6412-UWLAM,Female,0,No,No,18,Yes,Yes,No,No internet service,No internet service,No internet service,No internet service,No internet service,No internet service,One year,Yes,Bank transfer (automatic),37.75,687.92,No
6758-MVHJO,Female,0,Yes,No,13,Yes,No,No,No internet service,No internet service,No internet service,No internet service,No internet service,No internet service,Month-to-month,Yes,Credit card (automatic),29.28,377.34,No
9322-CVUIQ,Male,0,Yes,No,37,Yes,No,Fiber optic,No,No,Yes,No,No,Yes,Two year,No,Electronic check,87.9,3317.37,No
5949-NKKQO,Male,0,No,No,65,Yes,No,Fiber optic,No,No,Yes,No,No,Yes,Two year,Yes,Electronic check,100.87,6272.09,No
8903-JIVPU,Male,0,Yes,No,72,Yes,No,DSL,No,No,No,Yes,Yes,Yes,One year,Yes,Mailed check,84.01,6058.43,No
8132-OISER,Female,1,Yes,No,41,Yes,Yes,Fiber optic,No,No,Yes,No,Yes,No,Month-to-month,No,Bank transfer (automatic),106.44,4536.11,Yes
8972-CPICL,Male,0,Yes,No,55,Yes,No,No,No internet service,No internet service,No internet service,No internet service,No internet service,No internet service,Month-to-month,No,Mailed check,28.16,1625.05,No
6046-YBCVU,Male,1,No,No,64,Yes,Yes,No,No internet service,No internet service,No internet service,No internet service,No internet service,No internet service,Two year,No,Electronic check,40.96,2638.23,No
7208-IQBFD,Female,1,No,Yes,15,Yes,Yes,Fiber optic,Yes,No,No,No,No,Yes,One year,No,Electronic check,109.81,1649.05,No
1003-TRLHQ,Male,0,No,No,58,Yes,Yes,No,No internet service,No internet service,No internet service,No internet service,No internet service,No internet service,Two year,No,Credit card (automatic),44.65,2548.67,No
8326-FRIOX,Female,0,Yes,No,48,Yes,No,No,No internet service,No internet service,No internet service,No internet service,No internet service,No internet service,One year,Yes,Electronic check,37.31,1741.27,No
5989-XYSXZ,Male,0,Yes,No,67,Yes,No,DSL,Yes,Yes,No,No,No,Yes,Two year,Yes,Mailed check,78.33,5114.03,No
1133-PNWWB,Male,0,Yes,Yes,66,Yes,Yes,Fiber optic,No,No,No,No,Yes,No,One year,Yes,Mailed check,95.76,6021.24,No
9992-ZAOZC,Male,0,No,No,19,Yes,Yes,No,No internet service,No internet service,No internet service,No internet service,No internet service,No internet service,Month-to-month,Yes,Mailed check,47.56,946.94,No
5623-WGSKI,Female,0,No,No,63,Yes,No,DSL,No,Yes,Yes,No,Yes,Yes,Two year,No,Bank transfer (automatic),96.01,5862.97,No
7271-KLFED,Female,0,Yes,No,31,Yes,No,DSL,Yes,No,No,Yes,Yes,No,Month-to-month,Yes,Credit card (automatic),78.15,2433.35,No
7301-VJKHW,Female,0,No,No,4,Yes,No,Fiber optic,Yes,Yes,No,No,Yes,Yes,Month-to-month,Yes,Credit card (automatic),106.94,408.52,Yes
3056-DBASM,Male,0,No,No,9,Yes,Yes,DSL,No,No,No,No,No,No,Month-to-month,Yes,Electronic check,75.36,651.63,No
8155-ZDDUW,Female,0,Yes,No,5,No,No phone service,Fiber optic,No,No,Yes,Yes,Yes,No,Month-to-month,Yes,Electronic check,90.91,468.01,Yes
7974-QLLVK,Male,0,Yes,Yes,19,Yes,Yes,DSL,Yes,Yes,Yes,Yes,Yes,Yes,Month-to-month,Yes,Electronic check,109.05,2094.04,No
4698-EPPWG,Male,0,No,Yes,37,Yes,Yes,Fiber optic,No,Yes,Yes,Yes,No,No,One year,No,Bank transfer (automatic),103.58,3688.38,No
9220-HYOAA,Female,0,Yes,No,5,Yes,Yes,No,No internet service,No internet service,No internet service,No internet service,No internet service,No internet service,Month-to-month,Yes,Mailed check,34.15,170.55,No
8917-SCMRD,Male,0,No,No,72,Yes,Yes,No,No internet service,No internet service,No internet service,No internet service,No internet service,No internet service,One year,No,Mailed check,33.27,2354.41,No
9624-ZZUMC,Male,1,Yes,No,10,Yes,Yes,DSL,Yes,Yes,No,No,No,Yes,Month-to-month,No,Credit card (automatic),96.83,966.86,Yes
2449-GQRRR,Male,0,No,No,30,Yes,No,Fiber optic,Yes,No,Yes,Yes,No,No,Month-to-month,No,Mailed check,95.15,2742.53,No
9834-UIBIU,Male,0,No,Yes,6,Yes,No,Fiber optic,No,No,Yes,Yes,Yes,No,Month-to-month,Yes,Credit card (automatic),105.39,657.15,Yes
8681-LXOIJ,Male,0,No,No,72,Yes,No,No,No internet service,No internet service,No internet service,No internet service,No internet service,No internet service,One year,Yes,Mailed check,30.11,2181.67,No
5827-HAXTS,Female,0,No,No,72,Yes,No,DSL,No,Yes,No,No,No,No,Month-to-month,Yes,Mailed check,61.45,4441.34,No
5267-BMEBZ,Male,0,No,No,17,No,No phone service,Fiber optic,Yes,Yes,No,Yes,No,Yes,Two year,No,Bank transfer (automatic),97.08,1596.84,No
1447-HCNWH,Female,1,No,No,63,Yes,Yes,Fiber optic,No,Yes,No,No,No,Yes,One year,No,Credit card (automatic),104.67,6624.83,No
3171-QHGTP,Female,0,Yes,No,2,No,No phone service,Fiber optic,Yes,Yes,No,Yes,No,No,Month-to-month,Yes,Credit card (automatic),83.48,175.04,Yes
3476-RJEUG,Male,1,Yes,No,72,No,No phone service,DSL,Yes,No,Yes,No,Yes,Yes,One year,No,Mailed check,80.78,5595.48,No
3962-UWICD,Male,0,No,No,27,Yes,Yes,No,No internet service,No internet service,No internet service,No internet service,No internet service,No internet service,One year,Yes,Bank transfer (automatic),43.34,1194.11,No
3525-VTKJR,Male,0,No,No,7,No,No phone service,Fiber optic,No,No,No,Yes,No,Yes,Month-to-month,Yes,Electronic check,85.48,591.58,No
3740-FTIQT,Female,0,Yes,No,22,Yes,No,No,No internet service,No internet service,No internet service,No internet service,No internet service,No internet service,Month-to-month,No,Electronic check,34.59,782.01,No
2900-BMMMY,Male,1,Yes,No,64,Yes,Yes,Fiber optic,Yes,Yes,No,No,Yes,No,Two year,No,Electronic check,108.89,6981.78,No
9724-GRKGN,Female,0,No,No,5,No,No phone service,DSL,No,No,Yes,No,Yes,Yes,One year,Yes,Electronic check,75.64,393.46,No
8122-AYLRZ,Male,0,Yes,No,3,Yes,Yes,DSL,Yes,No,No,No,Yes,No,Month-to-month,No,Mailed check,83.05,238.78,Yes
1672-CNJVP,Female,0,No,No,1,Yes,Yes,Fiber optic,Yes,No,No,Yes,Yes,Yes,Month-to-month,No,Bank transfer (automatic),118.75,117.83,No
5466-IGCRK,Male,0,No,No,62,Yes,Yes,No,No internet service,No internet service,No internet service,No internet service,No internet service,No internet service,One year,No,Electronic check,41.03,2499.24,No
4961-TPFIR,Male,0,No,No,58,Yes,Yes,No,No internet service,No internet service,No internet service,No internet service,No internet service,No internet service,Two year,Yes,Electronic check,35.97,2166.69,No
3947-IAABK,Female,1,Yes,Yes,9,Yes,Yes,No,No internet service,No internet service,No internet service,No internet service,No internet service,No internet service,Month-to-month,No,Mailed check,43.19,370.79,No
9605-CLFHF,Female,0,Yes,Yes,50,Yes,No,Fiber optic,Yes,Yes,No,No,No,Yes,Two year,Yes,Credit card (automatic),95.52,4622.97,No
1388-QBPXF,Male,0,Yes,No,8,Yes,Yes,DSL,No,Yes,Yes,No,No,No,Month-to-month,Yes,Electronic check,80.59,642.51,Yes
2995-SDWDR,Female,0,Yes,Yes,38,Yes,Yes,DSL,No,Yes,No,Yes,Yes,Yes,One year,Yes,Bank transfer (automatic),101.62,3876.02,No
4027-XSGMY,Male,0,No,No,2,Yes,Yes,No,No internet service,No internet service,No internet service,No internet service,No internet service,No internet service,One year,No,Bank transfer (automatic),34.34,68.58,No
8429-XHLXU,Female,0,No,No,31,No,No phone service,DSL,Yes,No,No,No,Yes,No,One year,Yes,Electronic check,69.72,2182.49,No
6298-GUHBK,Female,0,Yes,Yes,8,Yes,Yes,DSL,No,No,Yes,Yes,Yes,No,Month-to-month,Yes,Electronic check,91.91,766.85,Yes
1984-GVEBZ,Male,0,Yes,No,47,Yes,Yes,Fiber optic,No,Yes,Yes,No,No,No,Month-to-month,No,Bank transfer (automatic),101.3,4830.63,Yes
4287-PEMDT,Male,0,Yes,No,3,Yes,Yes,DSL,No,No,Yes,No,Yes,Yes,Month-to-month,Yes,Mailed check,93.63,280.0,Yes
4578-PCLGA,Male,1,No,No,61,Yes,Yes,Fiber optic,No,Yes,No,Yes,Yes,No,One year,Yes,Electronic check,111.9,6898.59,Yes
2153-OGLXD,Female,1,Yes,Yes,41,Yes,No,DSL,No,Yes,No,No,No,Yes,One year,Yes,Bank transfer (automatic),69.31,2759.9,No
1014-YRGSX,Female,0,No,No,41,Yes,Yes,DSL,No,Yes,Yes,Yes,No,Yes,One year,No,Mailed check,100.63,3942.72,No
1060-NYMLV,Male,0,No,No,35,No,No phone service,DSL,No,No,No,No,No,No,Month-to-month,No,Bank transfer (automatic),46.02,1641.34,No
2148-OAYVM,Male,1,No,No,3,No,No phone service,Fiber optic,No,No,Yes,Yes,No,Yes,Month-to-month,Yes,Electronic check,87.48,269.21,Yes
9770-YJRKQ,Female,0,No,No,59,Yes,Yes,Fiber optic,Yes,No,Yes,No,No,No,Two year,No,Electronic check,98.28,6057.72,No
2485-JWIVT,Female,0,Yes,Yes,26,Yes,No,DSL,Yes,No,Yes,Yes,No,Yes,Month-to-month,No,Electronic check,80.04,2176.7,No
5750-QEBJE,Female,1,No,No,66,Yes,No,DSL,No,Yes,No,No,Yes,No,Two year,No,Mailed check,74.84,5125.42,No
7391-XQJCQ,Male,0,Yes,No,63,No,No phone service,No,No internet service,No internet service,No internet service,No internet service,No internet service,No internet service,Two year,Yes,Bank transfer (automatic),20.51,1345.75,No
4104-DFSPM,Male,0,No,No,3,Yes,No,Fiber optic,No,No,No,No,Yes,No,Month-to-month,Yes,Bank transfer (automatic),85.77,263.99,No
2032-UQMZV,Male,0,Yes,Yes,55,Yes,Yes,Fiber optic,Yes,No,Yes,No,Yes,No,Two year,No,Mailed check,106.44,6085.46,No
1268-ABUBD,Female,0,No,No,69,Yes,Yes,Fiber optic,No,Yes,No,Yes,No,Yes,Two year,No,Mailed check,108.7,7126.72,No
9570-LRWDP,Male,0,Yes,No,12,No,No phone service,Fiber optic,No,No,Yes,No,No,No,Month-to-month,Yes,Bank transfer (automatic),75.74,866.07,No
2180-ADQMX,Female,0,No,No,59,Yes,Yes,No,No internet service,No internet service,No internet service,No internet service,No internet service,No internet service,Two year,Yes,Electronic check,45.29,2743.6,No
1750-GQAQX,Male,0,Yes,Yes,5,Yes,No,No,No internet service,No internet service,No internet service,No internet service,No internet service,No internet service,Month-to-month,No,Electronic check,28.46,147.05,No
2594-LEPVC,Female,0,No,No,57,Yes,Yes,DSL,Yes,Yes,No,No,Yes,Yes,Two year,Yes,Electronic check,99.15,5531.67,No
9145-PQBFI,Female,0,No,No,6,Yes,Yes,No,No internet service,No internet service,No internet service,No internet service,No internet service,No internet service,Month-to-month,No,Electronic check,46.28,265.2,No
7586-IZODV,Female,0,Yes,Yes,6,No,No phone service,Fiber optic,No,No,Yes,No,Yes,No,Month-to-month,No,Electronic check,79.76,455.54,Yes
4493-TPIDD,Male,0,No,Yes,5,Yes,No,Fiber optic,Yes,No,No,No,No,Yes,Month-to-month,No,Mailed check,96.43,461.69,Yes
7801-EJEGP,Male,0,No,No,57,No,No phone service,Fiber optic,No,No,No,Yes,Yes,Yes,Two year,Yes,Electronic check,89.63,5093.69,No
3185-CWPUA,Male,0,Yes,Yes,27,Yes,No,No,No internet service,No internet service,No internet service,No internet service,No internet service,No internet service,One year,No,Bank transfer (automatic),28.36,800.74,No
8978-CAYSP,Female,0,No,No,1,Yes,No,No,No internet service,No internet service,No internet service,No internet service,No internet service,No internet service,Month-to-month,Yes,Electronic check,33.26,31.73,No
5648-KUUSF,Female,0,No,No,20,No,No phone service,DSL,Yes,Yes,No,Yes,No,No,Month-to-month,Yes,Electronic check,71.17,1411.79,No
5439-NKYPA,Female,0,No,No,1,Yes,No,Fiber optic,Yes,No,Yes,No,No,Yes,Month-to-month,No,Bank transfer (automatic),100.53,100.93,No
3949-SPCVH,Female,0,Yes,Yes,6,Yes,No,No,No internet service,No internet service,No internet service,No internet service,No internet service,No internet service,Month-to-month,Yes,Bank transfer (automatic),30.92,187.94,No
7861-AGDNC,Female,0,Yes,No,8,Yes,Yes,Fiber optic,No,No,No,No,Yes,Yes,Month-to-month,Yes,Electronic check,107.27,850.05,Yes
6929-WZNMQ,Male,0,No,No,58,Yes,Yes,No,No internet service,No internet service,No internet service,No internet service,No internet service,No internet service,One year,No,Bank transfer (automatic),47.1,2817.29,No
4409-HFURZ,Female,0,Yes,No,65,Yes,Yes,Fiber optic,Yes,No,No,No,No,Yes,One year,No,Electronic check,103.42,6496.6,No
8772-MEXBJ,Male,0,No,No,9,Yes,Yes,Fiber optic,Yes,No,Yes,Yes,No,Yes,Month-to-month,No,Credit card (automatic),115.49,989.03,No
4433-LIUTB,Male,1,Yes,Yes,7,Yes,Yes,Fiber optic,No,Yes,No,No,No,No,Month-to-month,No,Electronic check,90.79,650.96,Yes
1859-YEUMD,Female,0,Yes,No,11,Yes,Yes,Fiber optic,Yes,No,No,No,No,Yes,Month-to-month,Yes,Mailed check,105.16,1208.16,Yes
4855-SPIFR,Male,0,No,No,42,Yes,Yes,Fiber optic,No,No,Yes,No,Yes,Yes,Two year,Yes,Credit card (automatic),110.44,4799.4,No
6336-FCFGK,Male,0,No,No,16,Yes,No,Fiber optic,No,Yes,No,No,No,No,One year,Yes,Bank transfer (automatic),81.15,1330.74,No
4276-JFMMX,Female,0,No,No,1,Yes,No,No,No internet service,No internet service,No internet service,No internet service,No internet service,No internet service,Month-to-month,Yes,Bank transfer (automatic),30.92,29.7,No
3374-FPEJL,Male,1,Yes,No,18,Yes,No,DSL,Yes,Yes,Yes,Yes,No,No,One year,No,Bank transfer (automatic),78.93,1462.6,No
4181-QZFDR,Female,0,Yes,Yes,72,Yes,Yes,No,No internet service,No internet service,No internet service,No internet service,No internet service,No internet service,Two year,No,Mailed check,35.67,2570.77,No
1977-HCMKT,Male,0,Yes,No,64,Yes,No,Fiber optic,No,No,Yes,No,No,Yes,One year,Yes,Electronic check,92.4,5792.95,No
4602-XPUQP,Male,0,No,No,6,Yes,Yes,No,No internet service,No internet service,No internet service,No internet service,No internet service,No internet service,Month-to-month,No,Mailed check,40.63,255.43,No
3784-POFKN,Male,0,No,No,72,Yes,No,Fiber optic,No,No,No,Yes,Yes,No,One year,Yes,Electronic check,94.64,7061.65,No
4546-PVHST,Male,0,No,No,14,Yes,No,No,No internet service,No internet service,No internet service,No internet service,No internet service,No internet service,One year,No,Electronic check,28.81,399.73,No
5041-GLFYY,Female,0,Yes,No,72,Yes,Yes,Fiber optic,No,Yes,No,No,No,Yes,One year,Yes,Electronic check,105.13,7345.67,No
1083-KBZTN,Male,0,No,No,57,Yes,No,DSL,Yes,Yes,No,No,Yes,No,Two year,Yes,Mailed check,74.99,4444.52,No
7974-NMUVL,Female,0,Yes,No,16,Yes,Yes,Fiber optic,No,Yes,No,Yes,Yes,No,One year,No,Electronic check,112.18,1779.53,Yes
4940-CTSKF,Male,0,No,No,4,No,No phone service,Fiber optic,No,Yes,No,No,Yes,Yes,Month-to-month,No,Bank transfer (automatic),88.59,369.56,Yes
6872-HQCMH,Female,0,Yes,Yes,10,Yes,No,Fiber optic,No,No,No,Yes,Yes,No,Month-to-month,No,Credit card (automatic),92.87,910.97,No
8524-WTALU,Female,0,No,Yes,8,Yes,Yes,Fiber optic,No,Yes,No,No,No,Yes,Month-to-month,Yes,Electronic check,103.97,824.67,Yes
7641-EWQSA,Female,0,Yes,No,59,No,No phone service,DSL,Yes,No,Yes,Yes,No,Yes,Two year,No,Bank transfer (automatic),68.47,4203.84,No
2158-KRNHT,Male,0,Yes,Yes,69,No,No phone service,No,No internet service,No internet service,No internet service,No internet service,No internet service,No internet service,Two year,No,Electronic check,27.7,1827.14,No
9887-OFRQI,Male,0,Yes,No,66,Yes,Yes,DSL,No,Yes,No,No,Yes,No,Two year,Yes,Mailed check,92.22,6376.85,No
1898-NXJBJ,Male,0,Yes,Yes,54,Yes,No,Fiber optic,No,No,Yes,No,Yes,No,Two year,No,Credit card (automatic),93.01,4793.7,No
8624-QJEOB,Female,1,Yes,Yes,66,Yes,Yes,Fiber optic,Yes,Yes,No,No,No,Yes,Two year,Yes,Bank transfer (automatic),110.91,7395.19,No
4354-DIOQT,Male,0,Yes,Yes,12,No,No phone service,No,No internet service,No internet service,No internet service,No internet service,No internet service,No internet service,Month-to-month,Yes,Bank transfer (automatic),29.25,350.17,No
4437-TTIXN,Male,1,Yes,No,60,Yes,Yes,Fiber optic,Yes,Yes,No,No,Yes,Yes,Two year,Yes,Electronic check,118.75,7181.62,No
7929-HBIMN,Female,0,No,No,1,Yes,No,Fiber optic,No,No,Yes,Yes,No,No,Two year,Yes,Credit card (automatic),90.07,88.91,No
3010-MNVXL,Male,0,Yes,Yes,35,Yes,No,DSL,No,No,Yes,No,Yes,No,One year,Yes,Electronic check,64.45,2310.82,No
7031-UYVYB,Female,0,No,No,5,Yes,No,DSL,No,Yes,No,No,No,Yes,Month-to-month,Yes,Bank transfer (automatic),71.52,367.35,No
8501-CKEYC,Male,0,Yes,No,10,Yes,Yes,Fiber optic,No,No,No,Yes,No,No,Month-to-month,Yes,Mailed check,98.17,1002.42,Yes
3699-HSMWN,Male,0,No,No,11,Yes,Yes,DSL,Yes,Yes,No,Yes,No,No,Month-to-month,Yes,Mailed check,81.96,859.56,Yes
1371-HZODJ,Female,0,No,No,69,Yes,No,Fiber optic,No,Yes,Yes,Yes,Yes,Yes,Month-to-month,Yes,Mailed check,113.7,7457.42,No
8272-TAEAU,Male,0,Yes,No,62,Yes,Yes,DSL,Yes,Yes,No,Yes,No,Yes,Two year,No,Bank transfer (automatic),95.25,6008.01,No
9513-QKIQI,Female,0,No,No,18,Yes,Yes,No,No internet service,No internet service,No internet service,No internet service,No internet service,No internet service,Two year,Yes,Electronic check,37.57,650.37,No
9686-VLHDU,Male,0,Yes,No,19,Yes,No,No,No internet service,No internet service,No internet service,No internet service,No internet service,No internet service,Month-to-month,Yes,Electronic check,33.52,608.42,No
3813-UFJHV,Male,0,No,No,59,Yes,No,Fiber optic,Yes,No,No,Yes,Yes,Yes,Two year,No,Mailed check,110.38,6221.16,No
3430-JLEYS,Female,0,No,No,1,Yes,No,Fiber optic,No,Yes,No,Yes,No,Yes,Month-to-month,No,Electronic check,100.93,96.04,Yes
5673-EESXU,Female,0,Yes,No,21,Yes,Yes,DSL,No,No,No,Yes,Yes,Yes,One year,Yes,Mailed check,98.68,2112.77,No
3641-GBIDG,Female,0,Yes,No,11,Yes,No,Fiber optic,Yes,No,Yes,No,No,Yes,Month-to-month,Yes,Bank transfer (automatic),98.07,1130.56,No
4022-FSRZD,Male,0,Yes,Yes,42,Yes,No,No,No internet service,No internet service,No internet service,No internet service,No internet service,No internet service,Two year,Yes,Credit card (automatic),31.33,1323.69,No
8347-OEHXK,Female,0,Yes,No,65,Yes,No,No,No internet service,No internet service,No internet service,No internet service,No internet service,No internet service,Two year,Yes,Electronic check,28.57,1885.62,No
9182-TYYEZ,Male,1,No,No,13,Yes,No,Fiber optic,No,Yes,No,Yes,Yes,No,One year,No,Electronic check,100.22,1329.64,No
9948-ZISMH,Male,0,Yes,No,51,Yes,Yes,DSL,No,No,No,No,Yes,Yes,One year,Yes,Mailed check,83.49,4080.76,No
3409-USXIC,Female,1,Yes,Yes,9,Yes,No,DSL,No,Yes,No,No,No,No,Month-to-month,Yes,Bank transfer (automatic),64.57,590.11,No
8847-XDOIK,Male,1,Yes,Yes,12,Yes,No,DSL,Yes,Yes,No,No,No,Yes,Month-to-month,Yes,Credit card (automatic),83.47,1037.19,No
4610-LCBQP,Female,0,Yes,No,62,Yes,Yes,DSL,No,Yes,Yes,No,Yes,Yes,Two year,Yes,Credit card (automatic),103.57,6632.94,No
4639-UTFCW,Male,0,Yes,Yes,14,Yes,No,DSL,No,Yes,No,Yes,Yes,Yes,Month-to-month,Yes,Electronic check,88.42,1212.71,No
2431-ZKMPN,Male,0,No,No,38,Yes,No,DSL,No,Yes,No,Yes,Yes,No,Month-to-month,Yes,Mailed check,73.85,2669.87,No
1918-XJDWJ,Female,0,Yes,No,16,Yes,No,Fiber optic,No,Yes,No,No,Yes,Yes,Two year,Yes,Mailed check,106.23,1727.54,No
7108-AIILO,Female,0,No,Yes,1,Yes,Yes,DSL,No,No,No,No,No,No,Month-to-month,No,Mailed check,64.71,66.07,No
4533-SLZUH,Female,0,Yes,Yes,9,Yes,Yes,Fiber optic,No,Yes,No,No,No,No,Month-to-month,Yes,Electronic check,95.79,899.79,Yes
7944-SKVPD,Female,0,Yes,Yes,26,Yes,No,Fiber optic,No,No,No,Yes,Yes,No,Month-to-month,No,Electronic check,95.59,2382.28,No
5968-MWZBY,Female,1,No,No,67,Yes,No,Fiber optic,Yes,No,Yes,No,No,Yes,Two year,Yes,Mailed check,95.72,6708.21,No
7156-CKXKO,Female,0,Yes,Yes,72,Yes,No,DSL,Yes,No,No,No,No,No,Month-to-month,Yes,Bank transfer (automatic),64.42,4415.42,No
3243-FVHMV,Female,0,Yes,Yes,71,Yes,Yes,DSL,No,No,Yes,No,Yes,No,Month-to-month,No,Credit card (automatic),81.88,5780.11,No
5947-VHOMA,Male,0,No,No,33,Yes,Yes,DSL,No,No,Yes,Yes,Yes,No,One year,No,Bank transfer (automatic),82.26,2688.99,No
1040-EHQQD,Male,1,No,No,60,Yes,No,No,No internet service,No internet service,No internet service,No internet service,No internet service,No internet service,Two year,Yes,Bank transfer (automatic),35.76,2040.89,No
5713-KMRGD,Male,0,Yes,No,7,Yes,No,Fiber optic,No,Yes,No,No,Yes,Yes,Month-to-month,No,Mailed check,108.14,776.12,No
5541-MZPJM,Female,0,No,No,65,Yes,No,Fiber optic,No,Yes,No,No,Yes,Yes,One year,Yes,Electronic check,101.9,6303.51,No
8144-WQMSD,Female,0,No,No,3,Yes,No,No,No internet service,No internet service,No internet service,No internet service,No internet service,No internet service,Month-to-month,Yes,Bank transfer (automatic),27.46,84.95,No
9397-TAGPD,Male,0,Yes,Yes,9,Yes,Yes,Fiber optic,Yes,No,No,No,Yes,No,Month-to-month,Yes,Electronic check,103.33,913.01,Yes
8553-WDEHK,Female,0,Yes,No,68,Yes,Yes,DSL,No,Yes,No,Yes,Yes,Yes,One year,Yes,Bank transfer (automatic),99.89,6582.57,No
6832-BHQBF,Female,0,Yes,No,48,Yes,No,Fiber optic,Yes,Yes,No,Yes,Yes,Yes,One year,Yes,Bank transfer (automatic),112.37,5392.14,No
4002-TPEII,Male,0,Yes,Yes,20,No,No phone service,No,No internet service,No internet service,No internet service,No internet service,No internet service,No internet service,One year,Yes,Electronic check,24.76,471.72,No
5932-HSJNJ,Female,0,No,No,72,Yes,No,Fiber optic,Yes,Yes,No,No,Yes,No,One year,No,Electronic check,97.1,6756.39,No
3354-ANJMI,Female,0,No,No,5,No,No phone service,DSL,No,No,No,Yes,Yes,No,Month-to-month,Yes,Credit card (automatic),63.0,328.61,No
3671-CEFEX,Male,1,No,No,1,Yes,No,No,No internet service,No internet service,No internet service,No internet service,No internet service,No internet service,Month-to-month,No,Credit card (automatic),25.05,26.08,No
9612-VSSUK,Female,0,Yes,Yes,66,Yes,No,Fiber optic,Yes,Yes,Yes,No,Yes,Yes,Two year,No,Bank transfer (automatic),110.51,7089.29,No
2251-DDAJR,Male,1,Yes,No,71,Yes,No,No,No internet service,No internet service,No internet service,No internet service,No internet service,No internet service,Month-to-month,No,Mailed check,31.53,2157.25,No
3277-VXPTI,Female,0,No,No,7,Yes,No,Fiber optic,Yes,No,Yes,No,No,Yes,One year,Yes,Credit card (automatic),100.0,700.92,No
5991-AVFWD,Female,0,Yes,No,71,Yes,No,Fiber optic,No,Yes,Yes,Yes,No,No,Month-to-month,Yes,Electronic check,91.71,6627.63,No
4712-HFZLT,Female,0,No,No,54,Yes,Yes,Fiber optic,Yes,No,No,No,No,No,Two year,No,Credit card (automatic),90.91,4794.04,No
2830-CUTBC,Male,0,No,No,24,Yes,Yes,No,No internet service,No internet service,No internet service,No internet service,No internet service,No internet service,Month-to-month,No,Electronic check,39.23,915.37,No
9412-PMXBH,Female,0,No,No,40,Yes,Yes,Fiber optic,No,Yes,Yes,No,No,No,One year,Yes,Credit card (automatic),102.85,4315.58,No
1168-TUXFX,Female,0,Yes,No,2,Yes,No,DSL,Yes,No,No,No,Yes,Yes,Month-to-month,Yes,Electronic check,77.57,154.94,No
4027-RADTH,Male,0,Yes,No,17,No,No phone service,Fiber optic,Yes,No,No,No,No,No,Month-to-month,Yes,Credit card (automatic),72.68,1283.19,No
6698-JWUPN,Female,0,No,No,1,Yes,Yes,DSL,Yes,Yes,No,Yes,No,Yes,Month-to-month,Yes,Credit card (automatic),96.92,95.77,No
2119-CPAFE,Male,0,No,No,25,Yes,No,DSL,No,No,Yes,No,No,Yes,Month-to-month,Yes,Electronic check,66.31,1585.05,No
5617-ETASY,Female,0,No,No,18,Yes,Yes,Fiber optic,Yes,Yes,Yes,No,Yes,Yes,Month-to-month,No,Mailed check,118.75,2089.06,No
9260-WMSER,Male,0,Yes,Yes,2,Yes,Yes,Fiber optic,Yes,No,Yes,Yes,Yes,Yes,Month-to-month,Yes,Electronic check,118.75,241.06,Yes
2758-EJJFF,Male,0,No,No,57,Yes,Yes,DSL,No,Yes,Yes,No,Yes,Yes,Two year,Yes,Mailed check,90.87,5202.5,No
2848-TIMNM,Male,0,No,No,68,Yes,Yes,DSL,Yes,Yes,Yes,No,Yes,No,Two year,Yes,Electronic check,98.61,6610.5,No
6918-SOBID,Female,0,Yes,Yes,34,Yes,Yes,DSL,No,No,Yes,Yes,Yes,No,Month-to-month,Yes,Electronic check,87.6,2982.74,No
5646-LTRVF,Male,0,No,No,6,Yes,Yes,Fiber optic,No,No,Yes,No,No,Yes,Month-to-month,No,Electronic check,107.37,676.24,Yes
7672-HWEBV,Female,0,No,No,5,Yes,No,DSL,Yes,No,No,No,No,No,One year,No,Mailed check,64.77,330.21,No
8793-YJARR,Male,0,Yes,Yes,64,No,No phone service,Fiber optic,No,No,No,Yes,No,No,One year,Yes,Bank transfer (automatic),67.84,4409.06,No
7494-LRCDK,Male,0,Yes,Yes,62,Yes,No,Fiber optic,No,No,No,Yes,Yes,Yes,Two year,Yes,Electronic check,99.4,6196.91,No
2666-TXEJF,Female,0,No,No,36,Yes,No,Fiber optic,No,No,No,No,Yes,No,One year,Yes,Bank transfer (automatic),82.93,2891.04,No
4281-PZDVS,Female,0,Yes,Yes,1,Yes,Yes,DSL,No,Yes,Yes,No,No,No,Month-to-month,No,Electronic check,81.62,82.58,Yes
5563-TTPTU,Male,0,No,No,12,Yes,No,Fiber optic,Yes,Yes,No,Yes,No,Yes,One year,Yes,Electronic check,108.88,1316.8,Yes
7557-JRYZN,Female,1,Yes,Yes,43,No,No phone service,Fiber optic,No,Yes,Yes,No,Yes,Yes,Two year,No,Mailed check,91.16,4032.39,No
3414-TCGMQ,Female,0,Yes,Yes,9,Yes,Yes,DSL,No,Yes,No,Yes,Yes,No,Month-to-month,No,Electronic check,82.53,729.93,No
3205-ATVMA,Female,0,No,No,6,Yes,Yes,Fiber optic,No,No,No,No,No,No,Month-to-month,Yes,Mailed check,92.41,548.97,Yes
3934-JRDQC,Male,1,No,No,60,Yes,No,Fiber optic,No,No,No,Yes,Yes,Yes,Two year,Yes,Electronic check,108.33,6819.76,No
2253-RNMMH,Male,1,Yes,Yes,26,Yes,No,Fiber optic,No,Yes,Yes,No,No,Yes,One year,No,Mailed check,100.19,2565.07,Yes
9157-MGIWO,Female,0,No,Yes,27,Yes,Yes,Fiber optic,No,Yes,No,No,No,No,Month-to-month,Yes,Credit card (automatic),91.39,2479.94,Yes
1517-ZWDLW,Male,0,Yes,No,9,Yes,No,Fiber optic,Yes,Yes,Yes,No,No,No,One year,No,Bank transfer (automatic),89.56,791.52,No
8250-LAOWH,Female,1,Yes,Yes,52,Yes,Yes,No,No internet service,No internet service,No internet service,No internet service,No internet service,No internet service,One year,Yes,Mailed check,39.35,2076.27,No
3689-MDSMC,Female,0,Yes,No,2,Yes,Yes,No,No internet service,No internet service,No internet service,No internet service,No internet service,No internet service,Month-to-month,No,Mailed check,43.33,89.02,No
9037-RROMW,Female,1,Yes,Yes,62,Yes,No,DSL,No,No,No,Yes,No,No,Two year,No,Mailed check,60.74,3835.7,No
9301-BGPJR,Female,0,No,No,68,Yes,Yes,Fiber optic,Yes,No,Yes,No,Yes,No,Two year,No,Electronic check,109.75,7508.32,No
5660-IABVJ,Female,0,No,No,69,No,No phone service,DSL,No,No,Yes,No,No,Yes,Two year,Yes,Mailed check,60.02,4063.37,No
1440-TQJLZ,Male,0,No,No,62,Yes,No,Fiber optic,No,Yes,Yes,Yes,Yes,No,Two year,Yes,Bank transfer (automatic),99.79,6239.15,No
7749-JRGQP,Female,0,No,No,66,Yes,Yes,Fiber optic,No,No,Yes,Yes,No,Yes,Two year,Yes,Credit card (automatic),113.0,7661.85,No
2073-WCENA,Male,0,Yes,Yes,63,Yes,Yes,DSL,No,Yes,Yes,Yes,Yes,Yes,One year,Yes,Bank transfer (automatic),104.06,6329.56,No
7921-OXGSP,Male,1,No,No,71,Yes,No,DSL,No,No,Yes,No,No,No,Two year,Yes,Bank transfer (automatic),55.52,3919.43,No
6185-JKOVC,Female,0,No,No,4,Yes,Yes,DSL,No,Yes,No,Yes,Yes,No,Month-to-month,No,Electronic check,87.03,361.19,Yes
4373-INTIP,Female,0,No,No,53,No,No phone service,Fiber optic,Yes,No,Yes,No,Yes,Yes,One year,Yes,Electronic check,98.56,5224.46,No
6952-ZFQZB,Female,0,No,No,67,Yes,No,Fiber optic,No,No,Yes,No,No,No,Two year,No,Electronic check,83.33,5806.14,No
9779-FGHOU,Female,0,No,No,5,Yes,Yes,Fiber optic,Yes,No,Yes,Yes,Yes,Yes,Month-to-month,No,Electronic check,118.75,569.02,Yes
2506-SPPHO,Male,0,Yes,Yes,1,Yes,Yes,Fiber optic,No,No,Yes,Yes,Yes,No,Month-to-month,Yes,Bank transfer (automatic),111.42,108.84,No
9700-MFUQH,Male,0,No,No,41,Yes,Yes,Fiber optic,No,Yes,Yes,No,Yes,No,Month-to-month,Yes,Bank transfer (automatic),111.73,4583.31,No
5913-LOFKQ,Female,0,No,No,51,Yes,No,DSL,No,Yes,No,Yes,Yes,Yes,Two year,No,Mailed check,81.55,4030.48,No
8425-ROWQN,Male,0,No,No,58,Yes,Yes,DSL,Yes,No,No,No,Yes,No,Month-to-month,Yes,Electronic check,77.81,4546.66,No
4056-OFZTM,Male,0,Yes,Yes,64,Yes,Yes,No,No internet service,No internet service,No internet service,No internet service,No internet service,No internet service,Two year,Yes,Bank transfer (automatic),39.66,2533.39,No
9728-VWXYS,Male,0,No,No,69,Yes,No,Fiber optic,No,Yes,No,No,Yes,No,Two year,Yes,Mailed check,90.36,6506.58,No
1981-NJDDR,Male,1,No,No,2,Yes,No,Fiber optic,No,Yes,No,No,Yes,Yes,Month-to-month,Yes,Electronic check,102.48,208.16,Yes
5919-VKWXQ,Male,0,Yes,Yes,8,Yes,Yes,Fiber optic,Yes,No,No,No,No,Yes,Month-to-month,Yes,Bank transfer (automatic),102.58,780.75,Yes
7757-GHERG,Male,0,No,Yes,65,Yes,Yes,DSL,Yes,Yes,No,No,No,No,Two year,Yes,Electronic check,81.63,5488.08,No
4907-CEGVM,Male,0,Yes,Yes,2,No,No phone service,No,No internet service,No internet service,No internet service,No internet service,No internet service,No internet service,Month-to-month,Yes,Mailed check,23.87,48.45,No
8145-KXFHA,Male,0,Yes,Yes,69,Yes,No,Fiber optic,No,No,Yes,No,Yes,No,One year,No,Electronic check,91.11,6099.82,No
5551-REWZM,Female,0,Yes,No,60,Yes,Yes,DSL,No,Yes,No,Yes,No,Yes,One year,Yes,Electronic check,85.79,5017.19,No
1326-BXIHB,Male,0,No,No,4,Yes,Yes,DSL,Yes,No,Yes,No,No,Yes,Month-to-month,No,Electronic check,87.62,357.05,No
7668-XRXKV,Male,0,Yes,Yes,5,Yes,Yes,DSL,Yes,Yes,Yes,No,Yes,No,Month-to-month,No,Electronic check,99.69,502.29,No
3302-GONDR,Female,0,No,No,63,Yes,No,DSL,Yes,No,Yes,Yes,Yes,Yes,Two year,Yes,Bank transfer (automatic),93.72,5868.43,No
9605-GWGDU,Male,0,Yes,Yes,52,Yes,Yes,DSL,No,No,No,No,Yes,Yes,One year,No,Electronic check,90.48,4618.3,No
6395-VTUTY,Female,0,Yes,No,3,Yes,No,DSL,No,No,No,No,No,No,Month-to-month,Yes,Electronic check,54.41,168.55,Yes
4571-DEZLG,Female,0,Yes,No,67,Yes,No,DSL,No,Yes,Yes,No,No,Yes,Two year,No,Credit card (automatic),77.51,5345.68,No
1916-MJYIL,Male,0,Yes,Yes,3,No,No phone service,Fiber optic,No,No,No,Yes,Yes,No,Month-to-month,No,Credit card (automatic),78.24,243.28,Yes
5036-ZWYJS,Male,0,No,No,11,Yes,No,DSL,No,No,No,Yes,No,Yes,Month-to-month,No,Mailed check,73.01,827.59,No
6049-AZPVR,Female,0,No,No,1,Yes,No,DSL,No,Yes,Yes,No,Yes,No,Month-to-month,Yes,Bank transfer (automatic),77.82,81.27,No
1895-RUGOI,Female,1,Yes,No,61,Yes,Yes,Fiber optic,No,No,No,Yes,No,Yes,Month-to-month,Yes,Credit card (automatic),100.11,5869.09,No
6945-XRNGL,Male,1,Yes,No,7,Yes,No,Fiber optic,No,No,Yes,No,No,No,Month-to-month,Yes,Credit card (automatic),81.44,570.85,Yes
1128-XKZGC,Female,0,No,No,11,Yes,Yes,No,No internet service,No internet service,No internet service,No internet service,No internet service,No internet service,Month-to-month,Yes,Mailed check,46.61,503.13,No
4857-HWELI,Male,0,Yes,Yes,68,Yes,No,Fiber optic,Yes,Yes,No,No,Yes,No,Two year,No,Electronic check,96.57,6492.44,No
7656-UHCUM,Female,0,No,No,1,Yes,Yes,DSL,Yes,No,Yes,No,Yes,Yes,One year,Yes,Bank transfer (automatic),99.47,103.66,No
7765-YIKXC,Male,1,No,No,65,Yes,No,Fiber optic,No,No,Yes,No,No,No,One year,Yes,Mailed check,79.07,5287.24,No
3627-SNJPV,Female,0,Yes,No,2,Yes,Yes,No,No internet service,No internet service,No internet service,No internet service,No internet service,No internet service,Month-to-month,Yes,Electronic check,45.81,87.34,Yes
6353-LABQQ,Female,0,Yes,Yes,16,Yes,Yes,No,No internet service,No internet service,No internet service,No internet service,No internet service,No internet service,Month-to-month,Yes,Electronic check,42.11,670.39,No
3229-AFHOC,Female,0,No,No,66,Yes,Yes,No,No internet service,No internet service,No internet service,No internet service,No internet service,No internet service,Two year,No,Mailed check,41.29,2655.63,No
5089-NZVTW,Female,0,Yes,Yes,69,No,No phone service,Fiber optic,Yes,No,Yes,No,No,Yes,One year,No,Mailed check,84.96,5910.54,No
7722-UIMTG,Male,1,Yes,No,4,Yes,Yes,Fiber optic,No,No,Yes,No,No,No,Month-to-month,Yes,Mailed check,100.81,395.97,Yes
6367-UFKEW,Male,0,Yes,Yes,4,Yes,No,DSL,No,Yes,Yes,Yes,No,No,Month-to-month,No,Mailed check,75.07,299.78,No
4677-AAOPF,Male,0,No,No,21,Yes,No,Fiber optic,Yes,Yes,No,No,No,Yes,Two year,No,Electronic check,96.94,2009.96,No
2457-ZFSEK,Male,0,No,No,70,Yes,No,Fiber optic,No,No,No,No,Yes,Yes,One year,No,Electronic check,93.07,6212.74,No
8027-PDYEO,Female,0,Yes,Yes,38,No,No phone service,DSL,No,Yes,No,Yes,No,Yes,Two year,Yes,Bank transfer (automatic),62.42,2323.26,No
1231-SLXLR,Male,0,No,No,23,Yes,Yes,No,No internet service,No internet service,No internet service,No internet service,No internet service,No internet service,One year,No,Mailed check,41.9,981.26,No
2941-FFYVG,Male,0,Yes,Yes,6,Yes,Yes,DSL,No,No,No,Yes,Yes,Yes,Month-to-month,Yes,Mailed check,98.65,611.54,Yes
9096-JLFFV,Female,1,No,No,2,Yes,No,DSL,Yes,No,No,Yes,No,Yes,Two year,Yes,Bank transfer (automatic),77.63,159.92,No
4102-KKDHG,Female,0,Yes,Yes,1,Yes,No,DSL,No,Yes,Yes,No,No,Yes,Month-to-month,Yes,Bank transfer (automatic),83.06,80.99,Yes
8388-XJRLA,Female,0,No,No,23,Yes,No,Fiber optic,No,No,No,No,No,Yes,Month-to-month,No,Bank transfer (automatic),82.25,1951.0,No
3182-WZKFJ,Female,1,No,No,8,Yes,No,Fiber optic,Yes,Yes,Yes,Yes,No,Yes,Month-to-month,Yes,Bank transfer (automatic),111.78,923.42,No
7935-TGCBI,Male,0,Yes,Yes,19,Yes,Yes,DSL,No,Yes,No,No,No,Yes,Month-to-month,Yes,Bank transfer (automatic),88.95,1694.32,No
4847-MJPRU,Male,0,Yes,No,17,Yes,Yes,No,No internet service,No internet service,No internet service,No internet service,No internet service,No internet service,One year,No,Mailed check,45.01,751.84,No
1745-ANJZR,Female,0,Yes,No,11,Yes,Yes,DSL,Yes,No,No,Yes,Yes,No,Month-to-month,Yes,Electronic check,87.71,995.53,No
3166-ZOPGN,Female,0,Yes,No,28,Yes,No,Fiber optic,Yes,No,Yes,Yes,No,Yes,Two year,Yes,Electronic check,109.05,2932.65,No
6557-WDIND,Male,0,Yes,No,5,Yes,No,Fiber optic,No,Yes,Yes,No,Yes,No,Month-to-month,No,Credit card (automatic),91.84,480.14,No
2914-IZMZH,Female,1,No,No,62,No,No phone service,No,No internet service,No internet service,No internet service,No internet service,No internet service,No internet service,Month-to-month,No,Electronic check,28.2,1719.54,No
6907-YHWPT,Male,0,No,No,48,Yes,Yes,No,No internet service,No internet service,No internet service,No internet service,No internet service,No internet service,Two year,Yes,Bank transfer (automatic),41.52,1919.53,No
5321-NLETM,Male,0,Yes,Yes,69,Yes,No,DSL,No,Yes,No,Yes,Yes,Yes,Two year,No,Electronic check,86.61,6121.62,No
3478-OXQLE,Female,0,No,No,71,Yes,No,Fiber optic,No,No,Yes,No,Yes,Yes,One year,Yes,Credit card (automatic),104.87,7402.31,No
1894-FAGSL,Female,0,No,No,31,Yes,No,No,No internet service,No internet service,No internet service,No internet service,No internet service,No internet service,Month-to-month,No,Electronic check,31.13,967.41,No
9108-BJSMM,Female,0,No,No,33,Yes,Yes,DSL,No,Yes,No,No,No,No,Month-to-month,Yes,Credit card (automatic),72.85,2293.52,No
3425-DCWEE,Male,0,Yes,Yes,3,Yes,Yes,DSL,Yes,Yes,Yes,Yes,No,Yes,Month-to-month,No,Credit card (automatic),102.78,302.62,No
9335-VORFZ,Female,1,Yes,No,3,Yes,No,Fiber optic,Yes,No,No,No,Yes,No,Month-to-month,No,Electronic check,88.95,259.42,Yes
1067-NOKBT,Male,0,No,No,19,Yes,Yes,Fiber optic,Yes,No,No,No,Yes,No,Month-to-month,Yes,Credit card (automatic),106.38,2003.93,Yes
2545-XARRK,Male,0,Yes,No,38,Yes,No,No,No internet service,No internet service,No internet service,No internet service,No internet service,No internet service,Two year,No,Electronic check,27.6,1004.44,No
2737-VDCVR,Female,0,No,Yes,10,Yes,Yes,Fiber optic,Yes,No,No,No,Yes,No,Month-to-month,No,Bank transfer (automatic),101.84,991.85,No
8439-QHRIB,Female,0,No,No,18,Yes,No,Fiber optic,No,Yes,No,Yes,Yes,No,Month-to-month,No,Mailed check,94.91,1653.24,Yes
8423-ITTYO,Female,0,Yes,Yes,42,No,No phone service,No,No internet service,No internet service,No internet service,No internet service,No internet service,No internet service,Two year,Yes,Credit card (automatic),20.33,836.26,No
4463-WUHUT,Female,0,Yes,No,1,Yes,Yes,Fiber optic,Yes,Yes,No,No,Yes,No,Month-to-month,Yes,Mailed check,104.99,104.79,No
9964-YJKEZ,Female,0,No,No,39,No,No phone service,Fiber optic,No,No,No,No,Yes,Yes,One year,Yes,Electronic check,81.74,3334.24,No
7535-CWEUH,Female,0,No,Yes,53,Yes,Yes,No,No internet service,No internet service,No internet service,No internet service,No internet service,No internet service,One year,Yes,Electronic check,48.13,2548.97,No
3525-DMLUI,Male,0,No,Yes,9,Yes,No,Fiber optic,Yes,No,Yes,No,Yes,No,Month-to-month,Yes,Electronic check,98.24,924.24,Yes
3151-JCJFL,Male,0,Yes,No,3,Yes,No,DSL,Yes,No,No,Yes,No,No,Month-to-month,No,Mailed check,70.22,208.88,No
7358-MOKTV,Male,0,No,No,66,Yes,No,Fiber optic,Yes,Yes,No,Yes,Yes,Yes,One year,Yes,Credit card (automatic),118.75,7495.89,No
4053-LLBIM,Male,0,No,Yes,54,No,No phone service,Fiber optic,No,No,No,Yes,No,No,One year,Yes,Mailed check,67.86,3558.27,No
4673-QSYNQ,Female,0,No,No,7,No,No phone service,No,No internet service,No internet service,No internet service,No internet service,No internet service,No internet service,Month-to-month,Yes,Credit card (automatic),18.25,126.32,No
2375-HLXMD,Male,0,Yes,No,62,Yes,Yes,DSL,No,No,No,Yes,Yes,Yes,One year,Yes,Credit card (automatic),96.13,6244.53,No
3093-RHGLO,Male,0,Yes,No,56,Yes,No,Fiber optic,Yes,Yes,No,No,Yes,Yes,Two year,Yes,Electronic check,107.19,6188.59,No
2253-XNNKM,Male,0,Yes,Yes,3,Yes,Yes,DSL,No,No,No,Yes,Yes,No,Month-to-month,Yes,Credit card (automatic),85.38,245.13,No
5151-JPTAT,Female,0,No,Yes,65,Yes,No,Fiber optic,No,Yes,No,No,No,No,Month-to-month,Yes,Electronic check,86.38,5431.45,No
8583-EEKCW,Male,0,No,No,5,Yes,No,Fiber optic,No,No,Yes,No,Yes,No,Month-to-month,No,Credit card (automatic),94.51,476.59,No
5876-ISTLV,Female,0,No,No,67,Yes,Yes,No,No internet service,No internet service,No internet service,No internet service,No internet service,No internet service,Month-to-month,No,Credit card (automatic),42.87,3005.19,No
6592-ZWEET,Male,0,No,No,10,Yes,No,Fiber optic,No,No,Yes,Yes,Yes,Yes,Month-to-month,No,Electronic check,110.75,1097.51,Yes
5248-WCNAD,Male,0,Yes,No,66,Yes,Yes,No,No internet service,No internet service,No internet service,No internet service,No internet service,No internet service,Two year,No,Bank transfer (automatic),42.46,2895.36,No
3813-RLKRT,Female,0,Yes,Yes,7,Yes,No,Fiber optic,Yes,No,Yes,No,Yes,Yes,One year,No,Mailed check,108.95,749.42,No
8974-HVQRZ,Female,1,Yes,Yes,37,Yes,No,Fiber optic,Yes,Yes,No,Yes,Yes,No,One year,No,Mailed check,106.72,3828.07,No
7471-UCDEV,Male,0,Yes,No,70,Yes,No,DSL,No,Yes,No,Yes,No,No,One year,Yes,Mailed check,70.34,4834.68,No
4083-WFQQL,Female,0,No,No,64,Yes,Yes,DSL,Yes,Yes,No,No,Yes,Yes,Two year,Yes,Credit card (automatic),103.12,6679.17,No
9824-EHMMA,Female,0,No,No,33,No,No phone service,DSL,No,Yes,No,No,No,Yes,Month-to-month,Yes,Bank transfer (automatic),62.31,2075.0,No
3721-XTLMA,Male,1,Yes,No,8,Yes,Yes,DSL,No,Yes,No,Yes,No,No,Month-to-month,Yes,Credit card (automatic),76.1,605.57,No
8364-PFOVB,Female,0,No,No,10,Yes,Yes,DSL,Yes,Yes,Yes,No,No,Yes,Month-to-month,Yes,Credit card (automatic),94.28,960.56,No
1129-CWLKM,Female,0,No,No,62,Yes,No,Fiber optic,No,No,No,Yes,No,Yes,One year,Yes,Credit card (automatic),91.86,5545.97,No
5764-AKNSY,Female,1,Yes,Yes,13,Yes,No,No,No internet service,No internet service,No internet service,No internet service,No internet service,No internet service,Month-to-month,Yes,Bank transfer (automatic),25.56,318.35,No
8993-GBAOO,Female,0,Yes,No,67,Yes,No,Fiber optic,Yes,No,Yes,Yes,No,Yes,Two year,Yes,Electronic check,104.97,7113.91,No
5388-XKMMY,Female,0,Yes,No,65,Yes,No,DSL,No,Yes,No,No,No,No,Two year,No,Bank transfer (automatic),64.16,4020.09,No
6681-LLESM,Female,0,Yes,Yes,5,Yes,Yes,Fiber optic,Yes,No,Yes,Yes,No,No,Month-to-month,No,Electronic check,111.46,557.96,No
8178-GFXIP,Female,0,No,No,16,Yes,No,Fiber optic,Yes,Yes,Yes,Yes,Yes,Yes,Month-to-month,No,Credit card (automatic),118.75,1869.64,Yes
8675-DHSYV,Female,0,Yes,Yes,65,Yes,Yes,Fiber optic,No,No,Yes,No,No,Yes,Month-to-month,Yes,Credit card (automatic),107.36,6652.11,No
6902-UUVQH,Female,0,Yes,No,61,Yes,No,Fiber optic,Yes,Yes,Yes,Yes,Yes,No,Month-to-month,No,Electronic check,111.27,6761.83,No
2412-RDFPC,Female,0,No,No,69,Yes,Yes,DSL,No,No,No,No,No,No,One year,Yes,Electronic check,62.45,4471.35,No
7815-YMGOZ,Female,0,No,No,1,Yes,No,No,No internet service,No internet service,No internet service,No internet service,No internet service,No internet service,Month-to-month,Yes,Credit card (automatic),31.35,32.55,Yes
6878-WJEVX,Male,0,Yes,No,72,Yes,No,Fiber optic,No,Yes,Yes,No,Yes,Yes,One year,Yes,Mailed check,105.66,7780.0,No
1523-UICFO,Female,0,No,No,60,Yes,No,Fiber optic,No,No,Yes,No,No,Yes,One year,Yes,Electronic check,87.14,5217.51,No
8968-GIJBW,Female,0,Yes,No,66,Yes,Yes,Fiber optic,Yes,No,No,No,Yes,Yes,One year,No,Bank transfer (automatic),113.81,7395.7,No
5382-XWWPC,Male,1,Yes,No,72,Yes,No,DSL,No,No,No,No,No,Yes,Two year,Yes,Electronic check,66.15,4539.27,No
1826-YLLVC,Female,0,No,No,6,Yes,No,Fiber optic,No,No,No,No,Yes,Yes,Month-to-month,Yes,Mailed check,87.02,533.7,Yes
2734-UPWCO,Male,0,Yes,Yes,64,Yes,No,No,No internet service,No internet service,No internet service,No internet service,No internet service,No internet service,Month-to-month,Yes,Mailed check,29.02,1933.63,No
9311-CQWXE,Male,0,No,No,65,Yes,No,Fiber optic,No,No,Yes,No,No,Yes,Month-to-month,No,Credit card (automatic),90.22,5913.96,No
5786-STMWE,Female,0,Yes,Yes,35,Yes,Yes,DSL,No,No,Yes,Yes,Yes,No,Month-to-month,Yes,Electronic check,92.46,3397.39,No
6959-IDWLK,Male,0,Yes,Yes,62,Yes,Yes,Fiber optic,Yes,No,Yes,No,No,Yes,Two year,Yes,Electronic check,106.08,6676.53,No
1107-GVINC,Female,0,No,Yes,2,Yes,No,Fiber optic,No,No,Yes,No,Yes,Yes,Month-to-month,No,Bank transfer (automatic),101.2,195.53,No
7101-SKQGT,Female,0,Yes,Yes,32,Yes,No,Fiber optic,No,Yes,Yes,Yes,Yes,Yes,One year,No,Electronic check,117.73,3769.02,Yes
9677-KFUKK,Female,0,No,No,5,Yes,No,No,No internet service,No internet service,No internet service,No internet service,No internet service,No internet service,Month-to-month,Yes,Bank transfer (automatic),28.97,145.78,No
8516-YNRYL,Male,0,No,No,52,Yes,Yes,Fiber optic,No,No,No,No,No,Yes,Month-to-month,Yes,Mailed check,103.56,5534.11,No
1162-SNBIK,Male,0,No,No,4,Yes,No,Fiber optic,No,No,No,Yes,Yes,No,Month-to-month,Yes,Electronic check,88.9,361.48,No
3692-LKAXD,Female,0,No,No,9,Yes,Yes,Fiber optic,Yes,Yes,No,No,Yes,No,Month-to-month,Yes,Mailed check,109.89,944.65,Yes
1947-ZZUWZ,Female,0,Yes,Yes,25,Yes,Yes,DSL,No,No,No,Yes,No,No,One year,No,Bank transfer (automatic),71.6,1738.11,No
7869-KROHT,Female,0,No,No,35,Yes,Yes,Fiber optic,Yes,Yes,Yes,No,No,Yes,Month-to-month,No,Electronic check,116.84,3908.57,No
6638-AHNXS,Male,0,No,No,70,Yes,No,Fiber optic,No,No,Yes,No,Yes,No,Two year,Yes,Electronic check,90.55,6304.88,No
8310-QXQQL,Female,0,No,No,18,Yes,No,DSL,Yes,Yes,Yes,No,No,No,Month-to-month,Yes,Electronic check,76.51,1364.72,No
6656-XUKFH,Female,0,No,No,5,Yes,Yes,Fiber optic,No,No,No,No,No,No,One year,No,Mailed check,88.04,439.38,Yes
1605-NKSWN,Female,0,No,No,61,Yes,No,Fiber optic,Yes,No,No,No,Yes,Yes,One year,Yes,Credit card (automatic),96.33,6169.67,No
9860-HCONT,Male,1,Yes,No,2,Yes,No,Fiber optic,Yes,Yes,No,No,Yes,Yes,Month-to-month,Yes,Electronic check,108.31,206.32,Yes
3621-AXOGV,Female,0,No,Yes,18,Yes,Yes,Fiber optic,Yes,Yes,No,No,No,Yes,Month-to-month,Yes,Credit card (automatic),110.87,2088.37,No
5979-SZCBJ,Female,0,Yes,No,52,Yes,Yes,DSL,No,No,No,Yes,Yes,Yes,One year,No,Credit card (automatic),97.07,5252.09,No
9314-JBQDH,Female,1,Yes,No,5,Yes,Yes,DSL,No,No,No,No,No,No,Two year,No,Mailed check,66.22,324.97,No
1085-LZUZO,Male,0,No,No,44,Yes,Yes,DSL,No,No,Yes,No,Yes,Yes,Month-to-month,No,Electronic check,96.02,4397.33,Yes
9737-VGHRV,Female,0,Yes,No,35,Yes,No,Fiber optic,Yes,Yes,No,No,Yes,No,Month-to-month,Yes,Bank transfer (automatic),97.37,3387.02,No
3293-SNGIP,Female,0,Yes,Yes,10,No,No phone service,Fiber optic,Yes,Yes,No,Yes,Yes,No,Month-to-month,No,Bank transfer (automatic),104.18,1071.65,No
6919-LDLKC,Male,0,Yes,No,68,No,No phone service,DSL,Yes,No,Yes,No,Yes,Yes,One year,Yes,Electronic check,79.6,5143.61,No
7961-XMLJN,Female,0,No,No,60,No,No phone service,Fiber optic,Yes,Yes,Yes,Yes,Yes,No,One year,Yes,Bank transfer (automatic),101.06,6308.26,No
9502-UWPQZ,Female,0,Yes,Yes,72,Yes,Yes,Fiber optic,No,Yes,Yes,No,Yes,Yes,One year,Yes,Credit card (automatic),118.75,8656.61,No
9020-TKENM,Male,0,No,No,18,Yes,Yes,No,No internet service,No internet service,No internet service,No internet service,No internet service,No internet service,Two year,No,Electronic check,43.21,750.03,No
8499-DSWDF,Male,0,Yes,Yes,17,Yes,Yes,DSL,No,Yes,No,Yes,No,No,Two year,No,Electronic check,77.52,1372.58,No
8755-AEOXD,Female,0,No,No,27,Yes,No,Fiber optic,No,No,Yes,No,Yes,Yes,One year,Yes,Bank transfer (automatic),99.52,2564.0,Yes
7694-CJHND,Male,0,Yes,Yes,13,Yes,Yes,Fiber optic,Yes,No,No,Yes,No,Yes,One year,Yes,Mailed check,115.49,1430.05,No
5995-ZHMUD,Female,0,No,No,9,Yes,No,DSL,No,Yes,No,Yes,No,Yes,Month-to-month,Yes,Credit card (automatic),75.21,706.39,No
7910-BXXFV,Male,0,Yes,No,23,Yes,No,No,No internet service,No internet service,No internet service,No internet service,No internet service,No internet service,Two year,No,Mailed check,32.09,741.9,No
9008-AOBBM,Female,0,No,No,16,Yes,No,No,No internet service,No internet service,No internet service,No internet service,No internet service,No internet service,Month-to-month,Yes,Credit card (automatic),25.7,394.75,Yes
6074-OXUMS,Male,0,No,No,44,Yes,Yes,DSL,No,Yes,No,No,Yes,No,Month-to-month,Yes,Mailed check,79.88,3377.63,No
3175-TNLLL,Female,0,No,No,2,Yes,Yes,Fiber optic,No,Yes,No,Yes,No,No,Month-to-month,No,Electronic check,99.81,204.39,Yes
6328-CQQKX,Female,0,No,No,47,Yes,Yes,DSL,No,No,No,No,Yes,Yes,One year,No,Mailed check,81.09,3844.21,No
6554-OYXTQ,Female,0,Yes,No,10,No,No phone service,No,No internet service,No internet service,No internet service,No internet service,No internet service,No internet service,Month-to-month,No,Mailed check,18.25,183.33,No
3713-SOUSO,Female,0,No,No,12,Yes,No,DSL,No,No,No,Yes,No,No,Two year,Yes,Electronic check,67.96,829.21,No
3028-QCYOT,Male,0,No,Yes,72,Yes,Yes,No,No internet service,No internet service,No internet service,No internet service,No internet service,No internet service,Two year,Yes,Electronic check,44.05,3233.9,No
9548-EMXDY,Female,0,No,No,9,Yes,Yes,No,No internet service,No internet service,No internet service,No internet service,No internet service,No internet service,Month-to-month,No,Mailed check,42.5,374.32,No
3944-ZHFVV,Male,0,No,No,5,Yes,Yes,Fiber optic,Yes,No,Yes,No,Yes,No,Month-to-month,No,Credit card (automatic),111.42,584.76,Yes
8278-CNIPM,Male,0,No,No,13,Yes,No,Fiber optic,Yes,No,No,No,No,Yes,Two year,Yes,Mailed check,92.23,1146.7,No
1381-IEANJ,Male,0,No,No,5,Yes,Yes,DSL,No,No,Yes,Yes,Yes,Yes,Month-to-month,Yes,Electronic check,96.99,498.62,No
2491-CCEDG,Male,0,Yes,No,9,No,No phone service,Fiber optic,No,Yes,Yes,Yes,No,No,Month-to-month,No,Electronic check,83.53,733.84,Yes
2468-EYRBY,Female,1,No,No,59,Yes,Yes,DSL,No,Yes,No,No,No,No,Month-to-month,Yes,Mailed check,79.09,4846.93,Yes
3973-ABKIK,Female,0,No,No,66,Yes,Yes,Fiber optic,No,Yes,No,Yes,Yes,Yes,One year,Yes,Electronic check,114.61,7279.01,No
6311-GYXBG,Male,1,No,No,33,Yes,No,DSL,No,No,No,No,No,No,One year,Yes,Bank transfer (automatic),60.96,2110.23,No
4874-MTKCB,Male,1,Yes,Yes,37,Yes,Yes,Fiber optic,No,No,No,Yes,No,No,One year,No,Credit card (automatic),92.03,3395.55,No
8615-OBAQX,Female,0,No,No,64,Yes,No,Fiber optic,Yes,No,Yes,No,Yes,Yes,Two year,No,Credit card (automatic),106.01,6703.75,No
1305-GZRGO,Male,0,No,No,15,Yes,Yes,No,No internet service,No internet service,No internet service,No internet service,No internet service,No internet service,One year,Yes,Credit card (automatic),48.28,696.07,No
3057-HKCQF,Male,0,Yes,Yes,68,Yes,Yes,Fiber optic,No,Yes,No,No,Yes,No,Two year,Yes,Credit card (automatic),103.88,6954.02,No
3332-JZUNL,Male,1,No,No,12,Yes,No,No,No internet service,No internet service,No internet service,No internet service,No internet service,No internet service,Two year,No,Bank transfer (automatic),37.98,444.06,No
8401-BVYQQ,Female,0,Yes,Yes,14,Yes,No,No,No internet service,No internet service,No internet service,No internet service,No internet service,No internet service,Two year,No,Mailed check,35.72,522.17,No
3742-AYMPV,Female,1,No,No,29,Yes,No,DSL,Yes,Yes,No,No,Yes,Yes,Month-to-month,Yes,Credit card (automatic),83.15,2450.75,No
7228-ZVFVH,Male,0,Yes,Yes,21,Yes,No,Fiber optic,Yes,No,No,Yes,Yes,Yes,One year,Yes,Credit card (automatic),106.61,2205.74,No
3644-TOHKD,Male,0,Yes,Yes,71,Yes,Yes,Fiber optic,Yes,No,No,Yes,Yes,No,Two year,No,Electronic check,106.26,7237.32,No
3288-SZWFN,Female,0,Yes,Yes,62,Yes,No,Fiber optic,No,No,Yes,Yes,No,No,Two year,Yes,Mailed check,86.3,5349.62,No
6215-WYQZS,Female,0,No,No,65,Yes,No,DSL,No,Yes,No,No,Yes,Yes,One year,Yes,Bank transfer (automatic),85.57,5705.98,No
5473-GZILP,Male,0,Yes,Yes,1,Yes,Yes,Fiber optic,Yes,Yes,No,No,No,Yes,Month-to-month,No,Mailed check,114.52,118.31,No
1260-XDXPA,Female,0,No,No,38,Yes,Yes,DSL,No,Yes,No,Yes,No,Yes,Two year,Yes,Bank transfer (automatic),87.89,3352.96,No
1156-RKXST,Male,0,No,Yes,18,Yes,Yes,No,No internet service,No internet service,No internet service,No internet service,No internet service,No internet service,One year,Yes,Credit card (automatic),43.15,815.11,No
9816-CWQOX,Male,0,No,No,64,Yes,No,No,No internet service,No internet service,No internet service,No internet service,No internet service,No internet service,Two year,Yes,Bank transfer (automatic),34.88,2221.62,No
8293-RJVVJ,Female,0,Yes,No,19,Yes,No,Fiber optic,No,No,No,Yes,No,No,One year,No,Electronic check,78.56,1430.23,No
3903-VVZDJ,Male,0,No,No,3,Yes,Yes,Fiber optic,No,No,No,No,Yes,Yes,Month-to-month,Yes,Credit card (automatic),109.24,320.83,Yes
4161-LFAHX,Female,0,No,No,11,Yes,No,Fiber optic,Yes,No,No,Yes,No,No,Month-to-month,Yes,Electronic check,91.94,1027.23,Yes
6862-EVQVF,Male,0,Yes,Yes,70,Yes,No,DSL,Yes,No,Yes,No,Yes,No,Two year,Yes,Credit card (automatic),83.45,5915.35,No
9090-ZAMSP,Male,0,Yes,Yes,64,Yes,No,DSL,Yes,No,Yes,No,Yes,Yes,Two year,Yes,Mailed check,87.9,5531.38,No
1116-FVKWO,Female,0,Yes,Yes,9,Yes,No,No,No internet service,No internet service,No internet service,No internet service,No internet service,No internet service,Month-to-month,Yes,Electronic check,23.21,216.99,No
9093-EFTRP,Male,0,No,No,71,Yes,No,Fiber optic,No,No,No,Yes,No,Yes,One year,Yes,Electronic check,93.52,6481.57,No
3875-BDBGO,Female,0,Yes,Yes,1,Yes,No,Fiber optic,No,Yes,No,No,No,No,Month-to-month,Yes,Credit card (automatic),85.99,84.09,No
4734-WSHWA,Male,0,Yes,No,65,Yes,No,Fiber optic,Yes,No,No,No,No,Yes,Two year,Yes,Electronic check,91.33,5944.98,No
9731-PRWAL,Male,0,No,No,66,Yes,No,No,No internet service,No internet service,No internet service,No internet service,No internet service,No internet service,One year,Yes,Bank transfer (automatic),30.89,2025.77,No
1849-WIVKD,Male,0,No,No,2,Yes,No,DSL,No,No,Yes,No,Yes,Yes,Month-to-month,No,Bank transfer (automatic),76.51,152.79,No
9491-MJTWF,Female,0,No,No,68,Yes,No,No,No internet service,No internet service,No internet service,No internet service,No internet service,No internet service,One year,Yes,Electronic check,34.3,2366.43,No
5553-XNIKI,Male,0,No,No,59,Yes,No,Fiber optic,No,Yes,Yes,No,No,No,Month-to-month,Yes,Bank transfer (automatic),94.3,5815.26,Yes
1415-ZFRYX,Female,0,Yes,Yes,7,Yes,Yes,No,No internet service,No internet service,No internet service,No internet service,No internet service,No internet service,Month-to-month,Yes,Electronic check,38.03,269.54,No
4225-EIQCM,Male,0,No,No,2,Yes,No,Fiber optic,No,No,Yes,No,No,Yes,Month-to-month,Yes,Bank transfer (automatic),90.25,176.61,Yes
1393-PQIGC,Female,1,Yes,Yes,13,Yes,Yes,DSL,No,Yes,No,Yes,Yes,Yes,One year,No,Bank transfer (automatic),98.95,1349.23,No
4905-YVVNG,Male,1,No,No,48,Yes,Yes,DSL,No,No,No,No,No,Yes,Month-to-month,Yes,Electronic check,71.14,3538.05,No
2194-UQTQP,Female,0,No,No,3,Yes,No,No,No internet service,No internet service,No internet service,No internet service,No internet service,No internet service,One year,Yes,Electronic check,32.34,95.69,No
2401-ZXJXS,Female,0,Yes,Yes,14,Yes,Yes,DSL,No,Yes,Yes,No,Yes,No,Two year,Yes,Electronic check,87.01,1211.94,No
3089-BUBPL,Female,1,No,No,18,Yes,No,Fiber optic,No,No,No,No,No,Yes,Two year,Yes,Credit card (automatic),81.97,1423.72,No
2668-ROHJC,Female,0,No,No,40,Yes,No,Fiber optic,Yes,No,No,No,Yes,Yes,One year,No,Mailed check,99.28,3964.06,No
7735-GPRAJ,Female,0,Yes,No,51,Yes,Yes,Fiber optic,Yes,No,No,Yes,No,Yes,One year,Yes,Mailed check,105.72,5340.27,No
8014-WQIYU,Female,0,No,No,10,Yes,Yes,Fiber optic,No,Yes,Yes,Yes,No,Yes,Month-to-month,Yes,Mailed check,114.25,1182.46,Yes
8439-NPCAS,Male,0,No,No,65,Yes,Yes,Fiber optic,No,Yes,Yes,No,Yes,No,Two year,No,Mailed check,113.27,7212.85,No
4172-XDNJM,Male,1,No,Yes,65,Yes,No,DSL,No,No,Yes,No,Yes,Yes,One year,Yes,Electronic check,83.75,5541.45,No
8284-EDBDP,Female,0,No,No,5,No,No phone service,No,No internet service,No internet service,No internet service,No internet service,No internet service,No internet service,Month-to-month,Yes,Bank transfer (automatic),26.32,127.79,No
9407-YTIXU,Female,0,No,No,72,Yes,Yes,Fiber optic,No,Yes,Yes,No,No,Yes,Two year,No,Credit card (automatic),106.88,7585.72,No
3415-MPHZN,Female,0,Yes,No,2,Yes,Yes,DSL,Yes,No,No,No,Yes,No,Month-to-month,Yes,Credit card (automatic),81.46,161.86,No
3369-BNVWK,Male,0,Yes,Yes,2,Yes,Yes,DSL,No,No,No,No,Yes,No,Month-to-month,Yes,Credit card (automatic),73.24,153.61,Yes
4201-ZQFBE,Male,1,Yes,Yes,49,No,No phone service,Fiber optic,No,Yes,Yes,No,Yes,No,One year,Yes,Mailed check,86.56,4321.54,No
8794-SZPIP,Male,0,Yes,Yes,58,No,No phone service,Fiber optic,Yes,No,No,No,No,No,Two year,Yes,Mailed check,69.77,4003.84,No
6499-QKELU,Female,0,No,No,17,No,No phone service,DSL,Yes,No,Yes,No,Yes,Yes,One year,No,Electronic check,85.57,1479.02,No
1691-MXQSM,Male,0,Yes,Yes,9,Yes,No,Fiber optic,No,No,No,No,Yes,No,Month-to-month,Yes,Mailed check,83.62,718.86,Yes
4492-GTYIT,Male,0,Yes,Yes,34,Yes,No,Fiber optic,No,Yes,No,Yes,Yes,Yes,Two year,Yes,Bank transfer (automatic),108.33,3567.85,No
4363-KVAAJ,Male,0,Yes,No,64,Yes,Yes,No,No internet service,No internet service,No internet service,No internet service,No internet service,No internet service,Month-to-month,Yes,Credit card (automatic),37.96,2502.78,No
2887-DLQXJ,Male,0,No,No,9,Yes,No,No,No internet service,No internet service,No internet service,No internet service,No internet service,No internet service,Month-to-month,No,Electronic check,28.99,273.06,No
1486-FHFGE,Female,0,No,No,7,Yes,Yes,Fiber optic,No,Yes,No,No,No,Yes,Month-to-month,Yes,Electronic check,103.42,733.19,Yes
5029-EAVXA,Male,0,Yes,Yes,16,Yes,Yes,Fiber optic,No,Yes,No,No,Yes,Yes,One year,No,Electronic check,114.24,1775.31,No
3248-JUCYH,Female,0,No,Yes,14,Yes,Yes,No,No internet service,No internet service,No internet service,No internet service,No internet service,No internet service,One year,Yes,Electronic check,45.54,665.29,No
4934-JJENU,Male,0,Yes,Yes,52,Yes,No,Fiber optic,No,Yes,No,No,No,No,Two year,No,Bank transfer (automatic),83.63,4180.95,No
8106-WBDYU,Male,0,No,No,60,Yes,No,DSL,No,No,No,Yes,Yes,Yes,One year,Yes,Bank transfer (automatic),76.24,4647.41,No
4140-NSILQ,Male,0,Yes,Yes,28,Yes,No,Fiber optic,Yes,No,No,No,Yes,Yes,Month-to-month,Yes,Credit card (automatic),101.98,2835.96,No
1756-TPWHD,Male,0,No,No,39,Yes,No,Fiber optic,Yes,No,No,Yes,No,No,Two year,No,Electronic check,89.4,3650.69,No
5049-BUWWZ,Male,0,No,No,19,Yes,No,DSL,No,No,Yes,No,Yes,Yes,Two year,Yes,Bank transfer (automatic),73.44,1376.15,No
9011-FCMRB,Male,0,No,No,7,Yes,Yes,DSL,No,Yes,Yes,No,Yes,No,Month-to-month,No,Mailed check,93.03,649.01,Yes
9333-KWTJN,Female,0,Yes,Yes,72,Yes,No,DSL,No,Yes,No,No,Yes,Yes,One year,No,Electronic check,87.29,6510.16,No
3932-IJSSM,Male,0,No,No,38,Yes,Yes,Fiber optic,No,Yes,Yes,Yes,Yes,Yes,Two year,Yes,Bank transfer (automatic),118.75,4428.84,No
5396-PQUQF,Female,0,No,No,3,Yes,Yes,Fiber optic,No,No,No,No,Yes,Yes,Month-to-month,No,Bank transfer (automatic),107.05,318.06,Yes
4325-LGFLJ,Female,0,No,No,64,Yes,Yes,DSL,Yes,No,No,Yes,No,No,One year,Yes,Bank transfer (automatic),80.98,5202.57,No
3575-YJODC,Female,0,Yes,Yes,11,Yes,Yes,No,No internet service,No internet service,No internet service,No internet service,No internet service,No internet service,Month-to-month,No,Electronic check,45.21,500.67,No
8282-NFBNI,Male,1,Yes,No,61,Yes,No,Fiber optic,No,No,No,No,Yes,Yes,Two year,No,Bank transfer (automatic),99.99,5863.6,No
8391-MKUIJ,Male,0,No,No,62,No,No phone service,Fiber optic,No,Yes,No,No,Yes,Yes,One year,No,Electronic check,91.38,5562.21,No
3942-LGBXH,Male,1,Yes,Yes,15,Yes,Yes,No,No internet service,No internet service,No internet service,No internet service,No internet service,No internet service,One year,No,Electronic check,45.68,665.09,No
9220-NQUYC,Male,0,Yes,Yes,40,Yes,Yes,DSL,Yes,No,No,No,Yes,Yes,Two year,No,Bank transfer (automatic),91.62,3837.65,No
2168-JOIRG,Female,0,Yes,No,3,Yes,Yes,Fiber optic,No,No,No,No,Yes,Yes,One year,No,Electronic check,104.69,307.01,No
5496-EPDWS,Male,0,No,No,72,Yes,No,Fiber optic,No,No,No,Yes,Yes,No,One year,No,Credit card (automatic),87.56,5997.74,No
9898-XAHVU,Male,0,Yes,Yes,62,Yes,No,Fiber optic,No,No,No,Yes,Yes,No,One year,No,Electronic check,89.71,5341.88,No
7616-YVTAR,Female,0,No,No,68,No,No phone service,Fiber optic,No,Yes,No,No,No,No,Two year,Yes,Mailed check,69.59,4740.76,No
3445-WFSFG,Female,0,Yes,No,67,Yes,Yes,No,No internet service,No internet service,No internet service,No internet service,No internet service,No internet service,Month-to-month,No,Mailed check,46.27,3145.57,No
8679-SLUIE,Female,0,Yes,Yes,65,Yes,No,DSL,Yes,Yes,Yes,Yes,Yes,No,One year,No,Credit card (automatic),91.03,5667.0,No
7843-FLOJP,Male,0,Yes,No,25,Yes,No,Fiber optic,Yes,No,No,Yes,Yes,Yes,Month-to-month,No,Electronic check,99.62,2375.47,No
3102-HTMRJ,Male,1,Yes,No,2,Yes,No,No,No internet service,No internet service,No internet service,No internet service,No internet service,No internet service,Month-to-month,No,Credit card (automatic),27.65,54.64,Yes
4694-KRKUN,Female,1,No,No,68,Yes,No,DSL,No,No,No,No,No,No,One year,Yes,Electronic check,53.67,3626.84,No
6342-POADZ,Male,0,No,No,7,Yes,Yes,Fiber optic,No,No,No,Yes,No,Yes,Month-to-month,Yes,Mailed check,105.6,722.73,Yes
6410-OUXOK,Male,0,No,No,64,Yes,No,No,No internet service,No internet service,No internet service,No internet service,No internet service,No internet service,One year,Yes,Electronic check,35.4,2216.36,No
7247-FKNEC,Male,0,Yes,No,59,No,No phone service,DSL,No,No,Yes,No,No,No,One year,No,Bank transfer (automatic),58.57,3504.84,No
8397-QHERE,Male,0,No,No,7,Yes,No,Fiber optic,No,Yes,No,Yes,No,No,Two year,Yes,Electronic check,89.61,629.51,No
9005-AFXKF,Male,0,No,No,64,Yes,No,Fiber optic,No,Yes,No,Yes,Yes,Yes,Two year,No,Electronic check,106.04,6563.38,No
5769-RBBNE,Male,0,No,Yes,2,Yes,No,Fiber optic,No,Yes,No,No,No,No,Month-to-month,No,Mailed check,76.68,151.52,No
7731-KZDKT,Female,0,No,No,13,No,No phone service,DSL,Yes,No,No,Yes,No,No,One year,Yes,Bank transfer (automatic),58.05,727.23,No
7373-YWDFL,Female,1,Yes,No,61,Yes,No,Fiber optic,Yes,No,No,No,No,No,Two year,No,Electronic check,85.17,4982.02,No
8778-EOIFS,Female,0,No,Yes,37,Yes,No,Fiber optic,Yes,Yes,Yes,No,Yes,No,One year,Yes,Electronic check,105.01,3964.67,No
8519-HADBK,Male,0,Yes,Yes,34,Yes,No,Fiber optic,Yes,Yes,Yes,Yes,No,No,Month-to-month,Yes,Electronic check,104.95,3703.62,No
5044-NXWLO,Male,0,Yes,Yes,70,No,No phone service,DSL,No,No,No,No,Yes,Yes,Two year,Yes,Electronic check,69.73,4821.52,No
2492-HWLSS,Male,0,No,No,6,Yes,Yes,Fiber optic,No,Yes,No,No,Yes,Yes,Month-to-month,Yes,Electronic check,118.75,684.2,Yes
5873-KVWKE,Female,0,No,No,9,Yes,No,No,No internet service,No internet service,No internet service,No internet service,No internet service,No internet service,Month-to-month,Yes,Credit card (automatic),32.6,284.46,No
8079-LXEOK,Female,0,No,No,5,Yes,Yes,Fiber optic,Yes,No,No,No,No,Yes,Month-to-month,Yes,Mailed check,108.86,563.67,No
1715-GWHQH,Male,0,Yes,Yes,71,No,No phone service,No,No internet service,No internet service,No internet service,No internet service,No internet service,No internet service,Two year,No,Credit card (automatic),23.6,1620.03,No
2093-SSFMZ,Female,1,Yes,No,13,Yes,No,DSL,Yes,No,No,No,Yes,No,One year,Yes,Electronic check,65.3,822.21,No
2986-ZBCTI,Male,0,Yes,No,1,Yes,Yes,Fiber optic,No,Yes,No,No,Yes,Yes,Month-to-month,Yes,Credit card (automatic),118.75,115.05,Yes
8388-EFBAQ,Female,0,No,Yes,43,Yes,No,Fiber optic,No,Yes,Yes,Yes,No,Yes,Two year,Yes,Credit card (automatic),105.64,4636.61,No
8567-JTWKA,Female,0,Yes,Yes,4,Yes,Yes,DSL,No,No,Yes,Yes,No,Yes,Month-to-month,Yes,Bank transfer (automatic),96.37,368.74,No
2878-SDRML,Female,0,No,Yes,72,Yes,Yes,Fiber optic,No,Yes,No,Yes,Yes,No,Two year,Yes,Bank transfer (automatic),113.18,8467.23,No
2352-OGYDV,Female,0,Yes,No,64,Yes,Yes,DSL,Yes,Yes,Yes,Yes,Yes,Yes,Two year,Yes,Electronic check,108.77,7071.31,No
3643-EACHN,Female,0,No,No,63,Yes,No,No,No internet service,No internet service,No internet service,No internet service,No internet service,No internet service,Month-to-month,No,Credit card (automatic),30.58,1908.09,No
7403-ERAHL,Male,0,No,No,29,Yes,No,Fiber optic,Yes,No,Yes,Yes,No,Yes,Month-to-month,Yes,Credit card (automatic),103.48,2852.55,No
3915-FARFS,Female,1,Yes,Yes,51,Yes,Yes,DSL,No,No,Yes,No,Yes,Yes,Two year,Yes,Credit card (automatic),97.21,4871.83,No
9566-QSXKI,Male,0,Yes,No,65,Yes,Yes,Fiber optic,Yes,Yes,Yes,Yes,Yes,Yes,Month-to-month,No,Credit card (automatic),118.75,7590.55,No
1858-PBJFG,Female,0,No,No,3,Yes,Yes,No,No internet service,No internet service,No internet service,No internet service,No internet service,No internet service,Month-to-month,No,Electronic check,42.79,125.42,No
4908-FAAAV,Female,0,No,No,16,Yes,Yes,Fiber optic,No,No,Yes,Yes,Yes,No,One year,Yes,Credit card (automatic),112.57,1762.74,Yes
2035-FWUVE,Female,0,No,No,5,Yes,No,DSL,No,Yes,No,Yes,No,Yes,Month-to-month,Yes,Mailed check,73.62,358.13,No
3736-BNVIQ,Male,0,No,No,2,Yes,Yes,Fiber optic,No,No,Yes,No,Yes,Yes,Month-to-month,No,Bank transfer (automatic),111.56,226.41,Yes
4393-YKLGC,Female,0,Yes,No,72,Yes,No,Fiber optic,No,Yes,No,Yes,No,No,Two year,No,Credit card (automatic),87.71,6418.75,No
6298-EKIKL,Female,0,No,No,59,Yes,Yes,No,No internet service,No internet service,No internet service,No internet service,No internet service,No internet service,Two year,Yes,Credit card (automatic),34.58,2127.2,No
2081-RHQBX,Female,0,Yes,Yes,17,Yes,No,DSL,Yes,Yes,Yes,Yes,No,No,One year,Yes,Electronic check,79.78,1365.01,No
7735-HPZCN,Male,0,No,No,64,Yes,Yes,DSL,No,No,No,No,Yes,No,Two year,Yes,Bank transfer (automatic),77.69,4927.52,No
3809-GCIQK,Male,0,Yes,No,17,Yes,No,No,No internet service,No internet service,No internet service,No internet service,No internet service,No internet service,Month-to-month,Yes,Credit card (automatic),28.86,498.29,No
3177-IQWIW,Male,0,No,No,10,Yes,No,DSL,No,Yes,Yes,No,Yes,No,Month-to-month,No,Mailed check,76.25,743.21,No
8899-BAXLN,Male,0,Yes,Yes,3,Yes,Yes,Fiber optic,No,No,No,Yes,Yes,No,Month-to-month,No,Electronic check,103.68,322.86,No
4808-NSAAT,Female,0,Yes,Yes,3,Yes,Yes,Fiber optic,Yes,No,Yes,No,Yes,No,Month-to-month,No,Electronic check,111.33,337.87,Yes
3032-ITTQB,Male,0,Yes,Yes,27,Yes,Yes,No,No internet service,No internet service,No internet service,No internet service,No internet service,No internet service,Month-to-month,Yes,Bank transfer (automatic),42.69,1150.89,No
7136-MFJQG,Female,0,No,No,4,Yes,No,Fiber optic,No,Yes,Yes,Yes,Yes,Yes,Month-to-month,Yes,Bank transfer (automatic),118.75,460.34,Yes
8270-TIHQT,Male,0,No,No,42,Yes,Yes,Fiber optic,No,No,No,No,No,No,Two year,No,Bank transfer (automatic),87.77,3506.63,No
9533-UKVTF,Male,0,No,No,7,Yes,No,Fiber optic,Yes,No,No,No,Yes,Yes,Month-to-month,No,Credit card (automatic),90.75,615.1,Yes
6427-IFBXZ,Female,0,Yes,Yes,72,Yes,No,DSL,Yes,No,Yes,Yes,Yes,No,One year,No,Electronic check,91.69,6784.22,No
4644-PJILA,Female,0,No,No,34,Yes,No,Fiber optic,Yes,Yes,No,Yes,Yes,Yes,Month-to-month,No,Bank transfer (automatic),116.56,3935.93,No
9055-BFQDF,Male,0,No,No,1,Yes,No,Fiber optic,No,No,Yes,Yes,Yes,No,Month-to-month,Yes,Electronic check,95.85,98.77,No
2503-EOUFN,Female,0,Yes,No,4,Yes,Yes,DSL,No,No,Yes,Yes,No,No,Month-to-month,No,Bank transfer (automatic),75.26,293.21,Yes
7983-SISGE,Female,0,Yes,No,57,Yes,No,DSL,No,No,Yes,Yes,No,No,Two year,Yes,Electronic check,68.17,3747.74,No
5079-HOZFW,Male,0,No,No,70,Yes,No,DSL,No,Yes,No,No,No,No,Two year,Yes,Electronic check,57.12,3881.65,No
8883-CZKEL,Female,0,Yes,No,11,Yes,No,Fiber optic,No,No,No,No,No,Yes,Month-to-month,No,Mailed check,76.01,856.05,Yes
9278-PLEYM,Female,0,Yes,Yes,33,No,No phone service,No,No internet service,No internet service,No internet service,No internet service,No internet service,No internet service,One year,No,Credit card (automatic),20.15,673.38,No
7249-LCXHN,Female,0,No,No,38,Yes,No,No,No internet service,No internet service,No internet service,No internet service,No internet service,No internet service,Two year,No,Electronic check,28.72,1129.93,No
3878-GMLJP,Male,0,Yes,Yes,71,Yes,No,Fiber optic,No,No,No,Yes,No,No,Two year,No,Bank transfer (automatic),80.11,5726.4,No
2178-ISFXA,Female,0,No,No,1,No,No phone service,No,No internet service,No internet service,No internet service,No internet service,No internet service,No internet service,Month-to-month,Yes,Mailed check,20.44,20.69,No
9203-SJKKK,Male,0,No,No,5,Yes,No,No,No internet service,No internet service,No internet service,No internet service,No internet service,No internet service,Month-to-month,Yes,Mailed check,33.9,167.19,No
7113-JIZBX,Male,0,No,No,5,Yes,No,No,No internet service,No internet service,No internet service,No internet service,No internet service,No internet service,Month-to-month,Yes,Bank transfer (automatic),27.47,140.02,No
3039-KOFLG,Male,1,No,No,10,Yes,No,Fiber optic,Yes,No,Yes,Yes,Yes,Yes,Month-to-month,Yes,Mailed check,114.43,1129.02,Yes
6711-NMRSQ,Male,0,Yes,No,67,Yes,No,Fiber optic,No,Yes,No,Yes,Yes,No,One year,Yes,Credit card (automatic),93.93,6289.53,No
7947-TGAVQ,Female,0,No,No,54,Yes,No,DSL,Yes,No,Yes,Yes,Yes,Yes,One year,Yes,Electronic check,93.32,4821.3,No
1462-SQGLR,Female,1,Yes,No,14,Yes,No,Fiber optic,Yes,Yes,No,No,No,No,Month-to-month,Yes,Electronic check,82.72,1137.66,Yes
5166-GPRED,Female,0,No,No,19,No,No phone service,Fiber optic,No,No,Yes,No,No,No,One year,No,Credit card (automatic),77.97,1426.26,No
2512-QXKPX,Male,0,No,No,32,Yes,No,Fiber optic,No,Yes,No,No,Yes,Yes,Month-to-month,Yes,Electronic check,96.44,3076.89,No
9495-XWELR,Male,0,No,No,12,Yes,Yes,Fiber optic,No,No,Yes,No,No,No,One year,Yes,Electronic check,92.67,1063.33,Yes
9202-ZRJIK,Male,0,No,No,66,Yes,No,DSL,No,Yes,No,Yes,No,Yes,Two year,Yes,Credit card (automatic),70.84,4608.1,No
2456-COUVG,Female,0,Yes,Yes,3,Yes,Yes,No,No internet service,No internet service,No internet service,No internet service,No internet service,No internet service,Month-to-month,Yes,Electronic check,34.88,104.49,No
4432-YKIZV,Male,1,Yes,No,27,Yes,No,DSL,No,Yes,Yes,Yes,No,Yes,One year,Yes,Credit card (automatic),83.12,2255.81,No
1025-CUKKH,Female,0,No,No,59,Yes,Yes,DSL,No,No,No,No,No,No,One year,No,Mailed check,69.36,3986.56,No
8060-EJSFE,Female,0,Yes,No,14,Yes,No,Fiber optic,No,No,No,Yes,No,Yes,Two year,Yes,Mailed check,87.77,1173.21,No
2806-LVEBE,Male,0,No,No,62,Yes,Yes,DSL,Yes,Yes,No,Yes,No,No,Two year,Yes,Electronic check,81.64,4811.09,No
4143-GXKQQ,Female,0,Yes,No,3,Yes,No,No,No internet service,No internet service,No internet service,No internet service,No internet service,No internet service,Month-to-month,Yes,Bank transfer (automatic),32.58,94.83,No
3721-CCDBA,Male,0,No,Yes,3,Yes,Yes,DSL,No,No,No,No,Yes,Yes,Month-to-month,No,Mailed check,89.31,267.56,Yes
4846-MRCBT,Female,1,Yes,No,13,Yes,No,DSL,No,Yes,Yes,Yes,Yes,Yes,One year,Yes,Mailed check,92.72,1188.36,No
1118-RUBFU,Female,1,No,No,14,Yes,No,DSL,No,Yes,Yes,Yes,No,Yes,One year,Yes,Bank transfer (automatic),87.52,1240.95,No
7154-PZTYM,Male,0,No,No,3,Yes,No,DSL,No,No,No,No,Yes,Yes,Month-to-month,No,Credit card (automatic),77.74,228.84,Yes
6521-PIRII,Male,1,Yes,No,72,Yes,Yes,DSL,No,Yes,No,No,No,No,Two year,No,Bank transfer (automatic),66.88,4840.92,No
4925-YRJBJ,Female,0,Yes,No,58,Yes,Yes,Fiber optic,Yes,Yes,No,Yes,No,Yes,Two year,Yes,Bank transfer (automatic),114.96,6909.09,No
6410-UAWKV,Female,0,Yes,No,72,Yes,No,DSL,Yes,No,Yes,No,No,Yes,One year,No,Credit card (automatic),87.05,6276.21,No
3275-ADNYT,Male,0,Yes,No,62,Yes,Yes,Fiber optic,Yes,Yes,Yes,Yes,Yes,Yes,One year,Yes,Credit card (automatic),118.75,7403.5,No
5072-JQRMK,Female,0,Yes,Yes,71,Yes,No,Fiber optic,Yes,Yes,Yes,No,Yes,No,Two year,Yes,Bank transfer (automatic),103.38,7442.06,No
4079-AQYIQ,Female,0,Yes,No,27,Yes,Yes,Fiber optic,Yes,Yes,No,No,Yes,Yes,Month-to-month,No,Credit card (automatic),118.75,3137.85,No
1749-ZTRGM,Female,0,No,No,64,Yes,No,No,No internet service,No internet service,No internet service,No internet service,No internet service,No internet service,One year,No,Electronic check,30.72,2012.29,No
2333-JYYMR,Male,0,Yes,Yes,12,Yes,Yes,No,No internet service,No internet service,No internet service,No internet service,No internet service,No internet service,Month-to-month,Yes,Bank transfer (automatic),48.73,600.39,No
2645-THFDN,Female,0,No,No,65,Yes,Yes,DSL,No,No,Yes,No,Yes,No,Two year,No,Mailed check,78.47,4927.87,No
9267-AMCVZ,Female,0,No,No,16,Yes,Yes,No,No internet service,No internet service,No internet service,No internet service,No internet service,No internet service,Month-to-month,No,Credit card (automatic),50.39,811.75,No
8648-ELDRG,Male,1,Yes,No,63,Yes,No,No,No internet service,No internet service,No internet service,No internet service,No internet service,No internet service,Month-to-month,Yes,Credit card (automatic),34.02,2131.04,No
4467-EYSCZ,Male,0,Yes,No,8,Yes,No,Fiber optic,No,No,Yes,No,Yes,Yes,Month-to-month,Yes,Electronic check,94.66,727.95,Yes
1478-EYXTF,Female,0,No,No,67,Yes,No,Fiber optic,No,Yes,Yes,No,No,Yes,Two year,Yes,Bank transfer (automatic),94.46,6605.06,No
5220-RYRRX,Male,0,Yes,Yes,58,Yes,No,Fiber optic,No,Yes,No,Yes,Yes,Yes,Two year,No,Credit card (automatic),110.65,6295.72,No
9060-CRWYT,Female,0,No,Yes,71,Yes,Yes,No,No internet service,No internet service,No internet service,No internet service,No internet service,No internet service,Two year,No,Bank transfer (automatic),36.81,2604.27,No
2059-QJSTJ,Male,0,No,No,61,Yes,Yes,Fiber optic,Yes,No,No,No,Yes,No,Month-to-month,No,Bank transfer (automatic),104.34,6279.07,No
8159-VFDCC,Male,0,Yes,No,13,Yes,No,DSL,No,No,Yes,No,No,No,Month-to-month,Yes,Credit card (automatic),64.33,856.11,No
4082-TDJWY,Female,0,No,No,15,Yes,Yes,DSL,Yes,No,No,No,Yes,No,One year,No,Bank transfer (automatic),90.62,1376.62,No
1027-IPEKL,Male,0,Yes,No,1,Yes,No,Fiber optic,No,Yes,Yes,No,No,Yes,Month-to-month,Yes,Credit card (automatic),100.99,102.46,Yes
6980-UYDRP,Female,0,Yes,No,12,Yes,No,DSL,No,Yes,Yes,Yes,No,No,One year,No,Credit card (automatic),76.28,874.17,No
2746-KNLDY,Male,0,No,No,12,Yes,Yes,DSL,Yes,Yes,No,No,No,Yes,Month-to-month,Yes,Mailed check,92.5,1162.84,No
4586-MLPDR,Female,0,No,No,24,Yes,Yes,DSL,No,Yes,No,No,No,Yes,Month-to-month,Yes,Bank transfer (automatic),82.4,1934.45,No
1562-PIZDZ,Male,0,No,No,43,Yes,Yes,DSL,Yes,Yes,No,Yes,Yes,Yes,Two year,Yes,Bank transfer (automatic),107.23,4445.93,No
8836-QFHZB,Male,0,No,No,22,Yes,No,Fiber optic,No,Yes,Yes,No,No,Yes,Month-to-month,No,Electronic check,95.71,2047.97,No
6458-DSWYF,Female,0,No,No,71,No,No phone service,Fiber optic,Yes,Yes,Yes,Yes,No,No,Two year,No,Credit card (automatic),94.76,6868.85,No
1861-YUWSH,Male,0,No,No,72,Yes,Yes,DSL,No,Yes,No,No,No,Yes,One year,Yes,Mailed check,80.56,6073.17,No
3608-ZOIRZ,Female,1,Yes,No,11,Yes,Yes,DSL,No,No,No,Yes,No,No,Month-to-month,No,Credit card (automatic),73.28,788.59,No
7412-KNHSF,Male,0,No,No,31,Yes,Yes,DSL,No,No,No,Yes,No,Yes,One year,Yes,Credit card (automatic),87.95,2661.45,No
9978-KDTPU,Female,0,No,No,10,Yes,Yes,Fiber optic,Yes,No,Yes,Yes,Yes,No,Month-to-month,Yes,Electronic check,116.01,1211.95,Yes
5981-LEDSH,Male,0,Yes,Yes,24,Yes,No,Fiber optic,No,Yes,No,No,Yes,No,Two year,No,Electronic check,94.01,2282.6,No
3372-FUFQJ,Female,0,No,No,21,No,No phone service,No,No internet service,No internet service,No internet service,No internet service,No internet service,No internet service,Month-to-month,No,Electronic check,18.25,385.07,No
2670-RZDYL,Male,0,Yes,Yes,2,Yes,No,No,No internet service,No internet service,No internet service,No internet service,No internet service,No internet service,Month-to-month,Yes,Bank transfer (automatic),29.54,57.79,No
3756-YCZEB,Male,1,No,No,65,Yes,No,DSL,No,No,Yes,No,No,Yes,One year,Yes,Bank transfer (automatic),70.57,4602.88,No
9444-QPZQK,Male,1,No,No,44,Yes,No,DSL,No,No,No,Yes,Yes,Yes,Month-to-month,No,Bank transfer (automatic),76.84,3214.94,No
1556-DKHPE,Male,0,No,Yes,11,Yes,No,No,No internet service,No internet service,No internet service,No internet service,No internet service,No internet service,Month-to-month,No,Electronic check,25.95,287.11,No
7150-UZRCM,Female,0,Yes,Yes,67,Yes,No,Fiber optic,No,Yes,Yes,No,No,No,Two year,Yes,Mailed check,91.88,6142.77,No
7260-HQJDC,Male,0,No,No,71,No,No phone service,DSL,Yes,No,Yes,No,Yes,No,Month-to-month,Yes,Mailed check,69.96,5016.76,No
9015-QXFPZ,Female,0,Yes,No,11,Yes,No,DSL,No,No,No,No,No,Yes,Two year,No,Credit card (automatic),63.5,715.46,No
8856-HTUEM,Male,0,No,Yes,1,Yes,Yes,Fiber optic,Yes,Yes,Yes,Yes,Yes,Yes,Month-to-month,Yes,Electronic check,118.75,114.91,Yes
8105-HDISW,Male,0,No,No,39,Yes,Yes,DSL,Yes,No,Yes,No,Yes,No,Two year,No,Mailed check,91.79,3464.62,No
9806-EVAON,Female,0,No,No,1,No,No phone service,DSL,Yes,No,No,No,Yes,Yes,Month-to-month,Yes,Bank transfer (automatic),70.11,69.73,No
9684-MNPSU,Female,0,No,No,5,Yes,Yes,Fiber optic,No,Yes,Yes,Yes,Yes,No,Month-to-month,Yes,Electronic check,115.03,588.69,Yes
3033-TFRDW,Male,0,No,No,1,Yes,No,Fiber optic,No,Yes,Yes,No,Yes,No,Month-to-month,No,Electronic check,101.69,98.28,Yes
3948-ALIBO,Male,0,Yes,Yes,39,Yes,Yes,DSL,No,Yes,No,No,No,No,One year,Yes,Mailed check,75.16,2908.05,No
3641-CGTCD,Male,0,Yes,No,68,Yes,No,Fiber optic,Yes,No,Yes,Yes,Yes,Yes,Two year,Yes,Mailed check,109.24,7472.34,No
5891-JOKYA,Female,0,No,No,70,Yes,No,DSL,No,No,Yes,No,Yes,Yes,Two year,No,Bank transfer (automatic),80.54,5660.99,No
5925-BYXHN,Female,1,No,No,2,Yes,Yes,DSL,Yes,Yes,Yes,No,Yes,No,Month-to-month,Yes,Bank transfer (automatic),93.01,192.98,Yes
3291-PSNZJ,Male,0,Yes,No,72,No,No phone service,DSL,No,No,Yes,No,No,No,One year,Yes,Credit card (automatic),49.33,3499.05,No
9818-NRRBA,Female,0,No,No,14,Yes,No,Fiber optic,Yes,Yes,No,Yes,Yes,Yes,Month-to-month,Yes,Electronic check,115.39,1562.88,No
3321-HVYPF,Female,0,Yes,Yes,66,Yes,Yes,Fiber optic,Yes,No,Yes,No,Yes,Yes,Month-to-month,No,Mailed check,115.32,7397.52,No
6882-HSKOG,Female,0,Yes,No,1,Yes,No,No,No internet service,No internet service,No internet service,No internet service,No internet service,No internet service,Month-to-month,No,Credit card (automatic),37.07,38.31,Yes
3675-KCGLS,Female,0,No,No,58,Yes,No,DSL,No,No,No,Yes,Yes,No,One year,Yes,Mailed check,72.57,4207.9,No
9780-FQHQQ,Male,0,Yes,Yes,24,Yes,Yes,No,No internet service,No internet service,No internet service,No internet service,No internet service,No internet service,Month-to-month,Yes,Electronic check,45.52,1082.81,No
7097-OQNEV,Male,1,Yes,No,69,Yes,Yes,Fiber optic,No,Yes,No,Yes,No,No,Month-to-month,No,Mailed check,100.62,7077.43,No
6183-ZLAPC,Male,0,Yes,Yes,6,No,No phone service,DSL,Yes,Yes,No,No,No,No,Month-to-month,No,Bank transfer (automatic),54.68,326.79,Yes
3041-NRKIC,Male,0,No,No,45,Yes,Yes,Fiber optic,No,Yes,No,No,No,Yes,Two year,Yes,Mailed check,106.02,5008.87,No
6464-UDUHC,Female,0,No,No,56,Yes,No,DSL,Yes,No,Yes,No,No,Yes,Two year,No,Electronic check,73.08,4062.48,No
4640-JCYES,Female,1,No,No,21,Yes,Yes,DSL,No,Yes,No,Yes,No,No,Month-to-month,No,Credit card (automatic),78.68,1631.17,No
6022-PUCJO,Male,0,Yes,No,72,Yes,No,No,No internet service,No internet service,No internet service,No internet service,No internet service,No internet service,Two year,Yes,Electronic check,31.63,2366.57,No
5620-OPXEY,Male,1,No,No,27,No,No phone service,DSL,No,Yes,Yes,No,No,Yes,One year,Yes,Mailed check,65.11,1691.41,No
7382-EURUO,Male,1,No,No,66,Yes,No,DSL,No,No,No,No,No,Yes,One year,Yes,Mailed check,60.51,3824.52,No
7597-MDANE,Female,0,No,No,4,Yes,Yes,Fiber optic,Yes,Yes,Yes,No,Yes,No,Month-to-month,No,Mailed check,113.74,453.61,No
3070-DOGXQ,Male,0,No,No,66,Yes,No,Fiber optic,No,No,No,Yes,No,No,Two year,Yes,Bank transfer (automatic),79.9,5531.6,No
7064-SGPSE,Female,1,Yes,Yes,66,No,No phone service,Fiber optic,No,No,Yes,Yes,No,Yes,Two year,Yes,Mailed check,83.04,5402.35,No
6799-UNHLY,Male,0,Yes,Yes,72,No,No phone service,DSL,Yes,No,Yes,Yes,No,No,Two year,Yes,Electronic check,67.65,4965.75,No
4748-HWYKI,Male,0,Yes,No,8,Yes,Yes,DSL,No,No,Yes,No,Yes,Yes,Month-to-month,Yes,Mailed check,95.57,763.59,No
2476-QBGCO,Female,0,Yes,Yes,68,Yes,No,No,No internet service,No internet service,No internet service,No internet service,No internet service,No internet service,Two year,No,Electronic check,32.92,2286.67,No
2385-TOMWZ,Female,0,No,No,10,Yes,Yes,Fiber optic,Yes,Yes,No,Yes,Yes,Yes,Month-to-month,Yes,Bank transfer (automatic),118.75,1168.72,Yes
7946-RYDMR,Male,0,No,No,1,Yes,No,DSL,Yes,No,No,No,Yes,Yes,Month-to-month,Yes,Electronic check,78.3,81.44,Yes
9722-SKQXT,Female,0,No,Yes,68,Yes,No,DSL,Yes,No,No,No,No,No,Two year,Yes,Bank transfer (automatic),60.82,3968.29,No
7962-STGTY,Female,0,Yes,No,59,Yes,No,DSL,Yes,No,No,Yes,Yes,No,Two year,No,Mailed check,79.22,4816.97,No
9652-RBLEY,Female,0,Yes,Yes,18,Yes,No,Fiber optic,No,No,Yes,No,Yes,Yes,Month-to-month,Yes,Credit card (automatic),102.35,1764.78,No
9577-XEJDJ,Male,0,Yes,Yes,9,Yes,Yes,No,No internet service,No internet service,No internet service,No internet service,No internet service,No internet service,Month-to-month,No,Electronic check,38.04,359.17,No
1834-KJJCX,Female,1,Yes,No,72,Yes,No,Fiber optic,No,No,No,No,No,No,Two year,Yes,Electronic check,80.94,5648.84,No
5092-VWWHM,Male,0,Yes,No,62,Yes,No,Fiber optic,Yes,Yes,No,No,No,No,Two year,Yes,Electronic check,82.83,5074.57,No
5337-FTOFH,Female,0,No,No,1,Yes,Yes,Fiber optic,No,No,Yes,Yes,No,Yes,Two year,Yes,Mailed check,106.66,105.56,Yes
9446-VAMQM,Male,0,Yes,No,13,No,No phone service,Fiber optic,No,Yes,Yes,No,No,No,Month-to-month,Yes,Mailed check,74.0,1007.67,No
6828-ALHCJ,Male,0,No,No,55,Yes,No,Fiber optic,Yes,Yes,Yes,No,No,Yes,Two year,Yes,Mailed check,108.15,5663.51,No
4050-KALFN,Male,1,Yes,No,1,Yes,No,Fiber optic,Yes,No,Yes,No,Yes,No,Month-to-month,Yes,Bank transfer (automatic),97.97,95.64,Yes
3518-KXAUG,Female,0,No,Yes,66,Yes,Yes,Fiber optic,Yes,No,Yes,No,Yes,No,Month-to-month,Yes,Bank transfer (automatic),102.49,6817.84,No
8711-KHLEV,Male,0,No,Yes,4,No,No phone service,Fiber optic,No,Yes,No,No,No,No,Month-to-month,Yes,Mailed check,69.36,279.24,No
2780-ZRLDT,Female,1,Yes,Yes,59,Yes,No,DSL,No,No,Yes,No,No,Yes,One year,No,Bank transfer (automatic),71.24,4072.73,No
1095-JWFEB,Female,1,No,No,63,Yes,Yes,Fiber optic,No,No,No,No,No,No,One year,No,Bank transfer (automatic),85.49,5356.81,No
7464-KIARY,Male,0,No,No,13,Yes,Yes,Fiber optic,Yes,Yes,Yes,No,No,No,Month-to-month,Yes,Bank transfer (automatic),96.83,1198.61,No
5354-DMMRD,Female,0,No,No,8,No,No phone service,DSL,No,No,No,Yes,Yes,Yes,One year,Yes,Electronic check,75.23,619.38,Yes
7551-NYVKC,Male,0,No,No,66,No,No phone service,DSL,Yes,No,Yes,Yes,Yes,No,One year,Yes,Mailed check,75.08,4772.91,No
2767-UDIAR,Female,0,Yes,No,17,Yes,No,Fiber optic,No,No,No,No,No,Yes,One year,Yes,Electronic check,89.62,1472.64,Yes
1852-RIZTL,Male,0,No,No,62,Yes,Yes,No,No internet service,No internet service,No internet service,No internet service,No internet service,No internet service,Two year,Yes,Credit card (automatic),38.5,2370.85,No
5742-HCLQS,Female,0,No,No,55,Yes,No,DSL,No,No,Yes,No,Yes,Yes,One year,Yes,Electronic check,87.72,4986.12,No
4061-GTWZG,Female,0,Yes,Yes,47,Yes,No,No,No internet service,No internet service,No internet service,No internet service,No internet service,No internet service,Two year,Yes,Bank transfer (automatic),31.68,1475.95,No
8031-FSVSN,Female,0,Yes,No,29,Yes,No,Fiber optic,No,No,No,No,No,No,One year,No,Electronic check,70.23,2033.98,No
3968-EWQDD,Female,0,No,No,6,Yes,No,DSL,No,No,No,Yes,Yes,No,Month-to-month,Yes,Electronic check,72.51,415.04,No
7574-AZYLQ,Male,1,Yes,No,72,Yes,Yes,DSL,Yes,No,Yes,No,Yes,No,Two year,Yes,Credit card (automatic),96.64,6915.31,No
2489-WJNSZ,Female,0,No,No,4,Yes,No,DSL,No,No,No,No,No,Yes,Month-to-month,Yes,Credit card (automatic),56.56,235.74,Yes
4633-IMNQH,Female,1,No,No,69,Yes,Yes,No,No internet service,No internet service,No internet service,No internet service,No internet service,No internet service,Two year,No,Electronic check,41.54,2739.08,No
5411-JYSGX,Female,1,No,Yes,14,Yes,No,No,No internet service,No internet service,No internet service,No internet service,No internet service,No internet service,One year,Yes,Mailed check,34.8,479.32,No
3977-BBTFM,Male,0,Yes,No,15,Yes,Yes,Fiber optic,Yes,Yes,No,No,No,Yes,Two year,No,Mailed check,111.63,1685.65,No
2650-LGMIC,Female,0,Yes,No,1,No,No phone service,DSL,Yes,Yes,Yes,No,Yes,No,Month-to-month,No,Electronic check,71.44,73.51,No
1223-RUDJV,Female,0,Yes,No,2,Yes,Yes,No,No internet service,No internet service,No internet service,No internet service,No internet service,No internet service,Month-to-month,Yes,Credit card (automatic),45.12,93.09,Yes
9664-PGHPC,Female,0,No,No,69,Yes,No,DSL,No,No,No,No,No,No,Month-to-month,Yes,Credit card (automatic),56.02,3690.04,No
2742-DTDPX,Male,0,No,No,17,Yes,Yes,No,No internet service,No internet service,No internet service,No internet service,No internet service,No internet service,Two year,Yes,Mailed check,38.09,673.82,No
4120-FLCYQ,Female,0,No,No,51,No,No phone service,Fiber optic,Yes,Yes,Yes,Yes,Yes,Yes,Two year,No,Electronic check,108.18,5509.71,No
5939-SZFSB,Male,1,No,No,2,Yes,No,Fiber optic,No,Yes,No,No,Yes,Yes,Month-to-month,No,Mailed check,104.93,199.87,No
4140-KSXTV,Female,0,Yes,Yes,11,No,No phone service,Fiber optic,Yes,No,Yes,No,Yes,No,Month-to-month,No,Electronic check,87.32,960.87,Yes
6690-XLSXB,Male,0,Yes,No,68,Yes,Yes,DSL,No,Yes,No,No,Yes,Yes,Two year,Yes,Bank transfer (automatic),91.48,6452.77,No
7864-NYUEH,Female,0,No,No,54,Yes,No,DSL,Yes,No,No,No,Yes,Yes,One year,No,Credit card (automatic),82.27,4310.47,No
3112-HYBZE,Female,0,No,No,8,Yes,No,No,No internet service,No internet service,No internet service,No internet service,No internet service,No internet service,One year,Yes,Electronic check,32.4,269.02,No
7512-MNNBL,Male,1,Yes,Yes,1,Yes,Yes,Fiber optic,No,Yes,No,No,No,Yes,Month-to-month,No,Bank transfer (automatic),111.79,112.48,Yes
9344-JUKHE,Female,0,Yes,Yes,51,No,No phone service,DSL,No,Yes,No,No,No,Yes,One year,Yes,Electronic check,61.15,3018.69,No
3621-OPAYN,Male,0,Yes,No,42,No,No phone service,Fiber optic,No,No,No,Yes,No,Yes,Month-to-month,No,Electronic check,89.63,3765.22,No
9254-SNHFS,Female,0,Yes,No,66,Yes,Yes,No,No internet service,No internet service,No internet service,No internet service,No internet service,No internet service,Two year,Yes,Mailed check,43.69,2851.63,No
2951-EBGBD,Female,0,No,No,17,Yes,Yes,DSL,No,No,Yes,No,Yes,No,One year,Yes,Electronic check,84.99,1475.69,No
5550-YHUQG,Female,0,No,No,1,Yes,No,Fiber optic,No,No,Yes,No,No,Yes,One year,No,Electronic check,88.43,89.19,Yes
4440-NAJPJ,Female,0,No,No,1,Yes,No,DSL,Yes,No,No,No,No,Yes,One year,No,Credit card (automatic),71.94,72.65,No
2363-YWGDX,Female,0,No,No,69,Yes,No,No,No internet service,No internet service,No internet service,No internet service,No internet service,No internet service,One year,Yes,Electronic check,26.79,1857.37,No
5831-IBVVF,Male,1,No,No,2,Yes,No,DSL,No,Yes,No,No,Yes,No,Month-to-month,No,Mailed check,71.51,146.4,Yes
5582-EZNZU,Male,1,No,No,42,Yes,Yes,Fiber optic,No,Yes,Yes,Yes,Yes,No,One year,No,Mailed check,116.31,4749.32,No
2743-SRYGQ,Female,0,Yes,No,3,Yes,No,Fiber optic,Yes,No,Yes,No,Yes,Yes,Month-to-month,No,Credit card (automatic),106.69,323.77,Yes
4377-VFGPV,Female,1,No,No,8,Yes,No,Fiber optic,No,Yes,No,No,Yes,No,Month-to-month,Yes,Bank transfer (automatic),92.74,723.21,Yes
7479-EGSJX,Female,0,Yes,No,64,Yes,Yes,DSL,No,Yes,No,No,No,Yes,Two year,Yes,Mailed check,83.18,5093.23,No
2535-MLVEO,Female,0,Yes,No,21,Yes,No,Fiber optic,No,Yes,Yes,Yes,No,No,One year,Yes,Bank transfer (automatic),93.87,2017.66,No
3955-QAEEK,Male,0,Yes,No,9,Yes,No,Fiber optic,No,No,Yes,Yes,Yes,No,Month-to-month,No,Credit card (automatic),96.32,845.03,Yes
4077-BBGXZ,Female,0,No,No,5,Yes,Yes,No,No internet service,No internet service,No internet service,No internet service,No internet service,No internet service,Month-to-month,No,Electronic check,48.06,230.01,No
2642-SDTAC,Male,0,Yes,Yes,18,Yes,No,Fiber optic,No,Yes,Yes,Yes,No,Yes,Month-to-month,Yes,Electronic check,107.2,1871.07,Yes
7291-AVTQB,Female,0,Yes,No,8,Yes,Yes,DSL,No,No,No,No,No,No,One year,No,Credit card (automatic),71.3,598.51,No
5068-UGYPU,Male,0,Yes,No,29,No,No phone service,DSL,No,Yes,Yes,Yes,No,Yes,Month-to-month,No,Electronic check,74.58,2235.57,Yes
1153-YCTIS,Male,0,No,Yes,57,Yes,No,No,No internet service,No internet service,No internet service,No internet service,No internet service,No internet service,One year,Yes,Mailed check,31.72,1820.02,No
4314-DTXVH,Male,0,No,No,72,Yes,Yes,No,No internet service,No internet service,No internet service,No internet service,No internet service,No internet service,Two year,Yes,Credit card (automatic),42.64,3020.96,No
8846-EBRQD,Male,0,No,No,40,Yes,Yes,DSL,Yes,Yes,No,No,No,Yes,One year,No,Bank transfer (automatic),86.93,3422.05,No
1729-CHNVD,Female,1,Yes,No,14,Yes,No,Fiber optic,No,No,No,Yes,Yes,No,One year,Yes,Electronic check,94.29,1301.23,No
4675-ALDRF,Male,0,Yes,Yes,1,Yes,Yes,DSL,No,No,No,No,No,No,Month-to-month,No,Electronic check,59.46,62.34,Yes
7303-RSXMZ,Male,0,No,No,62,Yes,No,No,No internet service,No internet service,No internet service,No internet service,No internet service,No internet service,Two year,No,Electronic check,30.91,1965.39,No
4678-CYJQD,Male,0,Yes,Yes,8,Yes,No,DSL,Yes,No,No,No,Yes,Yes,Month-to-month,No,Electronic check,77.35,609.67,No
2389-XPENP,Male,0,No,No,4,Yes,No,Fiber optic,Yes,Yes,Yes,No,No,No,One year,No,Electronic check,84.1,320.17,Yes
7967-DRHVJ,Male,0,No,No,2,Yes,No,Fiber optic,No,No,Yes,Yes,No,Yes,Month-to-month,Yes,Bank transfer (automatic),99.14,193.6,No
2702-HMJGX,Male,0,No,No,63,Yes,No,No,No internet service,No internet service,No internet service,No internet service,No internet service,No internet service,Two year,No,Electronic check,30.74,1880.02,No
2251-UWZUD,Female,1,No,Yes,20,Yes,Yes,No,No internet service,No internet service,No internet service,No internet service,No internet service,No internet service,One year,Yes,Credit card (automatic),41.71,810.0,No
3421-KSUMB,Female,0,Yes,Yes,5,Yes,No,DSL,Yes,Yes,Yes,No,No,Yes,Month-to-month,No,Electronic check,90.41,472.37,No
8003-YHCZE,Female,1,Yes,Yes,5,Yes,Yes,No,No internet service,No internet service,No internet service,No internet service,No internet service,No internet service,Month-to-month,Yes,Electronic check,41.09,200.16,No
7308-JMMZP,Male,0,No,No,18,Yes,No,Fiber optic,No,Yes,No,Yes,Yes,Yes,Month-to-month,No,Electronic check,107.6,1871.38,Yes
6463-DYXJO,Male,0,Yes,Yes,1,Yes,No,Fiber optic,No,Yes,Yes,No,No,No,Month-to-month,No,Electronic check,87.97,90.89,No
9826-NNVKP,Female,0,Yes,No,5,No,No phone service,No,No internet service,No internet service,No internet service,No internet service,No internet service,No internet service,Month-to-month,Yes,Credit card (automatic),21.78,112.38,No
7911-NUVFC,Female,0,Yes,Yes,39,Yes,No,DSL,No,No,No,No,Yes,Yes,One year,No,Electronic check,76.19,2951.04,No
6926-AZAOY,Male,0,Yes,No,63,Yes,Yes,Fiber optic,No,Yes,No,Yes,Yes,No,Two year,No,Bank transfer (automatic),107.29,6846.34,No
2804-BJWWV,Male,0,Yes,No,10,Yes,No,No,No internet service,No internet service,No internet service,No internet service,No internet service,No internet service,Month-to-month,Yes,Bank transfer (automatic),34.84,365.16,Yes
5828-LVOYK,Male,0,Yes,No,28,Yes,No,DSL,Yes,No,No,No,Yes,Yes,One year,Yes,Mailed check,81.29,2378.52,No
4452-VBDZS,Male,0,No,No,5,Yes,Yes,No,No internet service,No internet service,No internet service,No internet service,No internet service,No internet service,Month-to-month,Yes,Mailed check,40.68,198.75,Yes
7184-TSLBC,Male,0,No,No,62,Yes,No,No,No internet service,No internet service,No internet service,No internet service,No internet service,No internet service,Month-to-month,Yes,Electronic check,31.64,1942.14,No
2208-MPEDD,Female,0,No,No,35,No,No phone service,DSL,Yes,Yes,Yes,No,No,No,Month-to-month,Yes,Bank transfer (automatic),70.92,2434.37,No
5014-COVDE,Female,1,No,No,29,Yes,No,No,No internet service,No internet service,No internet service,No internet service,No internet service,No internet service,Month-to-month,Yes,Mailed check,25.06,704.64,No
3295-TSHKI,Female,0,Yes,Yes,8,No,No phone service,DSL,Yes,No,No,Yes,Yes,No,Month-to-month,Yes,Mailed check,68.6,533.47,No
1216-HEWAT,Female,0,Yes,Yes,63,Yes,No,Fiber optic,Yes,Yes,No,No,Yes,Yes,Two year,Yes,Electronic check,108.05,6888.15,No
9245-EKLYL,Female,0,Yes,Yes,1,Yes,Yes,Fiber optic,No,No,No,No,Yes,No,Month-to-month,Yes,Bank transfer (automatic),100.32,100.76,No
5227-XNSLE,Female,0,No,No,1,Yes,Yes,DSL,No,No,Yes,No,No,Yes,Month-to-month,Yes,Mailed check,82.35,84.98,Yes
2506-NZDFQ,Female,0,No,No,14,Yes,No,No,No internet service,No internet service,No internet service,No internet service,No internet service,No internet service,Month-to-month,No,Electronic check,29.16,403.35,Yes
4586-KVZPC,Male,0,Yes,Yes,6,No,No phone service,Fiber optic,Yes,No,No,No,No,No,One year,No,Mailed check,71.44,436.93,No
8674-MQKJB,Male,0,Yes,Yes,62,Yes,No,Fiber optic,No,No,No,Yes,Yes,Yes,Two year,Yes,Electronic check,102.57,6675.37,No
7086-QFCCP,Male,0,No,No,62,Yes,No,No,No internet service,No internet service,No internet service,No internet service,No internet service,No internet service,Two year,Yes,Electronic check,32.55,2007.25,No
6496-AHOBP,Female,0,No,Yes,6,Yes,Yes,DSL,Yes,Yes,No,Yes,Yes,No,Month-to-month,Yes,Credit card (automatic),99.07,599.78,No
6064-EFYGC,Female,0,No,No,61,No,No phone service,Fiber optic,No,Yes,No,Yes,Yes,Yes,Two year,Yes,Credit card (automatic),103.19,6409.14,No
1735-OUBIY,Male,1,Yes,Yes,2,Yes,Yes,No,No internet service,No internet service,No internet service,No internet service,No internet service,No internet service,Month-to-month,Yes,Credit card (automatic),38.5,77.97,No
1138-ZTYNI,Female,0,Yes,No,64,Yes,No,Fiber optic,No,Yes,No,Yes,No,Yes,Two year,Yes,Credit card (automatic),93.53,5816.32,Yes
7400-SZSCK,Male,1,No,No,6,Yes,No,No,No internet service,No internet service,No internet service,No internet service,No internet service,No internet service,Month-to-month,No,Credit card (automatic),27.64,167.2,No
9250-CUDPJ,Female,0,No,Yes,13,Yes,No,Fiber optic,No,No,No,No,No,Yes,Two year,No,Mailed check,88.89,1101.3,No
1612-HDMXC,Male,0,No,No,22,Yes,Yes,DSL,No,Yes,No,No,Yes,No,Two year,No,Bank transfer (automatic),89.91,2045.58,No
4794-WURTE,Male,1,No,No,41,Yes,Yes,DSL,No,Yes,Yes,No,No,Yes,One year,Yes,Electronic check,91.27,3720.74,No
9218-NSQYI,Male,1,No,No,32,Yes,No,Fiber optic,Yes,No,Yes,No,Yes,Yes,Month-to-month,Yes,Mailed check,110.42,3525.41,No
3149-IJWLX,Male,0,No,No,59,Yes,Yes,DSL,No,No,Yes,Yes,No,Yes,Month-to-month,No,Bank transfer (automatic),91.43,5170.31,No
7350-GZPYO,Male,0,Yes,Yes,61,Yes,Yes,No,No internet service,No internet service,No internet service,No internet service,No internet service,No internet service,Two year,No,Electronic check,44.04,2593.82,No
9151-CATIW,Male,0,Yes,Yes,62,Yes,No,DSL,No,No,No,No,No,Yes,Month-to-month,Yes,Credit card (automatic),68.32,4183.51,No
2428-MLEHB,Female,0,No,No,9,Yes,No,Fiber optic,No,No,Yes,Yes,No,Yes,Month-to-month,No,Electronic check,99.78,931.86,No
6952-JBSLZ,Female,0,Yes,Yes,65,Yes,No,DSL,Yes,No,No,No,No,Yes,Two year,No,Credit card (automatic),69.93,4381.87,No
5194-TLYYZ,Male,0,No,No,28,Yes,Yes,Fiber optic,No,Yes,Yes,Yes,Yes,No,Month-to-month,No,Bank transfer (automatic),115.57,3188.38,Yes
8999-BWKWX,Female,1,No,No,62,Yes,No,Fiber optic,No,No,No,Yes,No,No,Two year,Yes,Credit card (automatic),80.15,5150.7,No
3113-LNQIC,Female,0,No,No,49,Yes,Yes,No,No internet service,No internet service,No internet service,No internet service,No internet service,No internet service,Two year,No,Electronic check,44.6,2242.42,No
7769-NGWRQ,Male,0,Yes,No,65,No,No phone service,Fiber optic,Yes,Yes,No,No,Yes,No,Two year,Yes,Bank transfer (automatic),81.38,5213.49,No
1934-TGVAW,Male,0,Yes,No,34,Yes,No,DSL,No,Yes,No,No,No,No,One year,No,Electronic check,61.87,2018.88,No
5762-JOWFW,Male,0,No,No,65,Yes,Yes,No,No internet service,No internet service,No internet service,No internet service,No internet service,No internet service,Month-to-month,Yes,Electronic check,44.24,2892.37,No
2531-JMNVC,Male,0,No,No,2,Yes,No,DSL,Yes,No,No,Yes,Yes,No,Month-to-month,No,Electronic check,81.52,158.94,No
3953-TXXTF,Female,0,No,No,15,Yes,No,No,No internet service,No internet service,No internet service,No internet service,No internet service,No internet service,Month-to-month,Yes,Credit card (automatic),36.21,548.22,No
6385-BIPFT,Male,0,Yes,No,67,Yes,Yes,No,No internet service,No internet service,No internet service,No internet service,No internet service,No internet service,One year,Yes,Credit card (automatic),41.13,2621.77,No
2873-HAEMQ,Female,1,Yes,Yes,67,Yes,No,DSL,Yes,Yes,Yes,No,No,Yes,One year,Yes,Electronic check,82.68,5419.55,No
6245-OZUBV,Female,0,No,No,30,Yes,Yes,DSL,No,Yes,No,No,No,Yes,Two year,Yes,Electronic check,89.26,2596.59,Yes
8046-ZFFAT,Male,0,No,No,1,Yes,Yes,No,No internet service,No internet service,No internet service,No internet service,No internet service,No internet service,Month-to-month,Yes,Credit card (automatic),35.91,36.72,No
7929-HQCBK,Female,0,No,No,13,Yes,Yes,No,No internet service,No internet service,No internet service,No internet service,No internet service,No internet service,One year,No,Mailed check,43.39,577.76,No
5887-WLKFX,Male,1,Yes,Yes,4,Yes,No,Fiber optic,No,Yes,Yes,No,No,No,Month-to-month,No,Electronic check,93.44,383.5,Yes
4015-VCXIT,Female,0,Yes,No,68,Yes,Yes,No,No internet service,No internet service,No internet service,No internet service,No internet service,No internet service,Two year,Yes,Bank transfer (automatic),48.34,3443.19,No
3695-FYMNU,Male,0,Yes,Yes,10,Yes,No,No,No internet service,No internet service,No internet service,No internet service,No internet service,No internet service,Month-to-month,No,Mailed check,28.22,285.33,Yes
8156-JSKAU,Female,0,No,No,2,Yes,Yes,Fiber optic,Yes,No,Yes,No,Yes,Yes,Month-to-month,Yes,Bank transfer (automatic),118.75,245.67,No
4253-CRQIZ,Female,1,No,No,7,Yes,No,Fiber optic,Yes,Yes,Yes,No,Yes,Yes,Month-to-month,No,Electronic check,118.75,839.37,No
6185-AXYMI,Male,0,Yes,Yes,68,Yes,No,Fiber optic,No,No,Yes,Yes,No,No,Two year,Yes,Mailed check,82.12,5528.35,No
7658-GSZYW,Female,0,Yes,No,16,Yes,Yes,DSL,Yes,No,No,Yes,Yes,Yes,One year,No,Credit card (automatic),105.63,1739.0,No
8361-QPATE,Female,1,No,No,4,No,No phone service,Fiber optic,No,No,No,No,No,Yes,Month-to-month,No,Credit card (automatic),64.79,257.56,No
9947-UPFFE,Female,0,Yes,No,65,No,No phone service,Fiber optic,No,Yes,Yes,No,Yes,No,Two year,Yes,Credit card (automatic),90.49,6145.74,No
1235-JJHHV,Female,0,No,No,61,Yes,Yes,Fiber optic,No,No,No,No,No,Yes,Two year,Yes,Electronic check,92.77,5387.21,No
3043-SQLKJ,Female,0,No,No,71,Yes,Yes,DSL,Yes,Yes,No,No,Yes,No,Month-to-month,No,Credit card (automatic),92.6,6661.72,No
9887-LZIYL,Male,0,Yes,Yes,66,No,No phone service,No,No internet service,No internet service,No internet service,No internet service,No internet service,No internet service,Two year,Yes,Electronic check,18.25,1259.59,No
7113-EPOJV,Male,0,Yes,Yes,14,No,No phone service,No,No internet service,No internet service,No internet service,No internet service,No internet service,No internet service,One year,Yes,Credit card (automatic),18.32,252.23,No
8167-QSYXC,Female,0,No,No,62,Yes,No,DSL,Yes,No,No,Yes,No,No,Two year,No,Electronic check,65.09,3887.91,No
2435-UCQQK,Male,0,Yes,Yes,65,Yes,No,Fiber optic,No,Yes,No,No,No,Yes,Two year,Yes,Electronic check,94.95,6039.66,No
9133-TQOQN,Female,0,Yes,Yes,21,Yes,Yes,No,No internet service,No internet service,No internet service,No internet service,No internet service,No internet service,One year,No,Bank transfer (automatic),44.96,904.68,No
1534-RWFUO,Female,1,No,No,67,Yes,No,Fiber optic,Yes,No,No,No,Yes,Yes,Two year,Yes,Bank transfer (automatic),108.17,7131.82,No
2875-FMDZX,Male,0,No,No,69,Yes,No,Fiber optic,No,Yes,Yes,No,No,No,Two year,Yes,Credit card (automatic),81.45,5730.27,No
7765-XQUKY,Male,0,No,No,62,Yes,Yes,DSL,No,Yes,No,No,Yes,No,Two year,No,Electronic check,80.56,5145.8,No
4668-NGRHX,Female,0,Yes,No,71,Yes,No,DSL,No,No,Yes,No,Yes,No,Two year,Yes,Mailed check,72.73,5206.56,No
7794-RAXAA,Male,0,Yes,No,33,Yes,No,No,No internet service,No internet service,No internet service,No internet service,No internet service,No internet service,One year,Yes,Bank transfer (automatic),36.53,1231.85,No
7134-VNTIE,Female,0,Yes,No,19,Yes,Yes,Fiber optic,Yes,No,No,No,Yes,Yes,Month-to-month,Yes,Credit card (automatic),111.84,2029.43,No
8045-GZFQV,Male,0,Yes,No,71,Yes,Yes,No,No internet service,No internet service,No internet service,No internet service,No internet service,No internet service,One year,Yes,Bank transfer (automatic),47.25,3252.52,No
8030-DQZEX,Female,1,No,No,68,No,No phone service,DSL,No,Yes,No,No,Yes,Yes,Two year,No,Credit card (automatic),76.83,5164.46,No
9475-EGSDD,Male,0,Yes,Yes,9,Yes,No,Fiber optic,No,Yes,Yes,No,No,No,Month-to-month,Yes,Mailed check,89.54,835.28,Yes
7422-VQGOY,Female,1,No,No,63,Yes,No,DSL,No,Yes,Yes,Yes,No,No,One year,Yes,Credit card (automatic),75.38,4663.05,No
4338-CAAUD,Male,1,Yes,Yes,5,Yes,Yes,No,No internet service,No internet service,No internet service,No internet service,No internet service,No internet service,Month-to-month,No,Credit card (automatic),39.89,190.59,No
9907-XCJTD,Female,0,Yes,No,55,Yes,No,No,No internet service,No internet service,No internet service,No internet service,No internet service,No internet service,One year,No,Electronic check,24.43,1305.2,No
8433-QUEQF,Male,0,No,Yes,3,Yes,Yes,Fiber optic,Yes,Yes,No,No,Yes,Yes,Month-to-month,No,Mailed check,118.75,365.43,Yes
4175-NGUUU,Female,1,Yes,No,3,Yes,Yes,DSL,Yes,Yes,Yes,No,No,Yes,Month-to-month,Yes,Electronic check,93.92,289.63,Yes
1847-HYQQP,Female,1,Yes,No,17,No,No phone service,Fiber optic,No,Yes,No,Yes,No,No,One year,Yes,Electronic check,77.92,1337.45,No
2694-CYDDG,Male,0,Yes,No,66,Yes,Yes,Fiber optic,No,Yes,No,No,Yes,Yes,One year,No,Credit card (automatic),110.57,7654.53,No
3959-CMJVK,Male,0,Yes,No,12,Yes,No,No,No internet service,No internet service,No internet service,No internet service,No internet service,No internet service,Month-to-month,Yes,Credit card (automatic),31.25,380.39,No
9045-UKMQF,Male,0,No,No,69,Yes,Yes,Fiber optic,Yes,Yes,No,Yes,Yes,No,One year,No,Mailed check,113.04,7596.17,No
7879-JIXVE,Female,1,Yes,No,65,Yes,Yes,DSL,No,No,No,No,Yes,Yes,Two year,No,Mailed check,89.85,5898.55,No
1166-XRQWD,Female,0,No,No,51,Yes,Yes,Fiber optic,Yes,No,No,No,Yes,Yes,One year,No,Mailed check,111.36,5421.58,No
6616-ZMPOE,Female,0,No,No,22,Yes,Yes,Fiber optic,Yes,Yes,Yes,No,Yes,No,One year,No,Bank transfer (automatic),116.64,2607.71,No
5169-YFAAN,Male,1,No,No,18,Yes,Yes,No,No internet service,No internet service,No internet service,No internet service,No internet service,No internet service,Two year,Yes,Credit card (automatic),39.82,748.22,No
3496-FJXAD,Male,0,Yes,Yes,29,Yes,Yes,No,No internet service,No internet service,No internet service,No internet service,No internet service,No internet service,One year,Yes,Credit card (automatic),43.16,1271.07,No
2367-SYGMY,Female,0,No,No,61,Yes,No,No,No internet service,No internet service,No internet service,No internet service,No internet service,No internet service,Two year,No,Electronic check,25.87,1599.31,No
6710-SQMVL,Male,0,Yes,No,12,Yes,Yes,Fiber optic,No,No,Yes,No,No,Yes,Month-to-month,No,Credit card (automatic),104.07,1258.64,Yes
7552-XGFVS,Female,1,No,No,7,Yes,No,Fiber optic,No,Yes,Yes,Yes,No,No,Month-to-month,No,Mailed check,96.87,688.75,No
7436-CUPEF,Male,0,No,Yes,64,Yes,Yes,No,No internet service,No internet service,No internet service,No internet service,No internet service,No internet service,Two year,Yes,Credit card (automatic),45.92,3055.69,No
8992-LLPHI,Female,0,Yes,Yes,9,Yes,Yes,DSL,Yes,No,Yes,No,No,Yes,Month-to-month,Yes,Credit card (automatic),90.32,775.78,No
2762-PLOJQ,Male,0,No,No,33,Yes,Yes,Fiber optic,No,No,Yes,No,No,No,Two year,Yes,Mailed check,95.73,3015.91,No
2052-LXYGK,Male,0,No,No,69,Yes,No,Fiber optic,No,No,No,No,No,Yes,Two year,Yes,Electronic check,90.51,5955.7,No
9691-JAEIU,Female,0,No,Yes,60,Yes,Yes,DSL,No,Yes,No,Yes,Yes,Yes,One year,Yes,Mailed check,96.97,6094.31,No
6861-GFJDI,Female,0,Yes,Yes,4,Yes,No,Fiber optic,No,Yes,Yes,No,No,No,Month-to-month,Yes,Electronic check,82.39,313.7,No
1157-IAIMU,Female,0,No,No,8,No,No phone service,Fiber optic,Yes,No,Yes,Yes,Yes,No,Month-to-month,No,Mailed check,100.34,785.98,Yes
4811-OKPNC,Male,0,No,No,30,Yes,No,DSL,No,Yes,Yes,No,Yes,No,Month-to-month,Yes,Credit card (automatic),74.08,2319.09,No
5555-SYURO,Male,0,Yes,No,65,Yes,No,Fiber optic,No,No,No,No,No,Yes,One year,No,Credit card (automatic),84.1,5686.02,No
7909-RLVFB,Female,0,No,No,68,Yes,No,Fiber optic,No,Yes,No,Yes,Yes,No,Two year,No,Mailed check,93.77,6129.76,No
9092-MZKDE,Female,0,Yes,No,15,No,No phone service,Fiber optic,Yes,No,Yes,No,No,No,One year,Yes,Bank transfer (automatic),77.72,1194.56,No
6355-PGAAU,Male,0,Yes,No,2,Yes,No,Fiber optic,Yes,Yes,No,Yes,Yes,Yes,Month-to-month,No,Bank transfer (automatic),113.35,231.93,Yes
1076-XHVKX,Male,0,No,No,21,Yes,Yes,DSL,Yes,No,No,Yes,No,Yes,Two year,No,Bank transfer (automatic),88.91,1902.37,No
9642-BQBCU,Male,0,No,Yes,20,Yes,Yes,DSL,No,Yes,Yes,Yes,No,Yes,Month-to-month,Yes,Bank transfer (automatic),89.94,1856.16,No
5931-HTKOI,Female,0,No,No,1,Yes,Yes,No,No internet service,No internet service,No internet service,No internet service,No internet service,No internet service,Month-to-month,Yes,Credit card (automatic),31.6,32.41,No
1771-KSLWZ,Male,0,No,No,24,Yes,No,No,No internet service,No internet service,No internet service,No internet service,No internet service,No internet service,One year,No,Electronic check,30.65,768.19,No
2989-VYCFV,Male,0,Yes,Yes,23,Yes,No,No,No internet service,No internet service,No internet service,No internet service,No internet service,No internet service,One year,Yes,Electronic check,28.12,676.4,No
3273-CIRLE,Male,0,Yes,Yes,9,Yes,Yes,Fiber optic,No,No,No,No,Yes,No,Month-to-month,Yes,Electronic check,96.52,856.65,Yes
4131-SVVNA,Male,0,No,No,66,Yes,No,Fiber optic,No,No,Yes,No,Yes,No,Two year,Yes,Bank transfer (automatic),87.17,5542.63,No
1860-GUCYB,Male,0,Yes,Yes,8,Yes,Yes,No,No internet service,No internet service,No internet service,No internet service,No internet service,No internet service,Month-to-month,No,Mailed check,39.99,334.28,Yes
6395-RUJSY,Female,0,No,No,66,No,No phone service,Fiber optic,No,Yes,No,No,Yes,No,One year,No,Bank transfer (automatic),81.99,5295.96,No
8548-DIDPW,Male,0,No,Yes,61,Yes,Yes,DSL,No,No,No,Yes,Yes,Yes,Two year,No,Mailed check,96.38,5586.84,No
7771-QRNGM,Female,0,Yes,No,57,No,No phone service,Fiber optic,Yes,No,No,No,No,Yes,Two year,No,Bank transfer (automatic),81.89,4488.1,No
9029-ZITFG,Male,0,Yes,Yes,5,Yes,No,Fiber optic,Yes,Yes,Yes,Yes,Yes,Yes,Month-to-month,No,Electronic check,118.75,598.34,Yes
5853-SJVGQ,Female,0,No,Yes,10,Yes,No,No,No internet service,No internet service,No internet service,No internet service,No internet service,No internet service,Month-to-month,Yes,Mailed check,34.66,338.86,No
4373-SBMFR,Female,0,No,No,51,Yes,No,No,No internet service,No internet service,No internet service,No internet service,No internet service,No internet service,Two year,Yes,Bank transfer (automatic),31.32,1599.09,No
8670-VECFP,Female,0,No,No,15,Yes,No,No,No internet service,No internet service,No internet service,No internet service,No internet service,No internet service,Two year,Yes,Electronic check,27.78,427.43,No
9644-NIYSR,Female,0,No,Yes,12,Yes,No,DSL,No,Yes,No,Yes,No,Yes,Month-to-month,Yes,Electronic check,82.72,960.12,Yes
9265-CDXKL,Male,0,No,No,70,Yes,No,Fiber optic,Yes,No,No,No,No,No,Month-to-month,Yes,Electronic check,85.69,5699.2,No
9412-FKBLR,Male,0,Yes,No,21,Yes,Yes,No,No internet service,No internet service,No internet service,No internet service,No internet service,No internet service,Two year,Yes,Bank transfer (automatic),41.89,902.46,No
2672-DWTGX,Female,0,Yes,Yes,8,Yes,Yes,Fiber optic,Yes,No,Yes,No,No,Yes,Month-to-month,No,Mailed check,106.17,862.54,Yes
4064-GMNJD,Female,1,Yes,Yes,4,Yes,No,Fiber optic,Yes,Yes,No,No,Yes,Yes,Month-to-month,Yes,Electronic check,106.36,418.68,No
2377-JFKLI,Female,0,Yes,No,6,Yes,No,No,No internet service,No internet service,No internet service,No internet service,No internet service,No internet service,Month-to-month,No,Bank transfer (automatic),37.35,216.73,No
8230-HCQTK,Female,0,Yes,Yes,62,Yes,Yes,Fiber optic,Yes,No,Yes,No,Yes,Yes,Two year,Yes,Electronic check,118.75,7017.03,No
5816-EEHPN,Female,0,Yes,Yes,14,No,No phone service,Fiber optic,Yes,No,No,No,No,No,One year,No,Mailed check,78.5,1073.17,Yes
2788-RQYFB,Male,0,Yes,Yes,8,Yes,Yes,DSL,Yes,No,Yes,Yes,No,No,Month-to-month,Yes,Electronic check,82.52,692.37,No
1584-OGNHW,Male,0,Yes,No,3,Yes,Yes,No,No internet service,No internet service,No internet service,No internet service,No internet service,No internet service,Month-to-month,No,Bank transfer (automatic),41.16,121.47,No
7628-KCTWG,Female,0,No,No,61,Yes,Yes,No,No internet service,No internet service,No internet service,No internet service,No internet service,No internet service,Two year,Yes,Electronic check,43.77,2749.8,No
4370-EFQSH,Female,0,No,No,59,Yes,Yes,Fiber optic,No,No,No,No,Yes,Yes,One year,Yes,Credit card (automatic),110.91,6709.06,No
1050-CNSMH,Male,0,Yes,No,23,Yes,No,Fiber optic,Yes,Yes,Yes,No,No,Yes,One year,Yes,Bank transfer (automatic),102.79,2268.95,No
4909-EREIL,Female,0,No,No,2,Yes,Yes,Fiber optic,No,Yes,Yes,Yes,No,Yes,Month-to-month,Yes,Electronic check,117.04,228.21,Yes
1208-RLAZW,Male,0,Yes,No,16,Yes,No,DSL,No,No,No,Yes,No,Yes,One year,No,Mailed check,68.78,1139.97,No
3797-RWPZP,Female,1,No,No,68,Yes,No,DSL,No,Yes,No,Yes,Yes,No,Month-to-month,Yes,Electronic check,80.44,5401.13,No
9000-WMBAR,Male,0,Yes,No,14,Yes,No,Fiber optic,No,No,No,No,No,Yes,One year,Yes,Bank transfer (automatic),88.99,1273.49,Yes
5762-VNEDC,Male,0,No,Yes,55,Yes,Yes,DSL,No,Yes,Yes,Yes,No,No,Two year,Yes,Bank transfer (automatic),90.53,4895.89,No
5990-UIMJO,Female,0,Yes,No,29,No,No phone service,DSL,No,No,No,No,Yes,No,Month-to-month,Yes,Electronic check,55.25,1581.2,No
8970-GLVHI,Male,0,No,No,70,Yes,Yes,No,No internet service,No internet service,No internet service,No internet service,No internet service,No internet service,One year,No,Bank transfer (automatic),38.9,2750.99,No
9484-UWXPC,Female,0,Yes,No,15,Yes,Yes,No,No internet service,No internet service,No internet service,No internet service,No internet service,No internet service,Month-to-month,Yes,Credit card (automatic),45.34,662.11,No
9508-SAZWR,Female,0,No,No,30,Yes,No,DSL,Yes,No,No,No,No,No,One year,Yes,Credit card (automatic),64.02,1915.29,No
3320-JAPSL,Female,0,Yes,No,39,Yes,Yes,DSL,No,No,No,No,No,No,Two year,No,Electronic check,65.72,2620.55,No
4380-TFYQZ,Male,0,Yes,No,7,Yes,No,No,No internet service,No internet service,No internet service,No internet service,No internet service,No internet service,Month-to-month,Yes,Mailed check,29.76,198.2,No
9927-XLYNG,Male,0,No,No,6,Yes,No,No,No internet service,No internet service,No internet service,No internet service,No internet service,No internet service,Month-to-month,No,Electronic check,26.33,164.19,Yes
6715-XKKZI,Male,0,Yes,Yes,2,Yes,Yes,Fiber optic,No,Yes,Yes,No,No,Yes,Month-to-month,No,Bank transfer (automatic),113.97,227.63,Yes
1673-PSVDU,Female,0,No,Yes,2,No,No phone service,DSL,Yes,No,No,Yes,No,Yes,Month-to-month,Yes,Credit card (automatic),70.54,142.65,No
6685-HZMRM,Female,0,Yes,No,8,Yes,Yes,DSL,No,No,Yes,No,Yes,Yes,Month-to-month,Yes,Bank transfer (automatic),91.26,747.61,Yes
3461-NHOEM,Female,0,Yes,Yes,13,Yes,No,No,No internet service,No internet service,No internet service,No internet service,No internet service,No internet service,Month-to-month,No,Credit card (automatic),29.44,368.83,No
2058-UABHP,Female,0,No,No,70,Yes,No,No,No internet service,No internet service,No internet service,No internet service,No internet service,No internet service,Two year,Yes,Electronic check,21.73,1575.35,No
1871-MAJVB,Female,0,Yes,Yes,43,Yes,No,Fiber optic,No,No,No,Yes,Yes,Yes,Two year,Yes,Electronic check,104.24,4420.58,No
3256-JHWRT,Female,0,Yes,No,62,Yes,Yes,No,No internet service,No internet service,No internet service,No internet service,No internet service,No internet service,Two year,No,Credit card (automatic),41.23,2441.45,No
3540-YSDTL,Male,0,No,No,6,Yes,No,DSL,No,No,No,Yes,No,No,One year,No,Mailed check,54.86,342.62,No
2322-HAYGR,Female,0,No,No,63,Yes,Yes,DSL,No,Yes,No,No,Yes,No,Month-to-month,No,Bank transfer (automatic),79.58,5161.76,Yes
7328-KZCGH,Male,0,No,No,3,Yes,Yes,DSL,Yes,No,Yes,No,No,Yes,Month-to-month,Yes,Credit card (automatic),89.0,263.19,No
6091-ELWUD,Female,0,Yes,Yes,8,Yes,Yes,DSL,No,Yes,No,No,Yes,Yes,Month-to-month,Yes,Bank transfer (automatic),88.46,732.37,No
4268-GKFHH,Female,0,No,No,61,Yes,No,No,No internet service,No internet service,No internet service,No internet service,No internet service,No internet service,Two year,No,Bank transfer (automatic),37.4,2314.18,No
8555-OJWLD,Female,0,Yes,No,13,Yes,No,No,No internet service,No internet service,No internet service,No internet service,No internet service,No internet service,Two year,Yes,Mailed check,29.84,399.29,No
8240-SNRJJ,Male,0,Yes,No,4,Yes,No,DSL,No,Yes,No,No,Yes,Yes,Month-to-month,Yes,Credit card (automatic),78.35,328.02,No
8643-KKAOY,Male,0,No,No,12,Yes,Yes,Fiber optic,No,No,Yes,No,No,No,One year,Yes,Bank transfer (automatic),96.24,1104.45,Yes
7896-CDXUP,Male,0,Yes,Yes,61,Yes,No,Fiber optic,No,Yes,No,Yes,Yes,No,Two year,Yes,Bank transfer (automatic),98.55,6180.03,No
7113-DOOHT,Male,1,Yes,Yes,65,Yes,Yes,DSL,Yes,No,No,No,No,No,One year,No,Electronic check,75.36,4685.72,No
7433-DRMTN,Male,0,Yes,Yes,17,No,No phone service,No,No internet service,No internet service,No internet service,No internet service,No internet service,No internet service,Month-to-month,Yes,Mailed check,20.83,360.35,No
1890-CHZCP,Female,0,No,No,22,Yes,Yes,Fiber optic,No,No,No,No,Yes,No,Month-to-month,Yes,Credit card (automatic),95.76,2171.74,Yes
5760-ORWDP,Female,0,No,No,57,Yes,No,Fiber optic,No,No,No,No,No,No,Two year,No,Mailed check,78.71,4438.8,No
9369-TBFDT,Male,1,No,No,15,Yes,Yes,DSL,Yes,No,No,No,No,No,Month-to-month,No,Credit card (automatic),77.37,1129.38,No
9115-DXQEQ,Male,0,Yes,No,6,Yes,No,Fiber optic,No,Yes,Yes,No,No,No,Month-to-month,Yes,Credit card (automatic),90.11,525.75,Yes
1105-UQFBD,Male,0,No,No,3,Yes,Yes,No,No internet service,No internet service,No internet service,No internet service,No internet service,No internet service,Month-to-month,No,Bank transfer (automatic),46.26,136.23,No
2983-NGCAN,Female,0,No,No,64,Yes,Yes,DSL,Yes,No,Yes,No,No,No,Month-to-month,Yes,Electronic check,80.77,5292.04,No
7401-BDKZV,Female,0,Yes,No,68,Yes,Yes,DSL,Yes,No,No,Yes,Yes,No,Two year,Yes,Electronic check,94.87,6767.08,No
9957-GPLRD,Female,0,Yes,No,29,Yes,No,Fiber optic,No,No,Yes,Yes,Yes,No,Month-to-month,No,Mailed check,99.92,3037.68,No
3396-QEVRE,Male,0,Yes,Yes,10,Yes,Yes,Fiber optic,Yes,Yes,No,Yes,No,Yes,Month-to-month,No,Electronic check,112.99,1097.83,Yes
9956-FMHCP,Female,0,Yes,Yes,61,Yes,Yes,DSL,No,No,Yes,No,No,Yes,One year,Yes,Mailed check,83.31,4899.16,No
7018-RKSCK,Female,0,No,No,24,Yes,No,DSL,No,No,Yes,No,No,Yes,Month-to-month,No,Bank transfer (automatic),69.35,1607.83,No
7960-DHDKP,Male,0,Yes,No,54,Yes,No,DSL,No,Yes,No,Yes,Yes,Yes,One year,No,Mailed check,89.31,4860.52,No
1558-QXQBX,Female,0,Yes,Yes,17,No,No phone service,No,No internet service,No internet service,No internet service,No internet service,No internet service,No internet service,One year,Yes,Electronic check,19.94,342.1,No
3282-MSHZJ,Male,0,No,Yes,4,Yes,Yes,DSL,Yes,No,Yes,Yes,No,Yes,Month-to-month,Yes,Credit card (automatic),97.07,403.82,Yes
9244-FXNNE,Female,0,No,No,12,Yes,Yes,DSL,Yes,No,Yes,No,No,Yes,One year,Yes,Mailed check,85.39,1013.96,No
3480-JSISU,Male,0,No,No,6,Yes,No,No,No internet service,No internet service,No internet service,No internet service,No internet service,No internet service,Month-to-month,No,Electronic check,31.01,192.86,No
5560-URYBV,Female,1,Yes,Yes,69,Yes,No,No,No internet service,No internet service,No internet service,No internet service,No internet service,No internet service,Two year,Yes,Electronic check,32.06,2136.73,No
8925-JMROY,Female,1,Yes,No,18,Yes,Yes,Fiber optic,No,No,Yes,No,Yes,Yes,Month-to-month,No,Mailed check,118.68,2207.06,No
9608-GSPPP,Female,0,Yes,No,69,Yes,No,No,No internet service,No internet service,No internet service,No internet service,No internet service,No internet service,Two year,No,Bank transfer (automatic),34.55,2350.28,No
7615-BATGR,Female,0,Yes,No,3,Yes,No,Fiber optic,Yes,Yes,No,No,Yes,No,Month-to-month,No,Mailed check,105.07,326.09,No
9182-YMTZV,Male,1,Yes,No,53,Yes,Yes,DSL,Yes,Yes,No,No,Yes,No,One year,No,Bank transfer (automatic),84.29,4384.67,No
4876-CWSJZ,Male,0,No,No,10,Yes,No,Fiber optic,Yes,No,Yes,No,Yes,No,Month-to-month,Yes,Credit card (automatic),96.29,985.92,Yes
2054-BGATL,Male,0,Yes,Yes,27,Yes,No,Fiber optic,No,Yes,Yes,Yes,Yes,No,Two year,No,Mailed check,103.42,2891.44,No
7132-PVYIS,Male,0,Yes,Yes,62,Yes,No,DSL,No,No,No,No,Yes,No,One year,No,Electronic check,66.45,3963.83,No
7187-DQOFM,Female,0,Yes,Yes,69,Yes,No,DSL,No,Yes,Yes,Yes,No,Yes,Two year,Yes,Mailed check,89.28,5921.59,No
5687-FTLNU,Male,0,No,No,8,No,No phone service,No,No internet service,No internet service,No internet service,No internet service,No internet service,No internet service,Month-to-month,Yes,Bank transfer (automatic),18.25,149.34,No
2409-PQRFV,Female,1,No,No,62,Yes,Yes,Fiber optic,Yes,No,Yes,No,Yes,Yes,Month-to-month,Yes,Electronic check,118.75,7501.35,No
1085-JKOBE,Female,0,No,No,13,Yes,No,DSL,No,No,No,No,Yes,Yes,Month-to-month,Yes,Electronic check,75.23,946.25,No
9653-MVOMJ,Female,0,Yes,Yes,67,Yes,No,No,No internet service,No internet service,No internet service,No internet service,No internet service,No internet service,Two year,Yes,Mailed check,30.83,2168.71,No
3258-ULQWO,Male,0,Yes,Yes,16,No,No phone service,DSL,No,Yes,Yes,Yes,No,No,Month-to-month,Yes,Bank transfer (automatic),67.01,1033.62,No
3083-UHDFP,Female,0,Yes,Yes,14,Yes,No,DSL,No,No,No,No,No,Yes,Month-to-month,Yes,Electronic check,63.54,889.18,No
6421-AVHVK,Female,0,Yes,No,3,No,No phone service,No,No internet service,No internet service,No internet service,No internet service,No internet service,No internet service,Month-to-month,Yes,Mailed check,19.5,56.92,Yes
6863-BWZBO,Male,0,No,No,19,Yes,No,DSL,Yes,No,No,No,Yes,Yes,One year,No,Bank transfer (automatic),80.77,1470.71,Yes
9482-YNKBS,Female,0,No,No,6,Yes,No,Fiber optic,No,No,No,No,No,No,One year,No,Mailed check,77.28,461.37,No
2816-PYZQA,Female,0,No,No,11,Yes,Yes,Fiber optic,No,No,No,No,Yes,No,Two year,Yes,Electronic check,95.99,1108.48,No
7904-GITDO,Male,0,No,No,45,Yes,Yes,DSL,No,Yes,No,No,Yes,No,Two year,Yes,Mailed check,81.71,3845.55,No
6400-YRWGB,Male,0,No,No,26,Yes,No,DSL,No,Yes,Yes,No,Yes,No,Month-to-month,No,Mailed check,72.61,1864.21,No
1579-IBKTY,Male,1,Yes,No,15,Yes,No,Fiber optic,Yes,Yes,Yes,No,Yes,Yes,Month-to-month,Yes,Electronic check,118.75,1781.41,Yes
8844-YHBAN,Male,0,No,No,6,No,No phone service,No,No internet service,No internet service,No internet service,No internet service,No internet service,No internet service,Month-to-month,No,Credit card (automatic),21.98,137.2,No
6738-LHWZA,Male,0,Yes,No,7,Yes,No,Fiber optic,Yes,Yes,No,No,Yes,No,One year,Yes,Bank transfer (automatic),102.4,746.37,Yes
1906-AUFPJ,Male,0,No,No,72,Yes,Yes,DSL,No,No,Yes,No,Yes,No,Month-to-month,No,Credit card (automatic),87.45,6471.86,No
1296-OBTSL,Male,0,Yes,No,14,Yes,Yes,Fiber optic,No,No,Yes,No,Yes,Yes,Month-to-month,Yes,Electronic check,115.43,1576.95,Yes
7993-ODDQX,Male,0,Yes,No,14,Yes,No,DSL,Yes,Yes,Yes,Yes,No,No,One year,No,Credit card (automatic),86.36,1193.55,No
6763-FLBGP,Female,0,No,No,67,No,No phone service,No,No internet service,No internet service,No internet service,No internet service,No internet service,No internet service,One year,Yes,Mailed check,24.51,1654.16,No
4721-KTVNB,Female,0,Yes,Yes,2,Yes,Yes,DSL,No,No,Yes,No,No,Yes,Month-to-month,Yes,Electronic check,83.61,173.16,Yes
1244-WGBBL,Female,0,Yes,No,30,Yes,No,No,No internet service,No internet service,No internet service,No internet service,No internet service,No internet service,Two year,Yes,Credit card (automatic),29.33,874.72,No
5630-BJRGH,Male,0,Yes,No,10,Yes,Yes,DSL,No,No,No,No,Yes,Yes,Month-to-month,Yes,Electronic check,93.4,945.59,Yes
7517-MDBGO,Male,0,Yes,Yes,12,Yes,No,DSL,No,No,No,No,No,No,Month-to-month,Yes,Bank transfer (automatic),53.94,641.48,No
9108-SVXWL,Female,0,No,No,64,Yes,No,Fiber optic,No,No,Yes,No,Yes,No,Two year,Yes,Credit card (automatic),92.64,5981.73,No
5959-YUHQN,Male,0,No,No,5,Yes,Yes,Fiber optic,Yes,Yes,No,Yes,No,Yes,Month-to-month,Yes,Credit card (automatic),113.6,540.42,Yes
5383-IOCJK,Male,0,Yes,Yes,31,Yes,No,Fiber optic,No,Yes,Yes,No,No,No,One year,Yes,Electronic check,84.88,2597.43,Yes
8966-HFDZF,Female,0,Yes,No,7,Yes,No,No,No internet service,No internet service,No internet service,No internet service,No internet service,No internet service,Month-to-month,No,Credit card (automatic),29.41,211.36,No
4453-DSUAG,Male,0,No,Yes,6,Yes,No,No,No internet service,No internet service,No internet service,No internet service,No internet service,No internet service,Month-to-month,No,Bank transfer (automatic),28.72,164.13,No
8213-QLCMA,Female,0,Yes,Yes,10,Yes,No,DSL,No,Yes,No,No,Yes,No,Month-to-month,Yes,Credit card (automatic),73.73,760.72,No
5554-PHZBW,Female,0,Yes,No,5,Yes,No,DSL,No,No,Yes,Yes,Yes,Yes,Month-to-month,No,Bank transfer (automatic),82.44,432.21,No
7290-MWKBF,Male,0,Yes,Yes,25,Yes,Yes,No,No internet service,No internet service,No internet service,No internet service,No internet service,No internet service,Month-to-month,No,Bank transfer (automatic),45.84,1144.71,Yes
4021-RNRAT,Male,1,No,No,63,Yes,No,No,No internet service,No internet service,No internet service,No internet service,No internet service,No internet service,Month-to-month,Yes,Bank transfer (automatic),37.72,2298.35,No
1425-XTIVG,Female,1,Yes,No,66,No,No phone service,DSL,Yes,Yes,No,Yes,Yes,Yes,Two year,Yes,Mailed check,83.06,5674.56,No
4547-TIVLL,Male,0,Yes,No,70,No,No phone service,No,No internet service,No internet service,No internet service,No internet service,No internet service,No internet service,Two year,Yes,Credit card (automatic),20.41,1470.6,No
1935-UOYYH,Male,0,No,No,63,Yes,Yes,Fiber optic,Yes,No,No,Yes,No,Yes,One year,No,Electronic check,110.87,7319.51,No
9761-MOONE,Female,0,Yes,No,13,Yes,Yes,DSL,No,No,No,Yes,No,Yes,Month-to-month,Yes,Electronic check,83.89,1062.85,No
7247-MZGXH,Male,0,No,No,11,Yes,Yes,No,No internet service,No internet service,No internet service,No internet service,No internet service,No internet service,Month-to-month,Yes,Bank transfer (automatic),37.11,395.43,No
5495-CGOIK,Female,0,Yes,No,14,Yes,Yes,DSL,No,No,Yes,No,Yes,Yes,One year,Yes,Bank transfer (automatic),96.41,1300.34,Yes
5493-JRUVP,Female,0,Yes,Yes,21,Yes,Yes,Fiber optic,No,No,No,No,No,No,One year,Yes,Credit card (automatic),90.71,1894.26,No
3036-HRVWL,Male,0,Yes,Yes,61,Yes,Yes,Fiber optic,No,No,No,No,Yes,No,Two year,Yes,Bank transfer (automatic),94.35,5886.09,No
1282-LMZMV,Male,1,Yes,No,4,No,No phone service,DSL,Yes,No,No,No,No,Yes,Month-to-month,Yes,Electronic check,60.52,233.45,Yes
4569-KPCXO,Male,0,No,No,3,Yes,No,Fiber optic,No,Yes,No,No,Yes,No,Month-to-month,No,Credit card (automatic),88.52,263.6,No
2049-LGUGM,Male,0,No,Yes,65,No,No phone service,Fiber optic,No,Yes,No,No,No,No,One year,Yes,Electronic check,69.62,4411.63,No
4726-QDQBC,Male,0,Yes,Yes,31,No,No phone service,DSL,No,No,No,Yes,No,No,One year,Yes,Mailed check,49.56,1520.38,No
1630-ENLIO,Female,0,Yes,No,1,Yes,No,Fiber optic,Yes,Yes,Yes,No,No,Yes,Month-to-month,No,Bank transfer (automatic),101.12,96.58,Yes
4734-BSGGR,Male,0,Yes,Yes,60,No,No phone service,Fiber optic,No,No,Yes,No,Yes,Yes,One year,No,Bank transfer (automatic),86.03,5103.7,No
6789-OBGCN,Female,0,No,No,59,Yes,Yes,No,No internet service,No internet service,No internet service,No internet service,No internet service,No internet service,One year,Yes,Mailed check,39.93,2255.22,No
2854-NGIJV,Female,0,No,No,27,Yes,No,No,No internet service,No internet service,No internet service,No internet service,No internet service,No internet service,Month-to-month,No,Electronic check,28.25,783.39,Yes
7815-BLHAP,Female,0,Yes,Yes,38,Yes,No,DSL,Yes,Yes,Yes,Yes,Yes,No,One year,Yes,Electronic check,92.26,3346.01,No
6902-IKQMZ,Female,0,No,No,63,Yes,Yes,Fiber optic,No,No,No,Yes,No,No,Two year,Yes,Credit card (automatic),90.57,5613.93,No
1510-EBYXA,Male,0,No,No,61,Yes,No,DSL,No,Yes,Yes,No,No,Yes,One year,Yes,Mailed check,77.4,4546.2,No
4464-VNUNP,Female,1,No,No,43,Yes,Yes,DSL,Yes,No,No,No,No,Yes,Month-to-month,Yes,Bank transfer (automatic),83.2,3654.05,No
6636-YJPRD,Female,0,Yes,Yes,63,Yes,Yes,Fiber optic,No,No,Yes,No,Yes,Yes,One year,Yes,Bank transfer (automatic),107.74,6544.79,No
2285-YYZOZ,Male,1,Yes,Yes,9,Yes,Yes,DSL,Yes,Yes,No,No,No,Yes,One year,No,Bank transfer (automatic),91.54,836.39,No
9982-TODWU,Male,0,Yes,Yes,69,Yes,Yes,No,No internet service,No internet service,No internet service,No internet service,No internet service,No internet service,Month-to-month,Yes,Bank transfer (automatic),45.07,3145.88,No
8738-RNIFO,Female,0,No,Yes,10,Yes,No,No,No internet service,No internet service,No internet service,No internet service,No internet service,No internet service,Month-to-month,No,Electronic check,24.14,243.45,No
4998-IUZGI,Male,0,No,No,6,Yes,No,Fiber optic,No,Yes,No,Yes,No,No,Month-to-month,Yes,Electronic check,85.71,502.22,No
2890-SLYKC,Male,0,No,No,28,Yes,No,Fiber optic,No,Yes,No,Yes,Yes,No,One year,No,Electronic check,99.16,2884.16,No
9284-BJMFU,Male,1,Yes,No,69,Yes,No,No,No internet service,No internet service,No internet service,No internet service,No internet service,No internet service,Two year,Yes,Bank transfer (automatic),30.67,2050.49,No
4764-OVDNU,Male,0,Yes,No,14,Yes,Yes,DSL,Yes,Yes,No,No,No,No,Month-to-month,No,Electronic check,73.93,1021.23,Yes
7678-RRPUI,Female,0,Yes,Yes,10,Yes,Yes,DSL,Yes,Yes,No,Yes,Yes,Yes,Month-to-month,No,Electronic check,107.61,1100.61,Yes
2932-CKZOQ,Female,0,No,No,64,Yes,Yes,DSL,No,No,Yes,No,No,No,One year,Yes,Credit card (automatic),78.72,4899.86,No
4245-XWADG,Female,0,Yes,No,4,Yes,No,Fiber optic,No,No,No,No,No,No,One year,Yes,Bank transfer (automatic),76.09,307.62,No
8698-TDALR,Male,0,Yes,No,57,Yes,No,No,No internet service,No internet service,No internet service,No internet service,No internet service,No internet service,Two year,No,Mailed check,27.56,1604.71,No
2196-DWXXJ,Male,0,No,No,72,Yes,Yes,DSL,No,No,No,No,No,Yes,Two year,Yes,Electronic check,76.26,5518.63,No
7591-SGHIV,Male,0,Yes,No,72,Yes,No,DSL,No,No,No,No,No,No,Two year,Yes,Mailed check,53.32,3771.21,No
6515-PQZBT,Male,0,Yes,No,66,Yes,Yes,No,No internet service,No internet service,No internet service,No internet service,No internet service,No internet service,Two year,No,Mailed check,48.97,3324.77,No
6815-YXQTL,Male,1,Yes,Yes,7,Yes,No,No,No internet service,No internet service,No internet service,No internet service,No internet service,No internet service,Month-to-month,No,Mailed check,31.44,211.45,Yes
8816-STSPV,Female,0,No,No,63,Yes,No,Fiber optic,Yes,Yes,No,No,Yes,Yes,One year,No,Mailed check,105.32,6455.13,No
9345-CXPJQ,Male,0,No,No,58,Yes,Yes,DSL,Yes,Yes,No,No,Yes,No,One year,No,Electronic check,88.01,5038.82,No
7215-IESHU,Female,0,No,No,12,No,No phone service,DSL,Yes,No,No,Yes,Yes,No,One year,Yes,Electronic check,65.97,788.78,No
4805-HIOXP,Male,0,No,No,35,Yes,Yes,No,No internet service,No internet service,No internet service,No internet service,No internet service,No internet service,Month-to-month,Yes,Electronic check,47.34,1577.92,No
7990-HJTYB,Male,0,No,No,68,Yes,Yes,DSL,No,Yes,No,No,No,Yes,One year,Yes,Mailed check,84.96,5888.89,No
4451-LHWIJ,Male,0,No,No,55,Yes,Yes,No,No internet service,No internet service,No internet service,No internet service,No internet service,No internet service,One year,No,Credit card (automatic),37.41,1991.42,No
3713-DHLXH,Female,0,No,No,7,Yes,No,No,No internet service,No internet service,No internet service,No internet service,No internet service,No internet service,Two year,Yes,Mailed check,35.61,259.03,No
5250-ZTYRD,Female,0,No,No,66,Yes,No,Fiber optic,Yes,Yes,Yes,No,No,Yes,One year,No,Electronic check,99.55,6442.35,No
4388-ONEPB,Female,0,Yes,No,12,Yes,No,No,No internet service,No internet service,No internet service,No internet service,No internet service,No internet service,Two year,No,Bank transfer (automatic),25.29,296.57,No
9844-NFMVJ,Male,0,Yes,No,1,Yes,No,DSL,No,No,No,No,Yes,Yes,Month-to-month,Yes,Electronic check,70.43,67.77,No
5617-YOTNV,Male,0,Yes,Yes,23,Yes,Yes,No,No internet service,No internet service,No internet service,No internet service,No internet service,No internet service,One year,No,Electronic check,38.33,903.86,No
5832-XSXDX,Female,0,No,No,8,Yes,No,Fiber optic,Yes,No,Yes,No,No,Yes,One year,Yes,Electronic check,104.09,868.6,Yes
9081-GWZTD,Male,1,No,No,61,Yes,Yes,DSL,No,Yes,No,No,Yes,No,Two year,Yes,Electronic check,90.25,5663.36,No
6795-UTFBE,Female,0,No,No,65,Yes,No,No,No internet service,No internet service,No internet service,No internet service,No internet service,No internet service,One year,No,Mailed check,27.53,1854.3,No
6494-HQNUS,Male,1,Yes,Yes,22,Yes,Yes,No,No internet service,No internet service,No internet service,No internet service,No internet service,No internet service,Month-to-month,Yes,Bank transfer (automatic),45.69,1019.11,No
6157-XACSN,Male,0,Yes,No,4,Yes,Yes,Fiber optic,No,Yes,Yes,Yes,Yes,No,Month-to-month,No,Bank transfer (automatic),117.47,462.61,No
4119-VRWAQ,Male,0,Yes,Yes,22,Yes,Yes,Fiber optic,No,No,No,Yes,No,No,Month-to-month,Yes,Mailed check,91.04,2052.75,No
1130-GPWFF,Male,0,No,No,22,Yes,Yes,No,No internet service,No internet service,No internet service,No internet service,No internet service,No internet service,Two year,Yes,Credit card (automatic),43.44,926.69,No
8702-DVTHF,Female,0,Yes,Yes,68,Yes,Yes,No,No internet service,No internet service,No internet service,No internet service,No internet service,No internet service,Two year,Yes,Electronic check,40.24,2601.49,No
2453-YWTAB,Male,0,No,No,10,Yes,Yes,Fiber optic,No,Yes,No,No,Yes,Yes,Month-to-month,No,Mailed check,116.35,1147.35,Yes
4416-SBRPQ,Male,0,Yes,Yes,64,Yes,Yes,Fiber optic,No,Yes,No,No,No,Yes,One year,No,Bank transfer (automatic),107.45,6937.08,No
4845-QMREH,Male,1,Yes,Yes,71,Yes,Yes,Fiber optic,Yes,No,Yes,No,Yes,Yes,Month-to-month,No,Electronic check,116.71,8419.2,No
4799-WRMQP,Male,0,No,No,21,Yes,Yes,Fiber optic,No,Yes,Yes,No,No,Yes,One year,No,Mailed check,109.77,2289.91,No
9903-MCCWT,Female,0,Yes,Yes,3,Yes,No,DSL,No,Yes,No,Yes,Yes,Yes,Month-to-month,Yes,Electronic check,89.12,276.8,No
5706-KLGLE,Female,0,Yes,No,18,Yes,No,No,No internet service,No internet service,No internet service,No internet service,No internet service,No internet service,One year,No,Electronic check,31.84,591.26,No
6224-RJKDW,Female,0,No,No,1,No,No phone service,Fiber optic,No,No,No,Yes,Yes,Yes,Month-to-month,No,Electronic check,90.22,85.77,Yes
9014-PRAGF,Female,0,Yes,No,64,Yes,No,DSL,No,Yes,Yes,No,No,No,Month-to-month,Yes,Credit card (automatic),68.55,4474.5,No
7701-BUGIK,Male,0,No,No,32,Yes,Yes,DSL,No,No,No,Yes,No,Yes,One year,No,Bank transfer (automatic),87.74,2869.6,No
8240-LGBMF,Female,0,No,No,66,Yes,No,DSL,Yes,No,No,No,No,No,Two year,Yes,Bank transfer (automatic),58.35,3955.42,No
1747-IKOEF,Male,0,Yes,Yes,72,Yes,Yes,DSL,No,Yes,No,No,Yes,No,Two year,Yes,Electronic check,79.66,5896.82,No
2807-YPIPA,Male,1,No,No,68,Yes,Yes,Fiber optic,No,No,Yes,No,Yes,Yes,Month-to-month,Yes,Mailed check,114.83,7558.56,No
1345-UCSXT,Female,0,Yes,No,68,Yes,No,No,No internet service,No internet service,No internet service,No internet service,No internet service,No internet service,Two year,Yes,Bank transfer (automatic),29.97,1978.8,No
2039-RNJFE,Male,0,No,Yes,13,Yes,Yes,DSL,No,No,Yes,No,Yes,Yes,One year,Yes,Bank transfer (automatic),92.48,1207.59,No
9776-KSHEJ,Female,1,No,No,27,No,No phone service,No,No internet service,No internet service,No internet service,No internet service,No internet service,No internet service,Two year,Yes,Mailed check,18.25,483.82,No
7773-FTYAA,Male,0,No,No,13,Yes,Yes,DSL,Yes,No,No,No,Yes,Yes,One year,No,Credit card (automatic),93.9,1232.29,No
9627-CKMEH,Female,0,Yes,No,12,Yes,Yes,Fiber optic,Yes,Yes,No,No,Yes,Yes,Month-to-month,Yes,Electronic check,117.97,1410.69,Yes
4768-QRATV,Female,0,Yes,Yes,4,Yes,No,No,No internet service,No internet service,No internet service,No internet service,No internet service,No internet service,Month-to-month,No,Credit card (automatic),30.38,118.79,No
7190-RDTHC,Female,0,Yes,No,1,Yes,Yes,Fiber optic,No,Yes,No,Yes,Yes,No,Month-to-month,No,Mailed check,118.75,120.93,Yes
2210-NSTAT,Female,0,No,No,71,Yes,Yes,DSL,No,No,Yes,Yes,Yes,No,Two year,No,Bank transfer (automatic),89.67,6339.82,No
9875-PDTUF,Female,0,No,No,61,No,No phone service,Fiber optic,No,No,No,Yes,Yes,Yes,One year,No,Mailed check,90.67,5711.04,No
6114-ULTHL,Male,0,Yes,No,51,Yes,No,Fiber optic,No,Yes,No,No,Yes,No,Two year,Yes,Mailed check,89.45,4353.85,No
2633-GRMHC,Female,0,No,No,69,Yes,Yes,DSL,No,No,Yes,No,No,No,One year,No,Electronic check,63.56,4268.04,No
7657-OMXNG,Male,0,Yes,No,5,No,No phone service,DSL,No,Yes,No,Yes,Yes,No,Month-to-month,No,Mailed check,72.2,342.97,Yes
1282-ZSYTS,Female,1,Yes,No,12,Yes,Yes,DSL,No,No,No,Yes,No,No,One year,No,Electronic check,71.27,848.29,Yes
8409-FZKGJ,Female,0,Yes,No,11,Yes,No,DSL,No,No,No,No,Yes,No,Two year,Yes,Mailed check,69.65,743.68,No
2785-QIVZC,Female,0,Yes,Yes,33,Yes,Yes,Fiber optic,No,No,No,Yes,Yes,No,One year,Yes,Bank transfer (automatic),105.27,3376.9,No
3773-FYPCK,Male,0,Yes,Yes,69,Yes,Yes,No,No internet service,No internet service,No internet service,No internet service,No internet service,No internet service,Month-to-month,Yes,Electronic check,49.99,3515.77,No
8758-NVTBM,Male,1,No,No,62,Yes,No,DSL,No,Yes,Yes,Yes,No,No,Month-to-month,No,Bank transfer (automatic),76.25,4864.17,No
7747-IIDIO,Female,0,Yes,Yes,1,Yes,Yes,Fiber optic,Yes,No,Yes,Yes,No,No,Month-to-month,No,Mailed check,102.06,99.58,Yes
7660-WGFOM,Male,0,Yes,Yes,2,Yes,No,DSL,No,No,Yes,No,No,No,Month-to-month,No,Credit card (automatic),53.67,108.57,No
9188-IQISN,Male,1,No,No,5,Yes,Yes,Fiber optic,No,Yes,No,Yes,Yes,Yes,Month-to-month,Yes,Electronic check,118.75,598.51,Yes
2334-XLCDA,Male,0,Yes,No,69,Yes,Yes,No,No internet service,No internet service,No internet service,No internet service,No internet service,No internet service,Two year,Yes,Electronic check,40.76,2673.05,No
9518-TELZB,Female,1,No,No,6,Yes,Yes,DSL,No,No,No,No,No,Yes,Month-to-month,No,Mailed check,76.09,476.55,No
7949-MQNDW,Female,0,Yes,No,6,Yes,No,No,No internet service,No internet service,No internet service,No internet service,No internet service,No internet service,Month-to-month,No,Mailed check,27.23,160.77,No
7850-KHLHX,Male,0,No,Yes,63,Yes,No,DSL,No,Yes,Yes,No,Yes,Yes,Two year,No,Mailed check,94.11,5815.95,No
5441-NPJQD,Male,1,No,No,24,Yes,Yes,DSL,No,Yes,Yes,Yes,Yes,Yes,Month-to-month,Yes,Mailed check,105.78,2561.0,No
9572-RUYJP,Male,0,Yes,No,62,Yes,No,DSL,No,Yes,Yes,No,No,No,Two year,No,Credit card (automatic),70.55,4313.85,No
8735-MYYSW,Female,0,No,No,6,Yes,No,DSL,No,Yes,No,No,Yes,No,Month-to-month,Yes,Electronic check,74.6,438.52,No
3217-ESMIE,Female,0,No,No,61,Yes,No,DSL,Yes,Yes,No,Yes,No,Yes,Two year,No,Credit card (automatic),84.7,5288.61,No
8708-BZIES,Male,1,No,No,24,Yes,Yes,Fiber optic,Yes,Yes,No,No,Yes,Yes,One year,No,Bank transfer (automatic),118.75,2917.96,No
9810-LCQPB,Male,0,Yes,No,29,Yes,Yes,Fiber optic,Yes,No,No,No,Yes,No,Month-to-month,No,Bank transfer (automatic),100.84,2978.59,No
4703-IAFHX,Male,0,Yes,Yes,6,Yes,No,DSL,No,Yes,No,No,No,No,Month-to-month,Yes,Credit card (automatic),60.13,373.66,Yes
7982-PHQKG,Female,0,No,No,3,Yes,No,DSL,No,No,No,Yes,Yes,Yes,Month-to-month,No,Mailed check,82.42,247.19,Yes
9864-QFPCF,Female,0,No,No,65,Yes,Yes,DSL,No,Yes,Yes,Yes,No,Yes,Two year,No,Credit card (automatic),93.81,6190.61,No
3921-GCUPT,Male,0,Yes,No,6,Yes,No,No,No internet service,No internet service,No internet service,No internet service,No internet service,No internet service,Month-to-month,Yes,Mailed check,33.58,211.46,Yes
6409-OWPZT,Male,0,Yes,Yes,60,No,No phone service,DSL,Yes,No,No,No,Yes,No,Two year,No,Bank transfer (automatic),59.87,3498.55,No
8756-FAGFY,Male,0,Yes,No,11,Yes,Yes,DSL,Yes,Yes,Yes,No,No,No,Month-to-month,Yes,Electronic check,88.39,1005.91,Yes
3400-DMACZ,Female,0,Yes,Yes,63,Yes,Yes,DSL,Yes,No,No,No,Yes,No,Month-to-month,No,Credit card (automatic),88.13,5390.7,No
3244-NLRIN,Male,0,Yes,No,17,Yes,Yes,DSL,No,Yes,Yes,No,No,Yes,Month-to-month,No,Electronic check,86.63,1465.24,No
2921-GKUSJ,Female,0,Yes,No,1,Yes,No,Fiber optic,No,No,No,No,No,No,Month-to-month,Yes,Credit card (automatic),74.7,74.04,Yes
9552-ICPFE,Female,0,Yes,Yes,1,Yes,No,DSL,Yes,Yes,No,No,No,Yes,Month-to-month,No,Electronic check,73.08,74.9,No
5550-SVOMU,Male,1,Yes,Yes,66,Yes,Yes,DSL,Yes,No,Yes,No,No,Yes,One year,Yes,Electronic check,90.24,6067.7,No
2970-OLJAJ,Male,0,No,No,24,Yes,No,No,No internet service,No internet service,No internet service,No internet service,No internet service,No internet service,Month-to-month,Yes,Bank transfer (automatic),28.13,693.3,No
8636-UILQW,Male,0,Yes,Yes,63,Yes,No,No,No internet service,No internet service,No internet service,No internet service,No internet service,No internet service,One year,Yes,Electronic check,29.78,1885.34,No
4129-JETAL,Female,0,Yes,No,33,Yes,No,No,No internet service,No internet service,No internet service,No internet service,No internet service,No internet service,One year,No,Mailed check,36.94,1167.32,No
9618-FPIXX,Female,0,Yes,No,68,No,No phone service,No,No internet service,No internet service,No internet service,No internet service,No internet service,No internet service,One year,No,Mailed check,18.25,1252.69,No
9237-XPAHM,Female,0,No,No,62,Yes,Yes,Fiber optic,No,Yes,No,No,No,No,Two year,Yes,Mailed check,97.41,5892.6,No
1719-ZSHBO,Female,0,No,No,37,Yes,No,No,No internet service,No internet service,No internet service,No internet service,No internet service,No internet service,One year,No,Credit card (automatic),28.14,1034.35,No
1498-WYZQM,Male,0,No,No,20,Yes,No,Fiber optic,No,Yes,No,No,No,No,Month-to-month,No,Mailed check,86.01,1654.21,Yes
8756-TQOCJ,Female,1,Yes,Yes,26,Yes,Yes,No,No internet service,No internet service,No internet service,No internet service,No internet service,No internet service,Month-to-month,No,Bank transfer (automatic),41.15,1038.37,No
3509-SEWCV,Female,0,No,No,11,Yes,No,No,No internet service,No internet service,No internet service,No internet service,No internet service,No internet service,Month-to-month,Yes,Credit card (automatic),33.0,360.95,Yes
2956-BQBCO,Male,0,Yes,Yes,63,Yes,No,Fiber optic,Yes,Yes,Yes,No,No,Yes,Two year,Yes,Bank transfer (automatic),101.81,6542.37,No
4181-RTIRX,Female,0,Yes,Yes,72,Yes,Yes,No,No internet service,No internet service,No internet service,No internet service,No internet service,No internet service,Month-to-month,Yes,Bank transfer (automatic),43.47,3084.01,No
3772-XPYNY,Female,1,No,No,34,Yes,No,DSL,Yes,Yes,Yes,No,No,Yes,Month-to-month,Yes,Mailed check,85.75,2884.54,No
7605-KRBFT,Female,0,No,No,72,Yes,Yes,DSL,No,No,Yes,No,No,No,One year,No,Credit card (automatic),75.41,5507.25,No
3416-SCLHF,Female,0,No,No,38,Yes,Yes,Fiber optic,No,Yes,No,No,No,No,One year,No,Bank transfer (automatic),95.59,3525.05,No
9281-KQVYI,Female,0,No,No,10,Yes,No,Fiber optic,No,No,Yes,Yes,No,No,Month-to-month,Yes,Credit card (automatic),85.54,822.09,No
6745-DMVCY,Female,0,No,Yes,22,Yes,No,No,No internet service,No internet service,No internet service,No internet service,No internet service,No internet service,Month-to-month,Yes,Electronic check,31.16,711.82,No
2444-DCSEP,Male,0,Yes,Yes,59,Yes,Yes,No,No internet service,No internet service,No internet service,No internet service,No internet service,No internet service,Month-to-month,Yes,Electronic check,37.3,2160.2,No
1329-TUFJC,Male,0,Yes,No,67,Yes,Yes,Fiber optic,No,No,Yes,No,Yes,Yes,One year,No,Mailed check,111.12,7343.82,No
5042-IRYWT,Female,0,Yes,No,1,Yes,Yes,DSL,Yes,No,No,No,Yes,No,Month-to-month,No,Bank transfer (automatic),86.35,88.96,No
3174-IJHHO,Male,0,No,No,1,No,No phone service,DSL,No,No,Yes,No,Yes,Yes,Month-to-month,No,Credit card (automatic),71.04,69.11,No
7782-FEWEH,Male,0,Yes,Yes,30,Yes,Yes,Fiber optic,Yes,No,Yes,No,Yes,No,Month-to-month,Yes,Credit card (automatic),107.41,3332.8,No
8202-GMPJQ,Male,0,No,No,59,Yes,Yes,Fiber optic,Yes,No,No,No,No,Yes,One year,Yes,Electronic check,104.21,6238.55,No
8367-VREYP,Male,0,Yes,No,15,Yes,Yes,DSL,No,No,No,Yes,No,No,Month-to-month,No,Bank transfer (automatic),76.28,1175.92,No
3551-NFSJV,Female,0,Yes,Yes,27,Yes,No,DSL,Yes,No,No,No,Yes,Yes,Month-to-month,Yes,Electronic check,79.91,2160.8,No
5729-FSNVU,Female,0,Yes,No,10,Yes,Yes,Fiber optic,No,Yes,No,No,No,No,Month-to-month,Yes,Mailed check,91.75,877.72,No
2486-NFFGX,Male,0,Yes,No,9,Yes,Yes,No,No internet service,No internet service,No internet service,No internet service,No internet service,No internet service,Month-to-month,Yes,Electronic check,43.34,399.8,Yes
9471-REDPJ,Male,0,No,No,14,Yes,Yes,DSL,Yes,Yes,Yes,No,Yes,No,One year,No,Electronic check,97.5,1339.09,No
7191-RXICJ,Male,0,Yes,No,24,Yes,No,Fiber optic,Yes,Yes,No,No,No,No,Two year,No,Electronic check,84.76,2062.53,No
1129-EMIXE,Female,0,Yes,Yes,59,Yes,No,Fiber optic,Yes,No,Yes,No,Yes,No,Two year,No,Electronic check,91.22,5163.98,No
6865-HMEAV,Female,1,Yes,No,5,Yes,Yes,Fiber optic,No,No,No,Yes,No,No,Month-to-month,No,Electronic check,96.87,493.28,No
8478-PSTMG,Male,0,Yes,No,50,Yes,Yes,No,No internet service,No internet service,No internet service,No internet service,No internet service,No internet service,Month-to-month,Yes,Credit card (automatic),41.31,1994.08,No
7114-PMKBY,Female,0,Yes,No,10,No,No phone service,DSL,No,Yes,No,No,Yes,No,One year,No,Bank transfer (automatic),60.99,590.12,No
4838-TXNKU,Female,0,Yes,No,19,Yes,No,No,No internet service,No internet service,No internet service,No internet service,No internet service,No internet service,One year,No,Electronic check,31.25,585.01,No
7565-PEEHP,Female,0,No,No,3,Yes,Yes,DSL,No,No,Yes,Yes,Yes,Yes,Month-to-month,Yes,Mailed check,97.99,307.09,No
9586-FZTDI,Female,0,Yes,Yes,9,Yes,No,Fiber optic,No,Yes,No,Yes,No,No,Month-to-month,No,Electronic check,88.49,785.57,No
1881-ZITUL,Male,0,Yes,Yes,71,Yes,No,DSL,No,Yes,No,Yes,Yes,No,Two year,No,Bank transfer (automatic),81.17,5653.56,No
3708-LRFEH,Female,1,No,No,10,Yes,Yes,No,No internet service,No internet service,No internet service,No internet service,No internet service,No internet service,Month-to-month,Yes,Credit card (automatic),42.66,417.11,No
4024-GFCGR,Male,0,Yes,Yes,12,No,No phone service,DSL,No,No,No,Yes,Yes,Yes,One year,Yes,Mailed check,71.7,877.16,No
7131-AECOK,Female,1,Yes,Yes,13,Yes,No,Fiber optic,No,No,No,No,Yes,No,Month-to-month,Yes,Credit card (automatic),81.95,1109.91,No
4481-XRVST,Female,0,No,No,15,Yes,Yes,No,No internet service,No internet service,No internet service,No internet service,No internet service,No internet service,Month-to-month,Yes,Electronic check,41.78,621.52,No
2569-KIYKI,Female,0,Yes,No,6,Yes,Yes,Fiber optic,Yes,No,No,No,Yes,No,Month-to-month,Yes,Bank transfer (automatic),101.11,611.22,Yes
5639-VSLKB,Female,0,No,No,50,Yes,Yes,No,No internet service,No internet service,No internet service,No internet service,No internet service,No internet service,One year,Yes,Mailed check,36.93,1903.55,No
9000-RZAXE,Male,0,No,No,33,Yes,No,No,No internet service,No internet service,No internet service,No internet service,No internet service,No internet service,Month-to-month,Yes,Credit card (automatic),27.48,910.52,No
4852-JIVPT,Female,0,No,Yes,70,Yes,Yes,DSL,No,No,No,Yes,No,Yes,Month-to-month,Yes,Electronic check,84.91,6038.69,Yes
2265-QDEFL,Female,0,No,Yes,63,Yes,No,Fiber optic,No,No,No,No,Yes,No,One year,Yes,Electronic check,83.02,5348.92,No
6563-JEDIR,Female,0,Yes,Yes,62,Yes,No,Fiber optic,Yes,Yes,No,No,Yes,Yes,Two year,Yes,Mailed check,108.45,6991.51,No
8875-AYKER,Male,1,Yes,Yes,51,No,No phone service,No,No internet service,No internet service,No internet service,No internet service,No internet service,No internet service,One year,Yes,Bank transfer (automatic),18.25,910.2,No
2743-MCRCW,Male,0,Yes,No,64,Yes,No,DSL,Yes,Yes,No,No,Yes,No,Two year,No,Electronic check,77.58,4740.61,No
1200-EDNRA,Male,0,Yes,No,59,Yes,Yes,Fiber optic,No,No,No,No,Yes,Yes,Two year,Yes,Credit card (automatic),97.67,6034.17,No
7581-KBLTD,Female,1,No,No,57,Yes,No,DSL,No,Yes,Yes,No,No,Yes,Month-to-month,No,Mailed check,77.81,4656.42,No
8377-NUSVZ,Female,0,No,No,10,Yes,Yes,Fiber optic,Yes,No,Yes,No,Yes,No,Month-to-month,Yes,Mailed check,114.14,1186.46,No
2829-UZNJR,Male,0,No,No,8,Yes,No,DSL,No,No,Yes,No,No,No,Month-to-month,Yes,Mailed check,59.91,470.21,Yes
3463-AYSGN,Female,0,No,No,7,Yes,Yes,DSL,No,Yes,Yes,Yes,No,No,Month-to-month,Yes,Mailed check,80.33,561.25,Yes
8454-LMBWL,Female,0,Yes,Yes,62,Yes,Yes,Fiber optic,No,No,Yes,No,Yes,Yes,One year,Yes,Mailed check,113.94,7252.45,No
1820-XRGIH,Female,0,No,No,69,No,No phone service,No,No internet service,No internet service,No internet service,No internet service,No internet service,No internet service,One year,No,Electronic check,20.32,1357.54,No
1385-OEJAI,Female,0,No,No,6,Yes,No,Fiber optic,No,Yes,Yes,Yes,No,No,Month-to-month,No,Electronic check,99.27,620.06,No
1583-PJATG,Female,0,No,Yes,22,Yes,No,Fiber optic,No,No,Yes,No,Yes,Yes,Month-to-month,No,Mailed check,101.48,2309.39,Yes
2377-NDDMX,Female,0,Yes,Yes,1,Yes,Yes,Fiber optic,Yes,No,No,No,Yes,No,Month-to-month,No,Bank transfer (automatic),105.07,107.19,Yes
6658-ZRGVV,Male,0,No,No,25,Yes,No,Fiber optic,No,No,Yes,Yes,Yes,Yes,Month-to-month,Yes,Mailed check,102.91,2665.49,No
9577-OBIAP,Female,0,Yes,Yes,72,Yes,No,Fiber optic,Yes,Yes,Yes,No,Yes,Yes,Two year,Yes,Electronic check,118.75,8596.65,No
2656-JZCYT,Female,0,No,No,1,No,No phone service,Fiber optic,Yes,Yes,No,Yes,Yes,Yes,Month-to-month,No,Mailed check,102.94,99.02,Yes
7922-KETST,Female,0,No,No,11,Yes,No,Fiber optic,No,No,Yes,No,No,No,Month-to-month,Yes,Mailed check,82.54,884.28,Yes
2298-VLDEG,Female,0,Yes,No,62,Yes,No,DSL,No,No,No,No,Yes,No,Two year,No,Electronic check,65.62,4105.28,No
5967-QOUSB,Female,0,No,No,57,Yes,No,No,No internet service,No internet service,No internet service,No internet service,No internet service,No internet service,Two year,No,Mailed check,34.16,2038.68,No
8748-FYHRE,Male,0,No,No,31,Yes,No,Fiber optic,No,No,No,No,No,Yes,One year,Yes,Bank transfer (automatic),82.81,2442.93,No
9217-RPXRH,Male,0,Yes,Yes,36,Yes,Yes,Fiber optic,No,No,Yes,Yes,No,Yes,One year,Yes,Electronic check,113.57,4153.1,No
7671-FURHM,Male,1,No,No,62,Yes,Yes,Fiber optic,Yes,No,No,No,Yes,Yes,One year,Yes,Electronic check,115.67,7362.47,No
6212-CFSFP,Male,0,No,No,13,Yes,Yes,DSL,No,No,Yes,Yes,No,No,Month-to-month,No,Bank transfer (automatic),82.5,1110.94,Yes
8547-PQIKY,Female,0,No,No,27,Yes,No,Fiber optic,No,No,Yes,No,No,Yes,Month-to-month,Yes,Bank transfer (automatic),88.39,2493.35,Yes
1205-IIVDW,Female,0,No,No,9,Yes,No,Fiber optic,No,No,No,No,No,No,Month-to-month,No,Bank transfer (automatic),77.23,667.69,No
9175-FSRGA,Male,0,Yes,No,11,Yes,No,No,No internet service,No internet service,No internet service,No internet service,No internet service,No internet service,Month-to-month,No,Mailed check,28.93,307.96,No
2287-QOIFZ,Male,0,No,No,67,Yes,No,Fiber optic,Yes,No,No,Yes,Yes,No,Two year,Yes,Electronic check,94.12,6068.05,No
7048-HTLME,Female,0,Yes,Yes,56,No,No phone service,Fiber optic,Yes,No,Yes,No,Yes,Yes,Two year,Yes,Electronic check,96.81,5620.84,No
3731-QOKTT,Male,0,Yes,Yes,65,Yes,Yes,No,No internet service,No internet service,No internet service,No internet service,No internet service,No internet service,Two year,No,Electronic check,46.31,2899.3,No
5651-OMGXD,Female,1,No,No,7,Yes,Yes,Fiber optic,Yes,No,No,No,No,Yes,Month-to-month,No,Electronic check,104.16,695.0,Yes
3023-CFZOE,Female,0,No,No,61,Yes,No,DSL,No,No,Yes,No,No,No,Two year,Yes,Mailed check,65.93,3828.31,No
3606-TZZOJ,Female,0,No,No,62,Yes,No,No,No internet service,No internet service,No internet service,No internet service,No internet service,No internet service,One year,No,Bank transfer (automatic),36.36,2234.09,No
4567-KPIJC,Male,0,No,No,65,Yes,Yes,Fiber optic,No,No,No,Yes,No,No,One year,Yes,Bank transfer (automatic),92.72,6094.66,No
6206-NNFKT,Male,0,No,No,60,Yes,No,No,No internet service,No internet service,No internet service,No internet service,No internet service,No internet service,Month-to-month,Yes,Bank transfer (automatic),32.07,1871.88,No
5690-VLYEH,Female,1,Yes,Yes,3,Yes,No,Fiber optic,No,Yes,No,No,Yes,Yes,Month-to-month,Yes,Credit card (automatic),99.79,293.07,Yes
9727-VTRRC,Female,1,No,No,53,No,No phone service,Fiber optic,No,Yes,No,No,Yes,No,Two year,No,Credit card (automatic),79.71,4062.89,No
7850-ZKQQD,Male,0,Yes,Yes,48,No,No phone service,Fiber optic,No,No,Yes,No,Yes,No,Month-to-month,Yes,Electronic check,81.47,3895.06,No
9247-ZPTYI,Female,1,No,No,36,Yes,Yes,DSL,No,Yes,No,No,No,Yes,Two year,Yes,Electronic check,83.9,3020.15,No
5095-EQRYA,Male,0,No,No,12,Yes,No,No,No internet service,No internet service,No internet service,No internet service,No internet service,No internet service,Two year,Yes,Bank transfer (automatic),31.56,385.09,No
7378-OWWEJ,Female,1,No,No,66,Yes,No,Fiber optic,Yes,No,Yes,Yes,Yes,Yes,One year,Yes,Credit card (automatic),117.47,7789.15,No
4920-EYXIH,Male,0,Yes,Yes,29,Yes,No,Fiber optic,Yes,Yes,No,Yes,Yes,No,One year,Yes,Mailed check,103.76,2939.52,No
1506-FLGPZ,Female,0,No,No,66,Yes,No,DSL,No,Yes,Yes,No,Yes,No,Two year,Yes,Electronic check,79.43,5440.92,No
3897-ZNCPI,Male,0,No,No,34,Yes,Yes,No,No internet service,No internet service,No internet service,No internet service,No internet service,No internet service,Month-to-month,Yes,Bank transfer (automatic),36.31,1214.69,No
3609-GSBTR,Male,0,No,No,7,Yes,No,No,No internet service,No internet service,No internet service,No internet service,No internet service,No internet service,Month-to-month,No,Mailed check,27.98,199.79,No
7657-WZWBK,Male,0,Yes,Yes,48,Yes,Yes,Fiber optic,No,No,Yes,No,No,No,Two year,Yes,Electronic check,96.23,4717.29,No
5260-WNSPZ,Male,0,No,No,69,Yes,Yes,DSL,No,Yes,No,Yes,Yes,No,Two year,Yes,Bank transfer (automatic),92.48,6132.49,No
1388-LVBVV,Female,0,No,No,6,No,No phone service,DSL,Yes,Yes,No,Yes,Yes,No,Month-to-month,Yes,Mailed check,68.81,414.22,No
1653-JSNQL,Female,0,No,No,21,Yes,No,DSL,No,No,Yes,No,No,Yes,One year,Yes,Bank transfer (automatic),71.72,1493.47,No
3032-CWTPU,Male,0,No,No,17,Yes,Yes,Fiber optic,No,No,Yes,No,No,Yes,One year,Yes,Bank transfer (automatic),103.14,1819.93,No
3768-JRDGM,Male,1,Yes,No,48,Yes,No,No,No internet service,No internet service,No internet service,No internet service,No internet service,No internet service,One year,No,Credit card (automatic),30.65,1455.53,No
5333-CQBXM,Female,0,Yes,No,59,Yes,No,Fiber optic,No,Yes,No,No,Yes,No,Month-to-month,Yes,Bank transfer (automatic),91.23,5174.3,No
5009-TIRIL,Female,1,Yes,Yes,69,Yes,No,Fiber optic,No,Yes,No,No,No,Yes,One year,No,Credit card (automatic),92.43,6619.26,No
5225-OPTDH,Female,0,Yes,Yes,43,Yes,No,Fiber optic,No,Yes,Yes,No,Yes,No,Two year,Yes,Mailed check,97.55,4359.48,No
4621-WOSHS,Male,0,No,No,62,Yes,Yes,DSL,Yes,No,No,No,No,Yes,Month-to-month,No,Mailed check,82.67,5241.39,No
5992-MLHTS,Male,0,Yes,Yes,64,Yes,Yes,DSL,Yes,Yes,No,Yes,No,Yes,One year,Yes,Electronic check,93.28,6017.45,No
3400-PWGFW,Female,0,Yes,No,9,Yes,Yes,Fiber optic,No,Yes,No,Yes,No,Yes,Month-to-month,Yes,Electronic check,105.51,979.64,Yes
5963-DAJNW,Male,0,Yes,No,67,Yes,No,DSL,No,No,No,Yes,No,Yes,Two year,No,Bank transfer (automatic),74.32,4808.2,No
9467-KQEIE,Female,0,No,No,1,Yes,No,Fiber optic,No,No,No,Yes,No,Yes,One year,Yes,Electronic check,91.98,93.62,Yes
9209-IJWME,Male,0,Yes,No,6,No,No phone service,DSL,No,No,Yes,No,Yes,No,Month-to-month,Yes,Bank transfer (automatic),59.47,344.85,No
9605-MMJRB,Female,0,Yes,No,27,Yes,Yes,No,No internet service,No internet service,No internet service,No internet service,No internet service,No internet service,Month-to-month,No,Bank transfer (automatic),40.94,1134.4,No
4683-IFHUU,Male,0,Yes,Yes,54,Yes,No,No,No internet service,No internet service,No internet service,No internet service,No internet service,No internet service,Two year,Yes,Electronic check,29.97,1559.65,No
4226-JLXXV,Female,0,Yes,Yes,1,Yes,Yes,Fiber optic,Yes,No,No,No,No,No,Month-to-month,No,Mailed check,95.98,98.17,No
9587-XTJAQ,Male,0,No,No,62,Yes,No,Fiber optic,No,Yes,Yes,Yes,No,Yes,One year,No,Credit card (automatic),106.93,6376.48,No
6398-NHZWN,Female,0,Yes,No,66,Yes,Yes,Fiber optic,No,No,Yes,Yes,No,Yes,Two year,Yes,Credit card (automatic),112.39,7632.16,No
2301-ZBOGG,Male,0,No,No,8,Yes,Yes,Fiber optic,Yes,Yes,Yes,No,No,Yes,Month-to-month,Yes,Mailed check,113.32,875.55,No
3993-RQGRL,Female,0,No,No,7,Yes,Yes,No,No internet service,No internet service,No internet service,No internet service,No internet service,No internet service,Month-to-month,Yes,Bank transfer (automatic),40.83,283.97,No
1659-ZGHTT,Female,0,No,No,3,Yes,Yes,No,No internet service,No internet service,No internet service,No internet service,No internet service,No internet service,Month-to-month,Yes,Electronic check,43.85,136.37,No
2043-XDHFG,Female,0,No,No,35,Yes,No,Fiber optic,No,Yes,No,Yes,Yes,No,Month-to-month,No,Electronic check,95.38,3418.09,No
8819-MNUIQ,Female,0,No,No,50,Yes,Yes,DSL,No,Yes,No,Yes,Yes,No,One year,No,Credit card (automatic),79.93,4139.63,No
4218-MLMCP,Female,0,No,No,67,Yes,Yes,Fiber optic,Yes,No,No,No,Yes,Yes,Month-to-month,Yes,Mailed check,107.39,7306.35,No
8982-HALXS,Female,0,No,Yes,23,Yes,No,DSL,Yes,No,No,No,Yes,No,Month-to-month,Yes,Electronic check,68.48,1556.48,Yes
8252-UFUPL,Male,0,Yes,Yes,3,Yes,No,Fiber optic,Yes,Yes,No,No,Yes,No,Month-to-month,No,Electronic check,98.11,289.84,No
1008-GKHQI,Female,0,Yes,No,17,Yes,Yes,DSL,No,No,Yes,Yes,No,No,One year,Yes,Credit card (automatic),80.74,1323.84,No
8918-NYHWG,Male,0,No,Yes,23,Yes,No,No,No internet service,No internet service,No internet service,No internet service,No internet service,No internet service,One year,No,Credit card (automatic),27.97,639.51,No
5510-RNQCT,Male,0,No,No,21,Yes,Yes,Fiber optic,No,Yes,No,No,Yes,No,Month-to-month,No,Bank transfer (automatic),104.61,2284.73,No
3984-MIZME,Male,0,No,No,65,Yes,No,DSL,No,Yes,No,No,No,Yes,One year,Yes,Electronic check,74.88,4997.95,Yes
2074-TRCWI,Male,0,No,No,2,Yes,Yes,DSL,No,Yes,Yes,Yes,Yes,Yes,Month-to-month,No,Bank transfer (automatic),106.58,203.28,No
9824-VFCGH,Female,0,Yes,Yes,72,Yes,No,Fiber optic,No,No,Yes,No,No,No,Two year,Yes,Credit card (automatic),77.98,5441.3,No
6003-INCHP,Female,0,No,No,66,Yes,Yes,Fiber optic,Yes,Yes,No,No,No,No,Two year,Yes,Credit card (automatic),103.41,6937.85,No
3532-IEKEE,Female,1,Yes,No,12,Yes,No,Fiber optic,Yes,No,Yes,No,No,No,Month-to-month,Yes,Mailed check,86.88,1013.36,Yes
3574-INMPK,Female,0,Yes,Yes,21,Yes,No,No,No internet service,No internet service,No internet service,No internet service,No internet service,No internet service,Month-to-month,No,Electronic check,35.26,733.65,No
5413-FGYVJ,Male,0,No,No,48,Yes,No,Fiber optic,Yes,No,Yes,No,Yes,No,Two year,Yes,Credit card (automatic),99.34,4969.85,No
6017-IJTLL,Male,0,Yes,Yes,19,Yes,Yes,Fiber optic,No,Yes,No,Yes,Yes,No,Month-to-month,Yes,Credit card (automatic),109.06,2160.72,No
7447-TAYBK,Male,0,No,No,58,Yes,No,Fiber optic,Yes,Yes,No,No,No,No,One year,No,Mailed check,84.78,4800.78,No
3292-ZTASF,Male,0,No,No,4,Yes,Yes,Fiber optic,No,No,Yes,No,Yes,Yes,Month-to-month,No,Bank transfer (automatic),115.54,466.03,Yes
5193-HJIUI,Male,0,Yes,No,72,Yes,Yes,No,No internet service,No internet service,No internet service,No internet service,No internet service,No internet service,Two year,Yes,Mailed check,47.74,3506.55,No
4267-UQLHB,Male,0,No,No,40,No,No phone service,Fiber optic,No,No,No,No,Yes,No,Two year,Yes,Mailed check,72.73,2826.99,No
3628-IMSMZ,Female,0,No,No,63,Yes,No,Fiber optic,No,No,No,No,Yes,Yes,One year,No,Electronic check,96.69,5841.04,No
1753-UKYSG,Female,0,Yes,No,61,Yes,Yes,DSL,No,Yes,Yes,No,Yes,No,Two year,No,Electronic check,91.47,5483.48,No
7144-BBINL,Female,1,Yes,Yes,50,Yes,Yes,No,No internet service,No internet service,No internet service,No internet service,No internet service,No internet service,Two year,No,Credit card (automatic),41.92,2192.0,No
5656-CDTIU,Female,0,No,No,7,Yes,Yes,Fiber optic,No,No,Yes,No,No,Yes,Month-to-month,Yes,Electronic check,99.58,720.79,No
7779-VWPOO,Female,1,Yes,Yes,59,Yes,Yes,Fiber optic,No,No,Yes,No,No,No,Two year,No,Electronic check,96.03,5446.53,No
8180-GOTGN,Male,1,No,No,38,Yes,Yes,No,No internet service,No internet service,No internet service,No internet service,No internet service,No internet service,Month-to-month,Yes,Electronic check,45.84,1807.41,No
5774-RDUWS,Female,0,Yes,Yes,71,Yes,No,No,No internet service,No internet service,No internet service,No internet service,No internet service,No internet service,One year,Yes,Electronic check,32.25,2326.8,No
6143-YJUTF,Female,0,No,No,7,Yes,No,DSL,No,Yes,No,No,Yes,No,Month-to-month,Yes,Electronic check,66.82,467.46,No
6263-MLIRS,Male,0,No,No,2,Yes,No,DSL,No,No,No,No,No,No,Month-to-month,Yes,Mailed check,54.71,109.79,No
5183-PYDQL,Male,0,Yes,No,22,Yes,No,No,No internet service,No internet service,No internet service,No internet service,No internet service,No internet service,One year,No,Electronic check,31.34,705.99,No
8968-UVBZJ,Female,0,No,Yes,53,Yes,Yes,Fiber optic,Yes,Yes,Yes,No,No,No,One year,Yes,Electronic check,104.54,5541.47,No
8163-ZYWIO,Male,0,No,No,27,Yes,Yes,No,No internet service,No internet service,No internet service,No internet service,No internet service,No internet service,One year,No,Mailed check,42.76,1157.37,No
5630-OQTOZ,Female,0,No,No,59,Yes,Yes,Fiber optic,Yes,Yes,Yes,No,Yes,Yes,One year,Yes,Bank transfer (automatic),118.75,6887.03,No
2840-NUWCX,Female,0,No,No,18,Yes,No,Fiber optic,No,No,Yes,Yes,No,No,Month-to-month,Yes,Electronic check,89.19,1646.62,No
4127-TTLHL,Male,0,No,Yes,8,Yes,No,Fiber optic,Yes,No,No,No,No,Yes,Month-to-month,No,Mailed check,96.41,758.19,No
3493-QBQIN,Male,0,No,No,4,Yes,Yes,DSL,No,No,No,No,No,Yes,Month-to-month,Yes,Mailed check,73.64,305.73,Yes
8084-XKHQK,Male,0,No,No,1,No,No phone service,No,No internet service,No internet service,No internet service,No internet service,No internet service,No internet service,Month-to-month,Yes,Mailed check,24.68,25.33,No
1139-FLGFR,Male,0,No,No,3,Yes,No,Fiber optic,Yes,Yes,Yes,Yes,Yes,No,Month-to-month,Yes,Bank transfer (automatic),110.65,331.34,No
6351-NQFVY,Male,0,Yes,Yes,53,Yes,No,Fiber optic,No,No,No,No,Yes,Yes,One year,Yes,Bank transfer (automatic),95.67,5108.45,No
3500-EDICN,Female,0,No,No,18,Yes,No,DSL,No,Yes,No,Yes,Yes,Yes,One year,No,Mailed check,84.85,1595.05,No
1646-UOYII,Male,0,Yes,Yes,35,Yes,Yes,Fiber optic,Yes,No,Yes,No,Yes,No,One year,Yes,Electronic check,106.86,3739.1,No
4770-RFEZG,Female,0,Yes,No,9,No,No phone service,No,No internet service,No internet service,No internet service,No internet service,No internet service,No internet service,Month-to-month,Yes,Bank transfer (automatic),18.25,168.76,No
4559-UAWYD,Male,0,Yes,Yes,35,Yes,Yes,No,No internet service,No internet service,No internet service,No internet service,No internet service,No internet service,Two year,Yes,Electronic check,46.11,1563.11,No
7145-AWWFB,Female,0,Yes,Yes,1,Yes,No,No,No internet service,No internet service,No internet service,No internet service,No internet service,No internet service,Month-to-month,No,Mailed check,32.23,31.57,No
8185-KFJVC,Male,0,Yes,No,40,Yes,No,DSL,No,Yes,No,No,Yes,No,One year,No,Electronic check,68.8,2650.07,No
3868-NPNEF,Male,0,Yes,No,23,Yes,No,DSL,No,No,No,Yes,Yes,Yes,One year,Yes,Electronic check,88.71,2016.84,No
9013-TJZKF,Female,1,Yes,No,10,Yes,No,Fiber optic,No,Yes,No,Yes,No,Yes,Month-to-month,No,Bank transfer (automatic),98.53,1027.74,Yes
2487-UJGCL,Female,0,No,No,12,No,No phone service,No,No internet service,No internet service,No internet service,No internet service,No internet service,No internet service,Month-to-month,Yes,Bank transfer (automatic),19.69,225.85,No
1118-JKZCJ,Male,0,Yes,Yes,63,No,No phone service,Fiber optic,No,Yes,No,Yes,Yes,No,One year,Yes,Electronic check,89.92,5799.26,No
6078-VLWHZ,Female,0,Yes,Yes,2,Yes,Yes,DSL,No,Yes,No,No,Yes,No,Month-to-month,No,Bank transfer (automatic),81.22,168.06,Yes
2383-QVWAZ,Male,0,Yes,Yes,24,Yes,Yes,Fiber optic,No,Yes,No,No,Yes,No,Month-to-month,Yes,Electronic check,102.59,2468.14,Yes
6296-BWEAN,Male,0,Yes,No,13,Yes,No,Fiber optic,No,No,No,Yes,No,Yes,Month-to-month,No,Mailed check,87.45,1161.71,No
3297-STBUW,Male,0,Yes,No,17,Yes,No,DSL,No,Yes,No,No,Yes,No,Month-to-month,Yes,Credit card (automatic),67.74,1199.49,No
5801-JKEEY,Male,1,No,No,65,Yes,Yes,DSL,No,Yes,No,Yes,No,Yes,Two year,Yes,Electronic check,86.49,5694.8,No
3480-TVEWC,Female,0,No,Yes,52,Yes,No,DSL,Yes,No,Yes,No,Yes,No,Two year,Yes,Credit card (automatic),81.17,4397.68,No
3660-AFKJV,Male,0,No,No,59,Yes,No,DSL,No,No,Yes,Yes,Yes,No,Two year,Yes,Bank transfer (automatic),76.11,4382.22,No
6260-AAAMT,Male,0,No,No,67,Yes,No,DSL,No,No,No,No,No,Yes,Two year,Yes,Bank transfer (automatic),62.42,3980.57,No
3364-XBJPN,Female,0,Yes,No,59,Yes,Yes,DSL,No,No,Yes,No,No,Yes,One year,Yes,Electronic check,80.99,4622.55,No
3591-CJFKB,Female,0,Yes,No,8,No,No phone service,Fiber optic,No,Yes,No,No,No,Yes,Month-to-month,Yes,Electronic check,85.67,715.37,Yes
8793-MKXLW,Male,0,Yes,No,2,No,No phone service,DSL,Yes,Yes,No,Yes,No,Yes,Two year,No,Credit card (automatic),69.84,139.45,No
1011-IMXDR,Female,0,No,No,1,Yes,Yes,Fiber optic,Yes,Yes,Yes,No,No,No,Month-to-month,Yes,Electronic check,99.12,98.79,Yes
6989-YRCMV,Male,0,Yes,Yes,62,No,No phone service,DSL,Yes,No,No,No,Yes,Yes,Month-to-month,Yes,Electronic check,76.8,4927.34,No
4215-DNUDR,Female,1,No,No,64,Yes,No,DSL,No,No,Yes,Yes,No,No,Month-to-month,Yes,Bank transfer (automatic),67.77,4473.9,No
2553-SHPGG,Female,0,Yes,Yes,72,Yes,No,No,No internet service,No internet service,No internet service,No internet service,No internet service,No internet service,One year,Yes,Bank transfer (automatic),29.73,2130.74,No
5933-IZRNP,Female,0,Yes,Yes,40,Yes,No,No,No internet service,No internet service,No internet service,No internet service,No internet service,No internet service,Month-to-month,Yes,Mailed check,34.58,1416.67,No
5370-TDKRP,Male,0,No,Yes,58,Yes,Yes,Fiber optic,No,Yes,Yes,Yes,Yes,Yes,Two year,Yes,Credit card (automatic),118.75,6893.71,No
1560-TUQUZ,Male,0,No,No,11,Yes,Yes,Fiber optic,No,No,No,Yes,Yes,No,Month-to-month,No,Credit card (automatic),104.77,1132.94,No
1234-DAUEI,Male,1,No,No,1,Yes,Yes,DSL,Yes,No,No,Yes,Yes,No,Month-to-month,No,Credit card (automatic),90.76,90.09,No
8877-MIQVP,Male,0,No,No,68,Yes,Yes,No,No internet service,No internet service,No internet service,No internet service,No internet service,No internet service,Two year,Yes,Electronic check,42.51,2946.03,No
8407-ZLGLT,Male,0,No,No,49,Yes,No,DSL,No,No,Yes,Yes,No,Yes,Two year,No,Electronic check,78.05,3733.74,No
9429-YIXGU,Female,0,No,No,1,Yes,Yes,DSL,No,No,No,No,Yes,No,Month-to-month,Yes,Electronic check,74.11,71.61,Yes
8984-ULCWT,Male,0,No,No,30,Yes,Yes,Fiber optic,No,Yes,No,Yes,Yes,Yes,Month-to-month,Yes,Electronic check,118.75,3471.63,No
5306-BJQZD,Male,0,Yes,Yes,50,Yes,Yes,DSL,No,No,Yes,Yes,No,No,Month-to-month,Yes,Credit card (automatic),80.71,4192.64,No
4721-ZVDSD,Female,1,No,No,21,Yes,No,Fiber optic,No,Yes,No,No,No,No,Two year,Yes,Credit card (automatic),82.06,1742.63,No
6695-HLZCW,Male,0,No,No,70,Yes,No,DSL,No,Yes,Yes,Yes,Yes,No,One year,Yes,Electronic check,80.45,5528.2,No
9269-EVXND,Female,0,Yes,Yes,9,Yes,Yes,DSL,No,No,Yes,No,No,No,Month-to-month,No,Electronic check,72.9,663.34,Yes
4634-UFTNU,Male,0,No,No,33,Yes,Yes,Fiber optic,No,No,Yes,Yes,Yes,No,One year,No,Electronic check,107.41,3667.12,Yes
9692-NUJFY,Male,0,No,No,2,Yes,No,Fiber optic,Yes,No,Yes,No,No,No,Month-to-month,No,Electronic check,86.14,170.6,Yes
9697-EERQW,Male,0,No,No,64,Yes,No,DSL,No,No,No,No,No,Yes,Two year,Yes,Mailed check,64.52,3999.35,No
4707-VTDYP,Male,0,Yes,Yes,70,Yes,No,DSL,Yes,No,No,No,No,No,Month-to-month,Yes,Mailed check,60.79,4150.08,No
4312-HYYHX,Female,1,Yes,Yes,2,Yes,Yes,DSL,No,Yes,No,No,No,No,Month-to-month,Yes,Mailed check,74.6,152.8,No
7901-XMDYA,Male,1,No,No,68,Yes,No,No,No internet service,No internet service,No internet service,No internet service,No internet service,No internet service,Two year,Yes,Bank transfer (automatic),34.3,2270.46,No
5117-SRFTP,Female,0,No,No,16,Yes,No,Fiber optic,Yes,Yes,Yes,Yes,Yes,Yes,Two year,Yes,Electronic check,118.75,1862.67,No
2094-BKDVT,Male,0,Yes,No,22,Yes,No,Fiber optic,No,No,No,No,Yes,No,Month-to-month,No,Credit card (automatic),84.86,1944.94,Yes
4972-KEKPG,Male,0,No,No,62,Yes,No,DSL,No,Yes,No,No,No,Yes,Two year,No,Credit card (automatic),69.95,4384.37,No
6741-BZHXD,Female,1,Yes,Yes,3,Yes,Yes,Fiber optic,No,Yes,No,Yes,Yes,No,Month-to-month,No,Electronic check,102.73,296.17,Yes
3487-FDHIQ,Male,1,No,No,70,Yes,Yes,DSL,Yes,No,No,No,No,Yes,One year,No,Bank transfer (automatic),80.38,5790.62,No
9529-ICQMR,Female,0,Yes,No,6,Yes,Yes,Fiber optic,No,No,Yes,No,No,No,Month-to-month,Yes,Bank transfer (automatic),95.31,556.23,No
5895-VOPDW,Female,0,Yes,No,63,Yes,Yes,Fiber optic,Yes,Yes,No,No,No,No,Two year,Yes,Electronic check,104.04,6540.74,No
6593-WYBVG,Female,0,No,No,9,Yes,No,No,No internet service,No internet service,No internet service,No internet service,No internet service,No internet service,Month-to-month,No,Mailed check,30.63,262.21,No
8643-LESWM,Female,0,Yes,Yes,1,Yes,No,No,No internet service,No internet service,No internet service,No internet service,No internet service,No internet service,Month-to-month,No,Bank transfer (automatic),26.91,28.14,No
5769-FCZPP,Male,0,Yes,No,50,Yes,No,DSL,No,No,No,Yes,Yes,No,Two year,No,Bank transfer (automatic),69.58,3593.48,No
6940-GWMSL,Male,0,Yes,Yes,7,Yes,No,No,No internet service,No internet service,No internet service,No internet service,No internet service,No internet service,One year,Yes,Credit card (automatic),29.47,216.29,No
1928-QWHSH,Male,0,Yes,No,1,Yes,No,DSL,No,No,Yes,Yes,Yes,No,Month-to-month,Yes,Electronic check,78.62,79.7,Yes
5123-QIRGJ,Female,0,Yes,No,18,Yes,No,DSL,No,No,No,No,No,No,One year,Yes,Electronic check,55.9,1032.92,No
1211-CUGMP,Female,1,No,No,31,Yes,No,DSL,No,Yes,No,No,No,No,One year,No,Bank transfer (automatic),63.15,1883.23,No
5354-CUSOV,Male,0,No,No,3,Yes,No,Fiber optic,No,Yes,No,No,Yes,No,Month-to-month,Yes,Electronic check,88.62,262.09,Yes
7157-PWRBC,Female,0,No,No,2,Yes,Yes,Fiber optic,No,Yes,No,No,Yes,Yes,Month-to-month,No,Mailed check,110.51,217.49,No
2615-ODTJR,Male,0,No,No,65,Yes,No,DSL,No,No,No,Yes,Yes,Yes,Two year,Yes,Electronic check,83.69,5225.48,No
7911-VSBQL,Female,0,Yes,No,72,Yes,Yes,DSL,No,No,No,Yes,No,No,Month-to-month,No,Electronic check,78.32,5548.54,No
8548-ONYVQ,Male,0,Yes,Yes,66,Yes,No,DSL,Yes,Yes,Yes,Yes,Yes,Yes,One year,Yes,Electronic check,99.69,6675.82,No
8074-RAOAY,Female,0,Yes,No,63,Yes,Yes,No,No internet service,No internet service,No internet service,No internet service,No internet service,No internet service,One year,Yes,Electronic check,46.06,2814.0,No
2618-HKALX,Female,0,No,No,4,Yes,No,Fiber optic,No,No,Yes,No,No,No,Month-to-month,No,Electronic check,82.86,324.24,Yes
6875-VIZGL,Male,0,No,No,62,Yes,Yes,DSL,Yes,No,Yes,Yes,No,No,One year,Yes,Credit card (automatic),92.47,5633.38,No
1783-ISQTE,Male,0,Yes,No,6,Yes,Yes,No,No internet service,No internet service,No internet service,No internet service,No internet service,No internet service,Month-to-month,Yes,Electronic check,50.02,313.43,No
9966-QTTUE,Male,0,Yes,No,5,Yes,Yes,DSL,Yes,Yes,No,No,Yes,Yes,One year,No,Bank transfer (automatic),101.16,520.08,No
9189-WIQTV,Male,0,No,No,7,Yes,Yes,Fiber optic,No,Yes,Yes,No,Yes,Yes,Month-to-month,Yes,Electronic check,118.75,800.66,No
4728-IHXCK,Male,0,No,No,12,Yes,Yes,Fiber optic,Yes,No,Yes,No,Yes,Yes,Two year,Yes,Mailed check,118.75,1483.89,No
9146-QTFWM,Female,0,No,No,24,Yes,No,DSL,Yes,No,No,Yes,Yes,No,Month-to-month,Yes,Bank transfer (automatic),79.14,1953.73,No
6521-UXTYI,Female,0,Yes,No,4,Yes,No,DSL,No,Yes,Yes,No,No,No,Month-to-month,No,Electronic check,68.11,270.16,Yes
2826-EINQH,Female,0,No,No,22,Yes,Yes,Fiber optic,No,No,No,No,No,No,Month-to-month,Yes,Electronic check,85.71,1838.22,No
9818-EQBCS,Male,0,Yes,No,72,Yes,Yes,No,No internet service,No internet service,No internet service,No internet service,No internet service,No internet service,Two year,No,Credit card (automatic),36.65,2594.04,No
7629-WDIJD,Female,1,No,No,42,Yes,No,Fiber optic,Yes,Yes,No,No,Yes,No,One year,Yes,Credit card (automatic),100.08,4199.21,No
7311-CYVXH,Female,0,No,No,69,Yes,No,Fiber optic,No,No,Yes,No,No,Yes,One year,Yes,Bank transfer (automatic),91.23,6401.82,No
2346-IFVGE,Male,0,No,No,10,No,No phone service,No,No internet service,No internet service,No internet service,No internet service,No internet service,No internet service,Month-to-month,No,Mailed check,18.25,189.42,No
5485-AFSFW,Female,0,Yes,No,1,Yes,No,Fiber optic,Yes,No,No,Yes,Yes,Yes,One year,Yes,Bank transfer (automatic),114.17,109.36,No
8214-QFAGA,Female,0,Yes,Yes,21,Yes,Yes,DSL,Yes,Yes,No,No,Yes,Yes,One year,No,Credit card (automatic),95.43,1979.84,No
8917-VKOOK,Male,0,Yes,No,28,Yes,Yes,No,No internet service,No internet service,No internet service,No internet service,No internet service,No internet service,Month-to-month,Yes,Mailed check,40.81,1152.38,No
9496-PQXZT,Male,0,Yes,Yes,44,No,No phone service,Fiber optic,No,No,No,No,Yes,No,Month-to-month,Yes,Electronic check,79.38,3546.82,No
6963-UGJXY,Male,0,No,No,16,Yes,No,DSL,No,Yes,No,Yes,No,No,One year,No,Credit card (automatic),67.43,1064.44,No
6245-OCSIV,Male,1,No,No,55,No,No phone service,Fiber optic,No,Yes,Yes,Yes,No,No,Month-to-month,No,Electronic check,83.43,4503.79,Yes
5045-UPCXZ,Female,0,Yes,Yes,65,Yes,No,Fiber optic,Yes,No,No,No,Yes,No,Month-to-month,No,Credit card (automatic),92.0,5959.58,No
8794-NCVFJ,Female,0,Yes,Yes,50,Yes,Yes,DSL,Yes,Yes,No,No,Yes,Yes,One year,Yes,Bank transfer (automatic),99.35,4894.78,No
4669-MOBQM,Female,1,Yes,Yes,5,Yes,No,DSL,Yes,No,Yes,Yes,No,No,Month-to-month,No,Mailed check,69.2,350.81,No
8146-BZALQ,Male,0,No,No,6,Yes,Yes,Fiber optic,No,No,Yes,Yes,No,Yes,Month-to-month,No,Bank transfer (automatic),110.41,638.92,No
6695-MSBJY,Male,0,No,No,12,Yes,No,Fiber optic,No,Yes,No,No,No,Yes,One year,Yes,Mailed check,93.1,1086.03,Yes
5523-OYSSM,Female,0,Yes,Yes,21,Yes,No,Fiber optic,No,Yes,No,No,No,Yes,One year,Yes,Mailed check,91.02,1829.0,No
3184-ZFLNR,Female,0,Yes,Yes,1,Yes,No,DSL,Yes,No,No,No,No,No,Month-to-month,No,Electronic check,59.65,58.12,No
6415-GUNKT,Male,0,No,No,8,Yes,Yes,Fiber optic,No,Yes,Yes,Yes,No,Yes,Month-to-month,Yes,Credit card (automatic),116.55,951.93,Yes
6152-WZBTP,Female,0,No,No,33,Yes,Yes,No,No internet service,No internet service,No internet service,No internet service,No internet service,No internet service,Two year,No,Bank transfer (automatic),45.18,1424.25,No
2163-PNSTG,Female,0,Yes,Yes,33,Yes,No,Fiber optic,No,Yes,No,Yes,No,No,Month-to-month,Yes,Bank transfer (automatic),88.72,2951.49,No
3938-VAYSI,Male,0,No,No,17,Yes,Yes,Fiber optic,No,No,No,No,No,No,Month-to-month,Yes,Electronic check,84.06,1416.7,Yes
2542-YOYKK,Male,0,No,No,20,Yes,No,DSL,No,Yes,Yes,Yes,Yes,Yes,Month-to-month,Yes,Electronic check,98.48,2027.77,Yes
8772-DICJS,Female,0,No,No,60,Yes,No,Fiber optic,No,Yes,Yes,No,No,Yes,One year,Yes,Credit card (automatic),100.79,6249.5,No
5128-MEKFZ,Male,0,No,No,67,Yes,No,No,No internet service,No internet service,No internet service,No internet service,No internet service,No internet service,Two year,No,Mailed check,34.39,2406.31,No
2336-ITNAP,Male,1,Yes,Yes,63,Yes,Yes,DSL,No,Yes,No,Yes,Yes,No,Two year,Yes,Mailed check,86.41,5410.54,No
1969-RCAZA,Male,0,No,No,9,Yes,No,DSL,No,Yes,No,No,Yes,No,Month-to-month,Yes,Electronic check,72.29,679.35,No
6355-KAXOW,Male,0,Yes,No,63,Yes,No,Fiber optic,Yes,Yes,Yes,No,No,Yes,One year,Yes,Mailed check,97.49,5907.7,No
3824-EQEFI,Female,0,Yes,Yes,67,Yes,Yes,Fiber optic,No,No,Yes,No,No,No,Two year,Yes,Bank transfer (automatic),98.68,6345.45,No
3534-POXSW,Female,0,Yes,No,15,Yes,No,No,No internet service,No internet service,No internet service,No internet service,No internet service,No internet service,Month-to-month,Yes,Electronic check,26.93,394.96,Yes
3908-NVLQY,Male,0,Yes,Yes,9,Yes,No,Fiber optic,Yes,No,Yes,Yes,Yes,Yes,Month-to-month,Yes,Electronic check,113.11,1052.08,Yes
2970-UIHJE,Female,0,Yes,No,14,Yes,Yes,No,No internet service,No internet service,No internet service,No internet service,No internet service,No internet service,Two year,No,Mailed check,43.86,587.63,No
9494-ECFEP,Female,1,No,No,65,Yes,No,DSL,No,No,No,No,No,No,One year,Yes,Electronic check,52.28,3334.56,No
6527-YYOKL,Female,1,No,No,50,Yes,Yes,DSL,No,No,No,No,No,Yes,Month-to-month,No,Credit card (automatic),74.44,3878.52,No
2906-RBGDY,Male,1,No,No,23,Yes,No,Fiber optic,Yes,Yes,Yes,No,No,Yes,Month-to-month,Yes,Bank transfer (automatic),103.44,2393.49,No
9040-EKJXX,Male,1,Yes,Yes,25,Yes,No,Fiber optic,Yes,No,Yes,Yes,No,Yes,Two year,No,Electronic check,103.24,2461.69,No
2618-WCRXO,Female,0,Yes,No,21,Yes,No,DSL,No,Yes,No,Yes,Yes,No,Month-to-month,No,Electronic check,80.96,1663.46,Yes
9715-NTQHD,Female,0,No,No,12,Yes,Yes,DSL,Yes,No,No,No,Yes,No,Month-to-month,No,Electronic check,86.17,1049.25,Yes
4244-HQKJM,Male,1,Yes,No,50,Yes,No,Fiber optic,No,Yes,Yes,Yes,Yes,Yes,Two year,Yes,Mailed check,118.75,5652.07,No
9048-COPHZ,Male,0,No,No,11,Yes,Yes,No,No internet service,No internet service,No internet service,No internet service,No internet service,No internet service,Month-to-month,No,Electronic check,49.8,547.15,No
5705-USNBY,Male,1,Yes,Yes,57,Yes,No,Fiber optic,No,Yes,Yes,Yes,No,No,Two year,Yes,Mailed check,95.53,5714.38,No
6031-XTOEI,Female,0,No,No,5,Yes,Yes,No,No internet service,No internet service,No internet service,No internet service,No internet service,No internet service,One year,No,Electronic check,47.28,232.47,Yes
1785-NBHEZ,Female,0,Yes,Yes,62,No,No phone service,Fiber optic,No,No,Yes,Yes,No,Yes,Month-to-month,Yes,Bank transfer (automatic),87.79,5295.84,No
1859-VRLNW,Male,0,No,No,47,Yes,No,No,No internet service,No internet service,No internet service,No internet service,No internet service,No internet service,One year,Yes,Bank transfer (automatic),26.11,1175.95,No
9335-JSXCY,Male,1,No,No,63,Yes,No,No,No internet service,No internet service,No internet service,No internet service,No internet service,No internet service,Two year,No,Credit card (automatic),25.2,1512.37,No
4630-SBFFQ,Female,0,No,No,63,Yes,Yes,No,No internet service,No internet service,No internet service,No internet service,No internet service,No internet service,Two year,Yes,Credit card (automatic),37.0,2403.48,No
1255-BJXDH,Female,0,No,No,22,Yes,No,DSL,No,Yes,Yes,Yes,Yes,No,Month-to-month,No,Bank transfer (automatic),82.54,1775.12,No
4938-RXIEK,Male,0,Yes,Yes,70,Yes,Yes,Fiber optic,No,Yes,No,Yes,No,No,Two year,Yes,Electronic check,99.53,6640.24,No
4741-JVBDG,Female,0,No,No,26,Yes,No,Fiber optic,No,Yes,No,No,No,No,Two year,No,Mailed check,74.78,1958.79,No
5230-WKOWQ,Female,0,Yes,Yes,69,Yes,No,DSL,Yes,No,No,No,No,No,Two year,No,Credit card (automatic),65.34,4379.16,No
4356-YQXKA,Male,0,No,No,17,Yes,Yes,No,No internet service,No internet service,No internet service,No internet service,No internet service,No internet service,One year,Yes,Electronic check,39.95,652.13,No
7777-JVEUG,Female,0,Yes,Yes,2,Yes,Yes,No,No internet service,No internet service,No internet service,No internet service,No internet service,No internet service,Month-to-month,No,Mailed check,37.58,74.42,No
1170-QKSLR,Male,0,No,No,11,Yes,No,No,No internet service,No internet service,No internet service,No internet service,No internet service,No internet service,Month-to-month,No,Bank transfer (automatic),30.37,320.85,No
4653-BCEUB,Female,0,No,No,2,Yes,No,DSL,No,Yes,No,Yes,No,No,One year,No,Bank transfer (automatic),72.65,139.45,No
9797-IYGRY,Female,0,Yes,No,14,Yes,No,DSL,Yes,No,No,Yes,Yes,Yes,One year,Yes,Credit card (automatic),89.49,1247.58,No
7524-HHWGT,Female,0,Yes,Yes,9,No,No phone service,DSL,Yes,Yes,No,No,No,No,Month-to-month,Yes,Electronic check,51.66,447.57,No
7470-VWYOM,Female,0,Yes,Yes,41,Yes,Yes,DSL,No,Yes,Yes,Yes,No,Yes,One year,No,Credit card (automatic),92.43,3802.54,No
3082-NAMCA,Male,1,No,No,24,Yes,No,DSL,No,Yes,No,No,No,No,Month-to-month,No,Electronic check,62.03,1518.91,No
7358-ETUGP,Female,0,Yes,Yes,2,Yes,No,DSL,Yes,No,No,No,No,No,Month-to-month,No,Electronic check,65.49,127.57,No
8177-TLTRN,Female,0,No,No,70,Yes,Yes,Fiber optic,Yes,Yes,No,No,No,No,Two year,No,Credit card (automatic),102.3,7341.47,No
4096-TSBAD,Male,0,No,No,66,Yes,No,DSL,Yes,No,Yes,No,Yes,Yes,Month-to-month,Yes,Credit card (automatic),80.31,5152.07,No
5109-XJFQK,Female,0,No,No,17,Yes,Yes,No,No internet service,No internet service,No internet service,No internet service,No internet service,No internet service,One year,No,Electronic check,45.65,804.34,No
3508-YNFQI,Female,0,No,No,1,Yes,No,Fiber optic,No,Yes,Yes,No,Yes,No,Month-to-month,No,Electronic check,100.03,95.73,Yes
8190-ALVPH,Male,0,Yes,No,71,Yes,No,Fiber optic,No,No,No,Yes,No,Yes,One year,Yes,Mailed check,99.05,7302.57,No
3639-DZBRK,Female,0,No,No,4,Yes,No,Fiber optic,No,Yes,No,Yes,No,Yes,One year,No,Mailed check,97.25,380.88,No
9753-ASSIA,Female,0,No,No,11,Yes,Yes,DSL,No,No,Yes,Yes,Yes,No,Month-to-month,Yes,Mailed check,87.51,975.89,No
2700-RAABK,Male,0,No,No,7,No,No phone service,No,No internet service,No internet service,No internet service,No internet service,No internet service,No internet service,Month-to-month,No,Mailed check,22.55,153.73,No
2960-WTAOA,Female,0,No,No,52,Yes,Yes,DSL,Yes,Yes,Yes,No,Yes,No,One year,Yes,Electronic check,94.95,4841.88,No
8805-YQHQL,Male,0,No,No,70,No,No phone service,Fiber optic,No,Yes,Yes,Yes,No,Yes,Two year,Yes,Credit card (automatic),91.11,6307.2,No
4893-RPIZL,Male,0,Yes,No,61,Yes,No,DSL,Yes,No,No,No,Yes,No,Month-to-month,Yes,Credit card (automatic),76.78,4655.8,No
3509-LWFHT,Male,0,No,No,69,Yes,Yes,No,No internet service,No internet service,No internet service,No internet service,No internet service,No internet service,Month-to-month,Yes,Mailed check,45.49,3006.83,No
7364-ZWJAU,Female,1,No,No,72,Yes,No,No,No internet service,No internet service,No internet service,No internet service,No internet service,No internet service,One year,Yes,Mailed check,25.52,1752.74,No
3359-BKWWZ,Female,0,No,No,69,Yes,No,DSL,No,No,Yes,No,No,Yes,Two year,No,Mailed check,69.97,4989.21,No
3048-VJYKK,Male,0,No,No,67,Yes,Yes,No,No internet service,No internet service,No internet service,No internet service,No internet service,No internet service,One year,No,Bank transfer (automatic),44.55,2997.73,No
8410-LKJIK,Male,0,Yes,No,64,Yes,Yes,Fiber optic,No,No,Yes,No,No,Yes,Two year,No,Bank transfer (automatic),102.42,6321.69,No
9682-FFEFW,Female,1,No,No,71,Yes,No,Fiber optic,Yes,No,No,No,No,Yes,Two year,No,Mailed check,86.84,6048.27,No
6954-XOTKQ,Male,0,No,No,41,Yes,No,DSL,Yes,Yes,No,Yes,Yes,No,Month-to-month,No,Credit card (automatic),90.0,3536.18,No
4498-KMOLX,Female,0,Yes,No,34,Yes,No,DSL,Yes,No,Yes,No,No,Yes,Month-to-month,Yes,Mailed check,79.93,2625.72,No
7752-BFOEJ,Female,0,No,No,51,Yes,Yes,No,No internet service,No internet service,No internet service,No internet service,No internet service,No internet service,Two year,Yes,Electronic check,46.36,2339.44,No
9478-LYAFO,Female,1,Yes,No,12,No,No phone service,DSL,Yes,Yes,Yes,No,No,Yes,Month-to-month,Yes,Bank transfer (automatic),74.9,904.91,No
3823-HTOEK,Female,0,No,Yes,5,Yes,No,No,No internet service,No internet service,No internet service,No internet service,No internet service,No internet service,Month-to-month,Yes,Electronic check,30.98,157.26,No
4240-DIGTT,Male,1,Yes,No,26,Yes,Yes,Fiber optic,No,No,No,No,No,No,Two year,Yes,Bank transfer (automatic),85.23,2241.25,No
8973-IYPTW,Female,0,No,No,59,Yes,No,DSL,No,Yes,Yes,No,No,No,Two year,Yes,Electronic check,65.7,3746.74,No
2590-UCAWB,Female,0,Yes,Yes,1,Yes,No,Fiber optic,No,No,No,Yes,No,Yes,Month-to-month,Yes,Electronic check,95.91,94.59,No
2473-IXFDF,Female,0,No,No,11,Yes,No,Fiber optic,Yes,No,No,Yes,Yes,Yes,Month-to-month,Yes,Electronic check,108.85,1214.88,Yes
2081-JXPVM,Male,0,Yes,Yes,16,No,No phone service,No,No internet service,No internet service,No internet service,No internet service,No internet service,No internet service,Two year,No,Electronic check,18.25,290.51,No
3870-HCOXD,Female,1,Yes,Yes,9,Yes,Yes,Fiber optic,No,Yes,Yes,Yes,No,Yes,Month-to-month,No,Bank transfer (automatic),118.75,1082.96,Yes
7802-DXKOQ,Male,0,No,No,14,Yes,Yes,DSL,Yes,Yes,No,No,Yes,No,Two year,No,Electronic check,84.05,1198.33,No
5607-RXZRD,Male,0,Yes,No,60,Yes,No,Fiber optic,Yes,Yes,Yes,Yes,Yes,No,Month-to-month,Yes,Credit card (automatic),107.73,6347.21,No
8289-CBWMM,Male,0,No,No,4,Yes,No,Fiber optic,No,Yes,Yes,No,Yes,No,One year,No,Bank transfer (automatic),98.63,385.18,Yes
1326-PZJLO,Female,0,No,Yes,72,Yes,No,No,No internet service,No internet service,No internet service,No internet service,No internet service,No internet service,Two year,No,Credit card (automatic),35.98,2580.05,No
8329-XZYOX,Female,0,No,No,21,Yes,No,DSL,No,No,Yes,Yes,Yes,No,Month-to-month,No,Electronic check,76.61,1600.55,Yes
2392-XBDHK,Female,0,No,No,21,Yes,No,Fiber optic,Yes,No,No,No,No,Yes,Month-to-month,No,Mailed check,84.97,1857.86,No
3449-CYYFQ,Female,0,Yes,No,57,Yes,No,Fiber optic,No,No,No,No,Yes,No,Month-to-month,No,Bank transfer (automatic),87.56,5199.97,No
5789-SYCPU,Male,0,Yes,Yes,50,Yes,Yes,DSL,No,Yes,No,No,Yes,No,Two year,Yes,Electronic check,87.34,4262.56,No
1261-QPZJG,Female,0,No,No,62,Yes,Yes,Fiber optic,No,No,No,Yes,Yes,No,Two year,Yes,Electronic check,99.38,5889.54,No
9411-HNXMX,Male,0,Yes,Yes,6,No,No phone service,No,No internet service,No internet service,No internet service,No internet service,No internet service,No internet service,Month-to-month,Yes,Credit card (automatic),24.28,148.24,No
1852-QSGZI,Female,0,No,No,1,Yes,No,DSL,Yes,No,No,No,No,Yes,Month-to-month,Yes,Bank transfer (automatic),77.61,73.95,No
5470-TTLCO,Female,0,Yes,No,40,Yes,Yes,Fiber optic,No,Yes,Yes,No,Yes,No,One year,Yes,Bank transfer (automatic),106.14,4234.64,No
3140-WYAOH,Female,0,No,No,7,Yes,No,Fiber optic,Yes,No,Yes,No,No,Yes,Month-to-month,Yes,Credit card (automatic),95.14,673.91,Yes
4270-XJARS,Female,0,Yes,Yes,61,Yes,No,Fiber optic,No,Yes,No,No,No,Yes,One year,Yes,Bank transfer (automatic),90.64,5352.51,No
6499-JNZLS,Male,0,No,No,68,Yes,Yes,DSL,No,No,Yes,No,No,No,One year,Yes,Bank transfer (automatic),70.44,4691.0,No
3168-YSOMG,Male,0,Yes,No,15,Yes,Yes,DSL,Yes,No,No,No,No,No,One year,Yes,Electronic check,74.47,1171.43,No
8370-XCRIN,Female,1,Yes,Yes,10,Yes,No,DSL,No,Yes,Yes,Yes,Yes,No,Month-to-month,Yes,Mailed check,86.18,836.43,No
2859-ADTGE,Male,0,No,Yes,64,Yes,No,No,No internet service,No internet service,No internet service,No internet service,No internet service,No internet service,One year,No,Electronic check,35.63,2171.49,No
2064-EUUWA,Male,1,Yes,Yes,14,Yes,Yes,Fiber optic,No,Yes,Yes,Yes,Yes,Yes,Month-to-month,Yes,Electronic check,118.75,1608.07,Yes
1220-TIXBP,Male,0,No,No,25,Yes,No,DSL,No,No,Yes,No,Yes,No,Two year,No,Electronic check,64.53,1557.88,No
8549-QIRPB,Female,1,No,No,4,Yes,Yes,DSL,No,No,No,No,Yes,Yes,Month-to-month,Yes,Mailed check,87.77,346.71,Yes
3272-FTCCY,Male,0,Yes,No,66,Yes,Yes,DSL,No,Yes,Yes,No,No,Yes,Two year,No,Bank transfer (automatic),81.65,5554.51,No
1062-LRFSK,Male,0,No,No,4,Yes,No,DSL,No,Yes,Yes,No,No,Yes,Month-to-month,No,Mailed check,77.79,311.21,No
9672-FVSMS,Female,0,Yes,Yes,7,Yes,No,Fiber optic,No,No,No,No,Yes,Yes,Month-to-month,Yes,Credit card (automatic),92.84,667.78,Yes
8687-HRWBE,Female,0,No,No,8,Yes,Yes,Fiber optic,No,No,No,No,No,Yes,Month-to-month,No,Electronic check,98.73,823.81,Yes
1103-CZGWO,Male,1,No,No,58,Yes,Yes,Fiber optic,No,No,No,No,No,Yes,One year,No,Credit card (automatic),93.66,5189.51,No
4102-SSBEI,Male,0,No,No,17,Yes,No,DSL,No,No,Yes,Yes,Yes,No,One year,Yes,Mailed check,77.57,1300.45,No
4730-EQPPN,Male,0,Yes,No,14,Yes,No,DSL,Yes,No,No,No,No,Yes,One year,Yes,Electronic check,73.09,1025.75,No
5676-FGIGA,Male,1,Yes,Yes,21,Yes,No,Fiber optic,No,Yes,Yes,No,Yes,Yes,One year,Yes,Credit card (automatic),106.09,2227.39,No
5123-HEBMX,Male,0,No,No,40,Yes,No,Fiber optic,No,Yes,Yes,No,No,No,One year,No,Mailed check,89.65,3700.54,No
1989-QVCTS,Female,0,Yes,No,68,Yes,Yes,DSL,Yes,No,Yes,No,No,Yes,Two year,Yes,Electronic check,86.74,5804.11,No
1196-ZRIUX,Female,0,Yes,Yes,30,Yes,Yes,Fiber optic,No,No,No,Yes,No,Yes,Month-to-month,No,Electronic check,95.58,2729.98,No
2079-OSIJV,Female,1,No,No,39,Yes,Yes,DSL,Yes,Yes,Yes,No,Yes,Yes,One year,Yes,Electronic check,106.66,4153.07,No
7069-MTIZE,Male,0,No,No,64,Yes,Yes,DSL,No,No,No,No,No,No,One year,Yes,Bank transfer (automatic),66.56,4269.73,No
3794-BJMMY,Female,0,Yes,No,53,Yes,Yes,Fiber optic,No,No,No,Yes,Yes,Yes,Two year,Yes,Mailed check,111.18,5986.68,No
7606-MXLDT,Male,0,Yes,No,28,Yes,Yes,DSL,No,No,Yes,No,No,Yes,One year,No,Credit card (automatic),80.04,2272.64,No
7874-YWUJW,Female,0,Yes,No,33,Yes,Yes,No,No internet service,No internet service,No internet service,No internet service,No internet service,No internet service,One year,No,Mailed check,42.62,1473.48,No
3447-KAURE,Female,0,Yes,Yes,3,Yes,No,No,No internet service,No internet service,No internet service,No internet service,No internet service,No internet service,Month-to-month,Yes,Electronic check,31.7,98.07,No
4013-FAMHF,Male,1,Yes,No,44,Yes,Yes,DSL,No,No,No,No,Yes,No,Two year,No,Bank transfer (automatic),78.98,3523.46,No
9148-KHYOF,Female,1,Yes,Yes,66,No,No phone service,No,No internet service,No internet service,No internet service,No internet service,No internet service,No internet service,Two year,Yes,Credit card (automatic),18.25,1256.71,No
8971-PMLWM,Male,0,No,No,1,Yes,No,Fiber optic,No,No,No,No,No,No,Month-to-month,Yes,Electronic check,73.55,70.16,Yes
1979-JCYSP,Female,0,No,No,53,Yes,Yes,No,No internet service,No internet service,No internet service,No internet service,No internet service,No internet service,Two year,Yes,Electronic check,38.61,2058.16,No
3317-GYUKA,Male,0,Yes,Yes,22,Yes,No,No,No internet service,No internet service,No internet service,No internet service,No internet service,No internet service,One year,No,Credit card (automatic),32.01,694.59,No
6046-QIIQP,Male,0,Yes,Yes,4,Yes,Yes,No,No internet service,No internet service,No internet service,No internet service,No internet service,No internet service,Month-to-month,Yes,Electronic check,41.7,174.47,No
3120-NIJRD,Female,0,No,No,69,Yes,Yes,DSL,No,Yes,No,No,Yes,No,One year,No,Credit card (automatic),83.07,5596.05,No
8758-BLKFI,Male,1,Yes,No,21,No,No phone service,Fiber optic,Yes,No,No,No,Yes,No,Month-to-month,Yes,Bank transfer (automatic),85.01,1737.61,No
4824-XXQXM,Female,1,No,No,2,No,No phone service,Fiber optic,No,No,No,No,No,Yes,Month-to-month,Yes,Electronic check,71.62,136.53,No
5596-OPIFD,Male,0,No,No,66,Yes,No,DSL,Yes,No,No,Yes,No,Yes,One year,Yes,Electronic check,79.03,5040.65,No
6272-UOXSP,Female,0,No,No,5,Yes,Yes,No,No internet service,No internet service,No internet service,No internet service,No internet service,No internet service,Month-to-month,Yes,Electronic check,35.2,173.12,Yes
5081-MMANC,Female,0,Yes,Yes,8,Yes,Yes,No,No internet service,No internet service,No internet service,No internet service,No internet service,No internet service,Month-to-month,Yes,Credit card (automatic),39.25,309.7,Yes
3430-QCMPX,Female,0,No,No,62,Yes,No,No,No internet service,No internet service,No internet service,No internet service,No internet service,No internet service,Two year,Yes,Credit card (automatic),34.17,2022.57,No
5358-BKFUS,Male,0,No,No,48,Yes,No,Fiber optic,Yes,No,No,No,Yes,Yes,Two year,Yes,Credit card (automatic),97.17,4827.52,No
6960-WBGQI,Male,1,No,Yes,40,Yes,No,DSL,No,Yes,Yes,Yes,No,Yes,One year,Yes,Credit card (automatic),82.32,3219.29,No
8906-OUYMI,Male,1,No,No,4,Yes,No,Fiber optic,No,No,Yes,No,No,Yes,Month-to-month,Yes,Mailed check,91.01,369.43,No
9786-FVEYP,Male,0,Yes,Yes,60,Yes,No,Fiber optic,Yes,No,Yes,Yes,Yes,Yes,Two year,Yes,Credit card (automatic),112.22,6980.9,No
5843-TTFUH,Female,1,Yes,Yes,1,Yes,No,Fiber optic,No,No,Yes,No,No,No,Month-to-month,No,Electronic check,77.11,79.89,Yes
7160-KVAGD,Female,0,No,No,63,Yes,Yes,Fiber optic,No,Yes,Yes,No,No,No,Month-to-month,Yes,Credit card (automatic),95.26,5935.03,No
1414-AQKJU,Female,0,No,No,13,Yes,Yes,DSL,No,Yes,No,No,No,Yes,Month-to-month,Yes,Electronic check,90.88,1169.65,No
3418-LJELI,Female,0,No,No,11,Yes,Yes,Fiber optic,Yes,No,Yes,No,Yes,Yes,Month-to-month,No,Mailed check,118.75,1310.92,Yes
5481-LFPHP,Female,0,No,No,16,Yes,Yes,Fiber optic,No,No,Yes,No,Yes,No,One year,Yes,Mailed check,109.13,1689.89,No
6288-YDWOJ,Female,1,Yes,No,67,Yes,No,Fiber optic,No,Yes,Yes,Yes,No,Yes,Two year,Yes,Credit card (automatic),104.31,7041.86,No
6165-VJALI,Male,0,Yes,Yes,7,Yes,No,Fiber optic,No,No,Yes,Yes,No,No,One year,Yes,Mailed check,88.84,652.61,No
3916-IVAHO,Female,0,No,No,26,No,No phone service,DSL,No,No,Yes,No,No,Yes,Month-to-month,Yes,Mailed check,64.79,1693.6,No
1645-WBSDB,Female,0,Yes,Yes,55,Yes,Yes,Fiber optic,No,No,No,Yes,No,No,Two year,Yes,Credit card (automatic),92.49,5146.16,No
2112-DCESC,Female,0,No,No,58,Yes,Yes,Fiber optic,No,No,No,No,No,Yes,Two year,Yes,Electronic check,90.04,4981.51,No
6903-ZIKTM,Male,0,Yes,No,69,Yes,Yes,No,No internet service,No internet service,No internet service,No internet service,No internet service,No internet service,Two year,Yes,Electronic check,46.59,3172.32,No
9931-BKUSO,Male,0,No,No,1,Yes,Yes,DSL,No,No,No,No,Yes,Yes,Month-to-month,Yes,Electronic check,88.48,86.73,No
2465-VLCXG,Male,0,No,No,13,No,No phone service,Fiber optic,No,No,No,Yes,Yes,Yes,Month-to-month,Yes,Credit card (automatic),89.3,1156.91,No
4920-BRAQS,Female,0,Yes,No,65,Yes,Yes,No,No internet service,No internet service,No internet service,No internet service,No internet service,No internet service,One year,Yes,Electronic check,46.08,3022.54,No
8842-BFGDW,Female,0,Yes,No,10,Yes,Yes,DSL,Yes,No,Yes,No,No,No,Month-to-month,Yes,Electronic check,85.27,822.01,Yes
9201-IKQKN,Male,0,No,No,4,Yes,Yes,Fiber optic,Yes,No,No,No,Yes,No,One year,No,Bank transfer (automatic),102.17,393.32,No
5745-MRSOB,Female,0,No,No,7,Yes,No,Fiber optic,No,Yes,No,No,Yes,No,Month-to-month,No,Bank transfer (automatic),98.23,678.81,No
1589-FPASP,Male,0,No,No,3,Yes,Yes,Fiber optic,Yes,No,Yes,Yes,Yes,Yes,Month-to-month,Yes,Credit card (automatic),118.75,368.52,Yes
7031-NVKDA,Male,1,Yes,No,70,Yes,Yes,Fiber optic,Yes,No,Yes,No,Yes,Yes,Two year,Yes,Mailed check,118.48,7958.65,No
5610-GJKVT,Male,0,Yes,No,14,Yes,No,No,No internet service,No internet service,No internet service,No internet service,No internet service,No internet service,Month-to-month,No,Electronic check,25.15,347.95,Yes
5198-IIGDH,Female,0,Yes,No,2,Yes,No,DSL,No,No,No,No,Yes,Yes,Month-to-month,Yes,Electronic check,82.87,166.97,Yes
1472-LZRUF,Female,0,Yes,No,60,Yes,No,DSL,No,No,No,No,No,No,Two year,No,Electronic check,58.63,3398.7,No
2846-BUTWF,Male,0,No,No,5,Yes,No,DSL,Yes,Yes,Yes,No,No,Yes,Month-to-month,No,Bank transfer (automatic),86.18,416.84,Yes
5892-VRXVJ,Female,0,No,No,71,Yes,Yes,Fiber optic,No,No,Yes,No,Yes,Yes,Two year,No,Bank transfer (automatic),112.69,8069.99,No
1890-QFXVF,Male,0,Yes,No,2,Yes,Yes,Fiber optic,Yes,Yes,No,Yes,Yes,Yes,Month-to-month,Yes,Bank transfer (automatic),118.75,238.88,Yes
1390-IFEIM,Female,0,Yes,No,4,Yes,Yes,DSL,No,No,No,No,Yes,Yes,One year,No,Credit card (automatic),89.63,367.6,No
7366-SLKTX,Female,0,Yes,No,66,Yes,No,No,No internet service,No internet service,No internet service,No internet service,No internet service,No internet service,One year,Yes,Electronic check,25.46,1640.61,No
8867-OHZWG,Female,0,No,Yes,1,Yes,Yes,Fiber optic,No,Yes,Yes,Yes,Yes,No,Month-to-month,Yes,Electronic check,115.62,116.35,Yes
2757-WWQWY,Male,0,No,No,72,Yes,Yes,DSL,Yes,Yes,No,No,Yes,No,Two year,No,Bank transfer (automatic),89.39,6686.55,No
1000-HJOEB,Female,0,No,No,4,Yes,No,DSL,Yes,Yes,No,Yes,No,No,Month-to-month,No,Credit card (automatic),73.5,291.92,No
4527-QZTJH,Female,0,Yes,No,17,Yes,Yes,DSL,Yes,No,No,No,No,Yes,Month-to-month,Yes,Mailed check,82.68,1387.42,No
1366-HADDL,Male,0,No,No,36,Yes,Yes,Fiber optic,No,Yes,No,No,Yes,Yes,Two year,No,Credit card (automatic),116.87,4344.41,No
4353-DQYUW,Female,0,Yes,Yes,4,No,No phone service,DSL,Yes,Yes,No,No,Yes,Yes,Month-to-month,Yes,Bank transfer (automatic),78.62,323.31,No
8807-ECSLX,Male,0,Yes,Yes,17,Yes,No,Fiber optic,No,Yes,No,Yes,Yes,Yes,Month-to-month,Yes,Credit card (automatic),110.62,1846.93,No
5475-HSMTD,Female,0,No,No,52,Yes,Yes,Fiber optic,No,Yes,No,Yes,No,Yes,Two year,No,Electronic check,111.3,5652.25,No
2067-KJALM,Male,0,No,No,42,Yes,Yes,No,No internet service,No internet service,No internet service,No internet service,No internet service,No internet service,One year,No,Mailed check,40.03,1703.95,No
3867-ZOBBU,Female,0,Yes,No,71,Yes,Yes,No,No internet service,No internet service,No internet service,No internet service,No internet service,No internet service,Month-to-month,No,Bank transfer (automatic),38.14,2644.2,No
5601-SSFGR,Female,0,Yes,Yes,5,Yes,No,DSL,Yes,No,Yes,No,No,Yes,Month-to-month,No,Electronic check,80.52,399.72,No
4081-GLAQW,Male,0,Yes,No,64,Yes,No,Fiber optic,No,No,Yes,No,Yes,Yes,Two year,Yes,Credit card (automatic),101.95,6519.3,No
8132-OSUST,Male,0,Yes,Yes,2,Yes,No,DSL,No,No,Yes,No,Yes,Yes,One year,No,Credit card (automatic),81.18,167.61,Yes
5694-JPLME,Male,0,No,No,17,Yes,Yes,DSL,Yes,Yes,No,No,No,Yes,One year,Yes,Bank transfer (automatic),93.32,1656.46,No
7082-SOIQK,Male,0,No,Yes,6,Yes,Yes,Fiber optic,Yes,Yes,Yes,No,Yes,Yes,Month-to-month,Yes,Bank transfer (automatic),118.75,715.0,No
7582-JZTDR,Male,0,Yes,No,19,Yes,Yes,Fiber optic,No,Yes,Yes,No,No,No,One year,No,Electronic check,101.25,1942.22,No
9102-RKYCG,Female,0,Yes,Yes,6,Yes,Yes,Fiber optic,Yes,Yes,No,No,No,No,Month-to-month,No,Credit card (automatic),98.43,583.36,Yes
3255-IJMTW,Male,0,Yes,Yes,57,Yes,No,No,No internet service,No internet service,No internet service,No internet service,No internet service,No internet service,Two year,Yes,Bank transfer (automatic),25.27,1426.0,No
3691-XIXZD,Male,0,No,No,56,Yes,Yes,No,No internet service,No internet service,No internet service,No internet service,No internet service,No internet service,Two year,Yes,Electronic check,40.61,2319.83,No
6597-OVEUD,Female,0,Yes,No,12,No,No phone service,DSL,No,No,No,Yes,Yes,Yes,Month-to-month,Yes,Bank transfer (automatic),71.73,901.44,No
4372-VKVWZ,Male,0,No,No,69,No,No phone service,Fiber optic,No,Yes,No,Yes,Yes,Yes,Two year,Yes,Electronic check,100.98,6659.38,No
9912-BCAYR,Female,0,Yes,Yes,18,No,No phone service,No,No internet service,No internet service,No internet service,No internet service,No internet service,No internet service,One year,Yes,Electronic check,18.25,337.38,Yes
3698-TRUMI,Female,0,No,No,69,Yes,No,Fiber optic,Yes,No,No,No,No,Yes,Two year,Yes,Electronic check,87.48,5961.86,No
7116-OKRKP,Female,0,No,No,65,Yes,No,Fiber optic,No,Yes,No,No,No,Yes,Month-to-month,Yes,Electronic check,84.35,5434.59,Yes
7684-RZFQE,Female,0,No,No,15,Yes,No,No,No internet service,No internet service,No internet service,No internet service,No internet service,No internet service,Month-to-month,No,Electronic check,34.7,511.33,No
4085-SXZUM,Female,0,No,No,1,Yes,No,DSL,No,Yes,Yes,No,No,No,Month-to-month,No,Credit card (automatic),68.3,68.58,Yes
2183-SHTHF,Male,0,No,No,36,Yes,No,DSL,No,Yes,No,Yes,No,Yes,Two year,No,Electronic check,76.16,2765.25,No
2582-YEAHF,Male,1,No,Yes,1,Yes,No,Fiber optic,Yes,No,No,Yes,Yes,No,Month-to-month,No,Credit card (automatic),95.57,97.15,No
2168-BLDYR,Male,0,Yes,Yes,68,No,No phone service,Fiber optic,No,No,Yes,No,Yes,No,One year,Yes,Electronic check,72.89,5011.26,No
1173-SHKFL,Female,0,Yes,No,21,Yes,No,DSL,No,No,No,Yes,No,No,One year,No,Credit card (automatic),55.7,1201.82,No
8838-QPRZM,Male,1,Yes,Yes,4,No,No phone service,Fiber optic,Yes,No,No,Yes,No,No,Month-to-month,No,Electronic check,76.01,307.78,No
6758-ASWJO,Female,0,No,No,12,Yes,No,DSL,Yes,Yes,No,No,Yes,No,Month-to-month,Yes,Bank transfer (automatic),83.44,1049.38,No
2605-KPWYR,Female,0,No,No,4,Yes,No,Fiber optic,No,No,No,Yes,No,No,Month-to-month,No,Mailed check,75.12,295.08,No
1447-JZTCG,Female,0,Yes,No,67,Yes,Yes,DSL,No,Yes,Yes,No,Yes,Yes,One year,Yes,Electronic check,101.07,6860.92,No
2508-CSSXL,Female,0,No,No,26,Yes,Yes,DSL,No,No,No,Yes,No,No,Month-to-month,Yes,Mailed check,70.21,1754.66,Yes
6527-GZAIU,Male,0,No,No,23,Yes,No,DSL,No,Yes,Yes,Yes,No,Yes,Month-to-month,No,Electronic check,81.89,1862.27,Yes
8392-FKADW,Female,0,No,Yes,65,Yes,No,DSL,No,No,Yes,No,No,Yes,Two year,Yes,Electronic check,72.06,4507.48,No
1462-YLNMS,Female,0,No,No,62,Yes,Yes,Fiber optic,Yes,Yes,No,Yes,No,No,Two year,Yes,Mailed check,104.87,6549.15,No
7359-UNSGD,Male,0,No,No,30,Yes,No,Fiber optic,No,No,No,Yes,No,Yes,Month-to-month,Yes,Mailed check,92.95,2898.02,No
9466-MXHEH,Male,0,Yes,Yes,42,Yes,Yes,Fiber optic,No,Yes,No,No,No,No,Two year,No,Bank transfer (automatic),92.27,3946.89,No
6429-LRZBM,Female,1,Yes,No,14,Yes,No,Fiber optic,No,No,No,No,No,Yes,Month-to-month,Yes,Bank transfer (automatic),80.85,1187.61,No
5080-AUUXU,Female,1,No,No,1,No,No phone service,DSL,No,No,Yes,No,No,Yes,One year,No,Electronic check,62.19,64.21,Yes
1718-HFWPM,Female,1,Yes,No,14,Yes,No,Fiber optic,No,No,Yes,No,Yes,No,Month-to-month,Yes,Electronic check,91.25,1326.32,No
8285-VYDED,Female,0,Yes,No,72,Yes,No,No,No internet service,No internet service,No internet service,No internet service,No internet service,No internet service,Two year,No,Electronic check,34.62,2549.0,No
1387-LJSAN,Female,1,No,No,3,Yes,No,DSL,Yes,No,No,No,No,No,Month-to-month,Yes,Bank transfer (automatic),59.74,174.38,No
7034-QCMHO,Female,0,No,Yes,64,Yes,Yes,No,No internet service,No internet service,No internet service,No internet service,No internet service,No internet service,One year,Yes,Bank transfer (automatic),46.51,2946.89,No
7918-BCWRM,Male,0,No,No,59,Yes,Yes,DSL,No,Yes,No,Yes,No,No,One year,Yes,Electronic check,82.14,4939.49,No
9308-XXWDE,Male,0,Yes,No,4,Yes,No,DSL,Yes,Yes,No,Yes,No,Yes,Month-to-month,Yes,Mailed check,78.52,317.17,No
4060-RLZJG,Male,1,No,No,64,Yes,Yes,DSL,No,No,No,Yes,No,Yes,One year,No,Credit card (automatic),78.5,5049.49,No
2094-ZRPDB,Female,0,Yes,Yes,38,Yes,No,Fiber optic,No,Yes,No,No,No,No,One year,No,Credit card (automatic),78.82,2911.71,No
4316-DDSAB,Female,0,Yes,No,9,Yes,No,DSL,No,Yes,No,No,No,No,Month-to-month,No,Credit card (automatic),64.95,610.67,No
1199-CRPAW,Female,0,No,No,63,Yes,Yes,Fiber optic,No,No,Yes,No,No,No,Two year,Yes,Bank transfer (automatic),93.99,5654.1,No
3245-IGMFR,Male,0,Yes,No,2,No,No phone service,No,No internet service,No internet service,No internet service,No internet service,No internet service,No internet service,Month-to-month,No,Electronic check,21.97,45.92,No
8836-MCKQO,Female,0,Yes,No,57,Yes,Yes,Fiber optic,No,No,No,Yes,Yes,Yes,One year,Yes,Mailed check,116.59,6473.46,No
2161-DDNWB,Female,0,No,No,12,Yes,No,No,No internet service,No internet service,No internet service,No internet service,No internet service,No internet service,Month-to-month,No,Electronic check,33.86,406.32,Yes
9411-ZBEQK,Female,0,Yes,Yes,1,Yes,No,DSL,No,No,No,No,Yes,No,Month-to-month,Yes,Credit card (automatic),73.17,73.05,No
6926-YVKTB,Female,0,No,No,11,Yes,Yes,No,No internet service,No internet service,No internet service,No internet service,No internet service,No internet service,Month-to-month,No,Electronic check,44.99,472.87,Yes
6250-UARYK,Male,0,No,No,39,Yes,Yes,No,No internet service,No internet service,No internet service,No internet service,No internet service,No internet service,Two year,Yes,Electronic check,38.51,1550.8,No
4681-TDPUX,Female,0,No,No,65,Yes,Yes,DSL,No,Yes,No,Yes,Yes,No,Two year,Yes,Electronic check,90.36,5628.13,No
3576-GNMBP,Male,0,Yes,Yes,8,Yes,No,Fiber optic,Yes,No,No,No,Yes,Yes,Month-to-month,Yes,Bank transfer (automatic),101.56,781.06,Yes
7837-BCXDQ,Male,0,No,No,10,No,No phone service,DSL,No,Yes,No,Yes,Yes,Yes,Month-to-month,No,Credit card (automatic),75.14,728.4,No
7054-HHQZI,Male,0,Yes,No,38,Yes,No,DSL,Yes,No,Yes,No,Yes,Yes,Month-to-month,No,Mailed check,86.32,3302.29,No
9770-PXWMM,Female,0,No,No,35,Yes,No,Fiber optic,No,No,No,Yes,Yes,Yes,One year,Yes,Mailed check,97.71,3422.64,No
3248-MCMIN,Female,0,Yes,No,72,Yes,No,Fiber optic,No,No,Yes,No,No,No,Two year,Yes,Bank transfer (automatic),79.84,5921.97,No
2031-GGHHN,Female,0,Yes,No,53,Yes,No,Fiber optic,No,Yes,Yes,No,No,No,Month-to-month,Yes,Credit card (automatic),81.26,4325.34,No
6129-YIGEZ,Female,0,No,No,62,Yes,Yes,Fiber optic,Yes,Yes,Yes,No,No,Yes,Two year,Yes,Electronic check,112.71,7000.23,No
4143-VNKGL,Female,0,Yes,No,1,Yes,No,DSL,No,No,Yes,Yes,No,No,Month-to-month,Yes,Credit card (automatic),67.06,65.04,Yes
4085-TXDUH,Female,1,Yes,No,71,Yes,No,Fiber optic,No,No,Yes,Yes,Yes,Yes,Two year,Yes,Mailed check,107.62,7478.19,No
6922-SOFMN,Male,0,Yes,Yes,46,Yes,No,DSL,No,No,Yes,Yes,No,Yes,Two year,Yes,Credit card (automatic),74.89,3435.09,No
2920-SWQFU,Male,0,No,No,55,Yes,No,DSL,Yes,Yes,Yes,Yes,No,No,Two year,No,Electronic check,79.32,4508.09,No
6527-EQMGM,Male,0,Yes,Yes,29,Yes,Yes,DSL,No,Yes,Yes,No,No,No,Month-to-month,No,Credit card (automatic),89.75,2584.69,No
5435-YLIGB,Male,1,Yes,Yes,12,Yes,No,Fiber optic,No,No,No,Yes,No,No,One year,No,Electronic check,80.57,953.88,No
3038-ZVZAE,Male,0,Yes,No,19,Yes,No,DSL,Yes,Yes,No,No,No,No,One year,Yes,Bank transfer (automatic),74.98,1460.5,No
5174-YLZPH,Male,0,No,No,41,Yes,Yes,DSL,Yes,No,No,Yes,No,No,Two year,Yes,Electronic check,81.03,3401.07,No
7889-FBLZP,Male,0,No,No,3,No,No phone service,DSL,Yes,No,Yes,No,No,No,Month-to-month,Yes,Electronic check,61.55,190.65,No
8804-LIDDT,Female,0,Yes,No,2,Yes,No,Fiber optic,No,Yes,No,No,Yes,No,Month-to-month,Yes,Electronic check,93.02,191.99,Yes
1892-BBCND,Male,0,Yes,No,53,Yes,Yes,DSL,Yes,Yes,No,No,No,Yes,Two year,Yes,Bank transfer (automatic),88.89,4645.5,No
2571-YRFXO,Male,0,Yes,No,4,Yes,No,DSL,Yes,Yes,Yes,No,Yes,Yes,Month-to-month,No,Bank transfer (automatic),93.28,363.99,No
1161-CZSHG,Male,0,Yes,Yes,5,Yes,No,DSL,No,Yes,No,Yes,Yes,Yes,Month-to-month,Yes,Electronic check,91.4,474.54,No
4611-QOGOV,Female,0,Yes,No,10,Yes,Yes,Fiber optic,Yes,Yes,Yes,No,Yes,Yes,Month-to-month,No,Mailed check,118.75,1211.6,Yes
3485-APTEZ,Male,0,No,No,61,Yes,No,Fiber optic,No,No,No,No,Yes,No,One year,Yes,Bank transfer (automatic),82.78,4808.09,No
7279-FQYCT,Male,0,No,Yes,1,Yes,Yes,DSL,No,No,Yes,Yes,No,Yes,Month-to-month,Yes,Credit card (automatic),89.62,88.29,No
5419-VDGKG,Female,0,No,No,9,Yes,Yes,DSL,Yes,No,No,No,Yes,No,Month-to-month,Yes,Electronic check,81.17,736.29,Yes
3713-XXHAR,Male,1,Yes,No,4,No,No phone service,Fiber optic,Yes,No,Yes,Yes,Yes,No,Month-to-month,Yes,Mailed check,102.14,425.51,No
8130-PPKFC,Male,0,No,No,55,Yes,No,Fiber optic,Yes,Yes,No,No,Yes,Yes,Month-to-month,Yes,Electronic check,105.61,5654.29,No
2343-KLDXW,Male,0,No,No,7,Yes,No,Fiber optic,No,Yes,No,Yes,No,Yes,Month-to-month,Yes,Electronic check,95.06,646.93,Yes
7228-ATFRL,Male,0,No,Yes,24,Yes,Yes,Fiber optic,Yes,No,Yes,No,Yes,No,Month-to-month,Yes,Mailed check,105.37,2580.91,No
9584-IANKL,Male,0,No,No,3,Yes,Yes,Fiber optic,Yes,No,Yes,No,No,No,Month-to-month,Yes,Mailed check,101.31,308.04,Yes
4366-JSPSJ,Male,1,Yes,Yes,1,No,No phone service,Fiber optic,No,No,No,No,No,No,Month-to-month,Yes,Credit card (automatic),64.67,65.21,No
7619-FIKGH,Female,0,Yes,Yes,8,Yes,No,Fiber optic,No,No,Yes,No,No,No,Month-to-month,Yes,Credit card (automatic),80.92,642.2,No
4782-JWYRO,Female,0,No,No,24,Yes,No,No,No internet service,No internet service,No internet service,No internet service,No internet service,No internet service,One year,Yes,Mailed check,28.69,714.66,No
2059-LUKIJ,Female,1,Yes,Yes,71,No,No phone service,Fiber optic,No,No,Yes,Yes,Yes,No,One year,No,Bank transfer (automatic),90.63,6360.49,No
9043-LLLLJ,Male,0,Yes,No,8,Yes,Yes,Fiber optic,No,Yes,Yes,No,No,Yes,Month-to-month,Yes,Bank transfer (automatic),115.52,925.77,No
5409-JZMEW,Female,1,Yes,Yes,67,No,No phone service,No,No internet service,No internet service,No internet service,No internet service,No internet service,No internet service,Two year,No,Bank transfer (automatic),25.45,1626.8,No
9473-PVVZJ,Male,0,Yes,Yes,65,Yes,No,Fiber optic,Yes,No,Yes,Yes,No,No,One year,Yes,Electronic check,95.01,5933.34,No
4745-CXCSB,Male,1,No,No,2,Yes,Yes,No,No internet service,No internet service,No internet service,No internet service,No internet service,No internet service,Month-to-month,Yes,Credit card (automatic),48.38,101.29,No
2298-NGDDL,Female,0,Yes,Yes,2,Yes,Yes,No,No internet service,No internet service,No internet service,No internet service,No internet service,No internet service,Month-to-month,No,Bank transfer (automatic),39.66,76.03,No
4047-FINGC,Male,0,Yes,Yes,3,Yes,Yes,Fiber optic,Yes,No,Yes,No,No,No,Month-to-month,Yes,Bank transfer (automatic),107.82,328.26,Yes
1854-OUWWT,Male,1,No,Yes,66,Yes,Yes,Fiber optic,No,Yes,Yes,No,No,Yes,Two year,Yes,Mailed check,111.68,7012.5,No
5722-OYXGV,Female,0,Yes,No,10,Yes,Yes,No,No internet service,No internet service,No internet service,No internet service,No internet service,No internet service,Month-to-month,Yes,Electronic check,47.59,497.7,Yes
4201-PCUGU,Female,0,No,No,69,No,No phone service,Fiber optic,Yes,Yes,No,No,No,Yes,Two year,No,Credit card (automatic),87.92,6058.77,No
9748-DMTSD,Male,0,Yes,No,59,Yes,Yes,Fiber optic,No,Yes,Yes,No,Yes,Yes,Two year,Yes,Bank transfer (automatic),118.75,7187.85,No
4060-GAWTN,Female,0,No,No,58,Yes,Yes,No,No internet service,No internet service,No internet service,No internet service,No internet service,No internet service,One year,Yes,Bank transfer (automatic),34.67,1959.31,No
1339-NXKEM,Female,0,No,No,51,Yes,Yes,Fiber optic,Yes,No,No,No,No,No,Two year,Yes,Mailed check,98.75,5191.37,No
3167-GPJUM,Male,1,No,No,7,Yes,Yes,Fiber optic,No,Yes,Yes,No,Yes,No,Month-to-month,No,Electronic check,107.6,751.39,Yes
8453-ECGQT,Male,0,Yes,No,46,Yes,Yes,DSL,No,Yes,Yes,No,Yes,Yes,Two year,No,Electronic check,102.55,4888.31,No
2098-ZDHNM,Male,0,Yes,No,68,Yes,No,Fiber optic,No,Yes,Yes,No,No,Yes,One year,No,Mailed check,97.24,6363.57,No
7471-OSXMQ,Male,0,No,No,11,Yes,No,No,No internet service,No internet service,No internet service,No internet service,No internet service,No internet service,Month-to-month,No,Credit card (automatic),35.34,389.44,No
9514-JPSTT,Male,0,No,No,14,Yes,No,Fiber optic,Yes,Yes,Yes,Yes,No,No,One year,Yes,Credit card (automatic),102.31,1405.21,No
9576-YEWDA,Female,0,Yes,Yes,66,Yes,Yes,No,No internet service,No internet service,No internet service,No internet service,No internet service,No internet service,Two year,Yes,Mailed check,41.68,2645.33,No
2202-PJHPK,Female,0,Yes,Yes,3,Yes,No,DSL,No,No,No,No,Yes,No,Month-to-month,No,Credit card (automatic),63.48,186.71,No
7159-HAMTF,Female,0,No,No,33,Yes,Yes,DSL,No,No,No,No,No,Yes,One year,No,Credit card (automatic),83.18,2663.7,No
3411-LPTDU,Male,0,No,Yes,56,Yes,Yes,Fiber optic,No,No,No,Yes,Yes,No,Month-to-month,Yes,Mailed check,100.31,5559.62,No
7493-GAFLM,Female,0,Yes,No,31,Yes,No,DSL,Yes,Yes,Yes,Yes,No,Yes,One year,Yes,Electronic check,97.1,3063.61,No
8640-SJFDY,Female,0,No,No,58,Yes,No,DSL,Yes,No,No,Yes,Yes,No,Two year,Yes,Mailed check,78.57,4343.67,No
5020-YXXHB,Female,0,No,No,61,No,No phone service,DSL,No,Yes,No,No,Yes,No,Month-to-month,No,Credit card (automatic),57.45,3663.84,Yes
8620-XXWCH,Male,0,No,No,9,Yes,Yes,Fiber optic,Yes,No,No,Yes,Yes,Yes,Month-to-month,Yes,Mailed check,113.9,1031.59,Yes
9397-OBZWB,Female,0,No,No,66,Yes,No,No,No internet service,No internet service,No internet service,No internet service,No internet service,No internet service,Two year,Yes,Mailed check,24.03,1663.08,No
6430-FXEZD,Male,0,Yes,Yes,61,Yes,No,DSL,No,No,Yes,No,Yes,Yes,Two year,Yes,Electronic check,78.28,4999.3,No
5417-BNQJL,Male,1,No,No,68,Yes,No,DSL,Yes,No,Yes,No,No,No,Two year,Yes,Credit card (automatic),67.72,4634.2,No
6472-ULQHB,Male,0,No,No,69,Yes,Yes,No,No internet service,No internet service,No internet service,No internet service,No internet service,No internet service,One year,No,Electronic check,39.17,2573.99,No
9470-PWTLN,Female,0,No,No,2,Yes,No,No,No internet service,No internet service,No internet service,No internet service,No internet service,No internet service,Month-to-month,Yes,Mailed check,29.23,60.07,No
9978-SOBZY,Female,0,Yes,Yes,65,Yes,No,No,No internet service,No internet service,No internet service,No internet service,No internet service,No internet service,Month-to-month,Yes,Electronic check,33.74,2290.33,No
7191-ISTQD,Male,0,No,No,3,Yes,No,DSL,No,Yes,No,No,Yes,No,Month-to-month,Yes,Electronic check,69.97,218.08,Yes
4216-CJKBH,Male,1,Yes,Yes,60,Yes,Yes,Fiber optic,No,Yes,No,No,Yes,Yes,Two year,No,Mailed check,110.68,6785.27,No
3178-FOKVD,Male,0,Yes,Yes,8,Yes,Yes,DSL,No,No,No,Yes,Yes,Yes,One year,Yes,Credit card (automatic),90.69,692.47,Yes
9962-OZFZE,Male,0,No,No,12,No,No phone service,Fiber optic,Yes,Yes,Yes,Yes,No,Yes,One year,No,Electronic check,103.95,1224.87,No
1613-GMBMZ,Male,0,No,No,60,Yes,Yes,Fiber optic,No,No,Yes,No,Yes,Yes,One year,Yes,Mailed check,116.47,7019.15,No
9085-CRVIS,Male,0,No,No,67,Yes,No,Fiber optic,No,No,No,No,No,Yes,Two year,Yes,Mailed check,85.8,6017.06,No
7096-WYGOX,Female,0,Yes,Yes,4,Yes,No,Fiber optic,No,Yes,Yes,Yes,No,Yes,Month-to-month,Yes,Electronic check,102.24,402.55,No
6416-QIERS,Male,0,No,No,24,Yes,No,No,No internet service,No internet service,No internet service,No internet service,No internet service,No internet service,One year,Yes,Credit card (automatic),25.89,649.39,No
9520-RUUGV,Male,1,Yes,No,67,No,No phone service,DSL,No,No,No,Yes,Yes,No,Two year,Yes,Electronic check,58.09,3884.54,No
8108-MINMS,Male,1,No,No,12,No,No phone service,DSL,Yes,No,Yes,No,Yes,Yes,Month-to-month,Yes,Credit card (automatic),77.72,890.44,No
7630-BPUGV,Female,0,Yes,No,65,Yes,No,No,No internet service,No internet service,No internet service,No internet service,No internet service,No internet service,Month-to-month,No,Electronic check,32.71,2038.97,No
4663-VFYMD,Female,0,No,No,33,Yes,No,Fiber optic,No,No,No,No,Yes,No,One year,No,Mailed check,79.47,2542.95,No
2615-SNKKO,Female,0,No,No,68,Yes,No,DSL,No,Yes,Yes,Yes,No,Yes,Two year,Yes,Credit card (automatic),84.46,5954.35,No
5900-CEMYB,Male,1,Yes,Yes,1,Yes,Yes,DSL,Yes,No,No,No,No,No,One year,Yes,Credit card (automatic),72.42,71.91,No
6143-YBKLK,Female,1,Yes,Yes,20,Yes,Yes,DSL,Yes,No,No,Yes,No,No,Two year,Yes,Mailed check,75.52,1558.53,No
1501-IJIMZ,Male,0,No,No,60,No,No phone service,Fiber optic,Yes,Yes,Yes,No,Yes,Yes,Two year,Yes,Electronic check,108.04,6451.07,No
7493-PKWHP,Female,0,No,No,8,Yes,No,DSL,No,Yes,No,No,No,No,Month-to-month,No,Electronic check,60.13,484.27,No
3701-IPPWC,Female,0,No,Yes,1,Yes,No,No,No internet service,No internet service,No internet service,No internet service,No internet service,No internet service,Month-to-month,No,Credit card (automatic),32.28,32.71,No
2348-UAOMC,Female,0,No,No,67,Yes,No,Fiber optic,No,No,No,No,No,No,Two year,Yes,Mailed check,70.54,4734.04,No
3488-ZAEDZ,Female,0,Yes,No,13,No,No phone service,No,No internet service,No internet service,No internet service,No internet service,No internet service,No internet service,One year,Yes,Electronic check,20.86,272.09,No
7009-RXSRC,Female,0,Yes,No,11,No,No phone service,DSL,Yes,No,Yes,No,No,Yes,Month-to-month,Yes,Mailed check,66.61,733.2,No
3706-XIBPZ,Male,0,Yes,Yes,38,Yes,No,DSL,Yes,Yes,Yes,No,No,No,Month-to-month,No,Electronic check,70.69,2662.8,No
1003-VEEKZ,Female,0,Yes,Yes,56,Yes,Yes,No,No internet service,No internet service,No internet service,No internet service,No internet service,No internet service,One year,No,Bank transfer (automatic),42.9,2497.56,No
2761-GHVBP,Male,0,No,No,13,Yes,Yes,DSL,No,Yes,No,No,Yes,Yes,Two year,Yes,Mailed check,91.56,1159.21,No
3271-BPGQS,Female,0,Yes,Yes,7,Yes,No,DSL,No,Yes,No,Yes,No,Yes,Month-to-month,Yes,Bank transfer (automatic),77.61,568.95,No
2574-MFHKI,Male,0,No,No,50,Yes,No,Fiber optic,Yes,Yes,No,Yes,No,Yes,Two year,No,Bank transfer (automatic),106.55,5474.69,No
3667-SVJNH,Male,0,No,No,48,Yes,Yes,Fiber optic,No,Yes,Yes,Yes,No,No,One year,Yes,Mailed check,105.16,5074.75,No
7571-KYUWR,Male,0,No,No,28,No,No phone service,DSL,Yes,No,Yes,No,Yes,No,One year,No,Bank transfer (automatic),70.86,1933.21,No
4449-GDECP,Male,0,No,No,68,Yes,Yes,Fiber optic,No,Yes,Yes,Yes,No,No,Two year,No,Bank transfer (automatic),103.78,6856.57,No
2928-DZDSH,Male,0,Yes,No,6,Yes,No,DSL,No,No,No,No,Yes,Yes,Month-to-month,Yes,Electronic check,70.85,434.42,No
6451-RPSLD,Female,0,No,No,72,Yes,Yes,DSL,No,Yes,Yes,Yes,Yes,Yes,One year,No,Electronic check,104.19,7178.55,No
5956-YFMAE,Male,0,Yes,No,8,Yes,Yes,No,No internet service,No internet service,No internet service,No internet service,No internet service,No internet service,Month-to-month,Yes,Credit card (automatic),39.45,313.6,No
4137-IBVUK,Male,0,Yes,Yes,1,Yes,No,DSL,No,No,Yes,Yes,Yes,Yes,Month-to-month,Yes,Electronic check,90.75,88.57,Yes
9152-MZUWL,Female,0,No,No,4,Yes,No,No,No internet service,No internet service,No internet service,No internet service,No internet service,No internet service,Month-to-month,Yes,Electronic check,31.43,120.51,No
6356-TSRYT,Male,0,Yes,No,1,Yes,No,Fiber optic,No,No,No,Yes,No,Yes,Month-to-month,Yes,Bank transfer (automatic),96.18,100.68,No
4014-AUYKM,Female,0,No,No,68,No,No phone service,DSL,No,No,Yes,No,Yes,Yes,Two year,Yes,Electronic check,65.41,4373.56,No
6481-DWGPY,Female,0,No,No,5,No,No phone service,Fiber optic,Yes,No,Yes,Yes,Yes,No,Month-to-month,No,Credit card (automatic),96.18,469.83,No
4313-SKUQS,Female,0,No,No,56,Yes,Yes,Fiber optic,No,Yes,No,No,Yes,No,Two year,No,Electronic check,101.27,5423.04,No
7111-ICUZF,Female,0,Yes,No,9,Yes,Yes,Fiber optic,No,Yes,No,Yes,No,Yes,Month-to-month,No,Credit card (automatic),106.61,995.31,No
3421-IRTNN,Male,0,No,No,64,Yes,No,DSL,No,No,Yes,No,Yes,Yes,One year,No,Mailed check,80.77,4940.26,No
9662-ZPPLY,Female,0,Yes,No,53,Yes,No,DSL,Yes,Yes,No,Yes,Yes,Yes,Month-to-month,Yes,Electronic check,94.44,4766.52,No
1645-LSOOT,Male,0,No,Yes,5,Yes,No,Fiber optic,Yes,Yes,No,Yes,Yes,No,Month-to-month,No,Bank transfer (automatic),107.88,528.39,No
1729-HAPZB,Male,0,Yes,Yes,59,No,No phone service,No,No internet service,No internet service,No internet service,No internet service,No internet service,No internet service,Two year,No,Electronic check,18.25,1069.09,No
7836-YXPGI,Female,1,No,No,72,Yes,No,No,No internet service,No internet service,No internet service,No internet service,No internet service,No internet service,Two year,Yes,Bank transfer (automatic),28.51,2073.26,No
4651-LHQBF,Male,0,Yes,No,3,Yes,Yes,DSL,No,Yes,No,No,Yes,No,Month-to-month,Yes,Credit card (automatic),85.36,257.87,No
5163-KAFFV,Female,0,Yes,No,64,Yes,No,DSL,No,Yes,Yes,Yes,No,Yes,Two year,Yes,Electronic check,81.83,5153.31,No
4915-KLYUH,Female,0,No,No,55,Yes,No,No,No internet service,No internet service,No internet service,No internet service,No internet service,No internet service,One year,Yes,Electronic check,31.12,1742.08,No
9954-YAWTT,Female,1,Yes,Yes,17,Yes,No,DSL,No,Yes,No,No,No,No,Month-to-month,Yes,Mailed check,64.45,1087.02,No
6016-TRMPN,Female,0,No,No,15,Yes,Yes,DSL,Yes,Yes,No,No,Yes,Yes,One year,Yes,Credit card (automatic),95.41,1443.7,Yes
5711-UWYKS,Male,0,Yes,Yes,24,Yes,Yes,No,No internet service,No internet service,No internet service,No internet service,No internet service,No internet service,Two year,Yes,Mailed check,39.25,976.04,No
3903-OFRCQ,Male,1,Yes,Yes,36,Yes,Yes,Fiber optic,No,Yes,No,No,Yes,No,Two year,Yes,Electronic check,96.8,3634.25,No
8862-ADTGR,Female,0,No,No,52,Yes,Yes,DSL,No,Yes,No,No,Yes,No,Month-to-month,Yes,Electronic check,83.07,4467.22,No
5212-KXFEC,Male,0,Yes,Yes,69,Yes,No,DSL,No,No,Yes,No,No,No,One year,No,Electronic check,60.45,4231.27,No
5731-IOOBZ,Female,0,Yes,No,3,Yes,No,DSL,No,Yes,No,Yes,Yes,No,Month-to-month,Yes,Electronic check,77.99,222.43,Yes
2989-WAGUU,Female,0,No,No,15,No,No phone service,DSL,Yes,Yes,No,No,Yes,Yes,Month-to-month,Yes,Bank transfer (automatic),78.78,1157.04,Yes
5424-ZCLDT,Female,0,Yes,No,33,Yes,Yes,Fiber optic,Yes,No,No,No,No,No,Month-to-month,No,Electronic check,96.86,3078.19,No
9758-MDRHC,Male,0,Yes,No,64,Yes,Yes,DSL,No,Yes,Yes,Yes,Yes,No,Month-to-month,Yes,Credit card (automatic),85.5,5596.35,No
2507-JKEYS,Male,0,Yes,Yes,8,Yes,Yes,DSL,No,No,No,No,No,No,Month-to-month,Yes,Bank transfer (automatic),61.41,476.03,Yes
2415-ZEINR,Male,0,Yes,No,69,Yes,No,No,No internet service,No internet service,No internet service,No internet service,No internet service,No internet service,One year,Yes,Bank transfer (automatic),30.96,2086.9,No
4181-MYQAW,Male,0,No,No,2,No,No phone service,No,No internet service,No internet service,No internet service,No internet service,No internet service,No internet service,Month-to-month,No,Mailed check,25.43,50.2,No
8084-CNVFE,Female,0,Yes,Yes,1,Yes,No,No,No internet service,No internet service,No internet service,No internet service,No internet service,No internet service,Month-to-month,Yes,Bank transfer (automatic),34.09,33.69,Yes
8920-UTBZF,Male,0,No,Yes,47,Yes,No,Fiber optic,Yes,Yes,No,No,Yes,No,Two year,Yes,Electronic check,99.94,4546.91,No
9099-OLIJX,Male,0,Yes,Yes,20,Yes,Yes,Fiber optic,No,No,Yes,Yes,No,Yes,One year,No,Mailed check,110.58,2257.09,No
1596-LAJZY,Male,0,Yes,No,1,Yes,No,DSL,Yes,Yes,Yes,Yes,Yes,Yes,Month-to-month,Yes,Credit card (automatic),104.98,103.48,No
6549-KVZWC,Female,0,Yes,Yes,1,Yes,Yes,DSL,No,No,No,No,Yes,Yes,Month-to-month,No,Electronic check,93.05,93.69,Yes
2572-PODDM,Female,0,No,No,52,Yes,Yes,DSL,No,No,No,Yes,No,No,Two year,Yes,Mailed check,76.26,3819.79,No
6582-DVUQG,Male,0,No,No,70,Yes,No,No,No internet service,No internet service,No internet service,No internet service,No internet service,No internet service,Two year,No,Electronic check,33.22,2211.28,No
9799-VHWBH,Male,0,No,Yes,4,Yes,No,Fiber optic,No,Yes,Yes,No,Yes,No,One year,No,Electronic check,97.78,395.27,No
3243-SVZHW,Male,0,No,No,4,Yes,No,No,No internet service,No internet service,No internet service,No internet service,No internet service,No internet service,Month-to-month,Yes,Mailed check,32.78,134.24,No
2218-ZJMTK,Male,1,Yes,Yes,4,Yes,Yes,DSL,No,Yes,No,No,No,Yes,Month-to-month,No,Electronic check,83.79,340.13,Yes
1428-ZISWY,Female,0,Yes,No,6,No,No phone service,Fiber optic,No,No,No,No,Yes,Yes,Month-to-month,No,Mailed check,83.17,474.9,Yes
2640-JCGIX,Female,0,Yes,Yes,3,No,No phone service,Fiber optic,Yes,No,Yes,No,Yes,Yes,Month-to-month,Yes,Bank transfer (automatic),102.07,301.29,Yes
3992-OPCBI,Male,0,Yes,Yes,7,Yes,No,DSL,No,No,No,No,No,Yes,Month-to-month,No,Credit card (automatic),69.36,505.45,No
9868-XCSYW,Male,0,Yes,Yes,4,Yes,Yes,Fiber optic,Yes,No,No,No,No,Yes,One year,No,Electronic check,106.79,435.35,No
9946-HOHXT,Female,0,Yes,No,25,Yes,Yes,DSL,No,Yes,Yes,Yes,No,No,Month-to-month,Yes,Credit card (automatic),92.96,2389.9,No
1667-IWCIT,Male,0,Yes,Yes,1,Yes,No,DSL,No,Yes,No,No,Yes,No,Month-to-month,No,Mailed check,70.49,67.1,Yes
3242-BYPCM,Female,0,Yes,No,65,Yes,Yes,Fiber optic,Yes,No,No,No,No,No,One year,Yes,Mailed check,90.69,5850.65,No
8687-VKCEY,Male,1,Yes,No,50,Yes,No,Fiber optic,Yes,No,No,No,No,No,One year,Yes,Bank transfer (automatic),78.05,4069.3,No
5056-CEQOW,Male,0,Yes,No,11,Yes,Yes,No,No internet service,No internet service,No internet service,No internet service,No internet service,No internet service,Month-to-month,Yes,Electronic check,41.08,437.64,Yes
1275-MSDTV,Male,0,No,No,66,Yes,Yes,DSL,No,Yes,Yes,No,No,No,Month-to-month,Yes,Credit card (automatic),87.74,5984.12,No
9350-GKRWO,Female,1,Yes,No,11,Yes,Yes,DSL,No,Yes,No,Yes,No,No,Month-to-month,Yes,Bank transfer (automatic),77.78,815.88,No
4072-MGLPK,Female,0,No,No,29,Yes,No,DSL,No,No,Yes,Yes,No,No,Month-to-month,Yes,Mailed check,67.4,1906.74,No
9647-HDZKP,Male,0,No,No,60,Yes,Yes,No,No internet service,No internet service,No internet service,No internet service,No internet service,No internet service,Month-to-month,No,Electronic check,46.36,2704.26,No
5413-GWDKQ,Male,0,Yes,No,13,Yes,No,No,No internet service,No internet service,No internet service,No internet service,No internet service,No internet service,One year,Yes,Mailed check,31.83,393.71,No
9153-ACPTR,Male,0,Yes,No,1,Yes,No,Fiber optic,Yes,Yes,No,No,Yes,No,Month-to-month,Yes,Bank transfer (automatic),107.44,109.49,No
4020-VPZGS,Male,0,Yes,No,5,Yes,No,No,No internet service,No internet service,No internet service,No internet service,No internet service,No internet service,Month-to-month,Yes,Bank transfer (automatic),30.96,159.79,No
4782-ZTTRD,Male,0,No,No,6,No,No phone service,DSL,No,No,No,Yes,Yes,No,Month-to-month,Yes,Mailed check,69.2,407.95,No
4573-HCAFC,Male,0,Yes,No,34,Yes,No,DSL,No,No,No,Yes,Yes,Yes,Month-to-month,No,Electronic check,83.27,2859.64,Yes
1225-KILDQ,Female,1,Yes,Yes,4,Yes,Yes,No,No internet service,No internet service,No internet service,No internet service,No internet service,No internet service,Month-to-month,Yes,Bank transfer (automatic),35.65,138.5,No
3019-WIKRR,Male,1,Yes,Yes,18,Yes,Yes,No,No internet service,No internet service,No internet service,No internet service,No internet service,No internet service,One year,No,Electronic check,38.31,667.19,No
8264-RWDKE,Male,1,No,No,1,Yes,Yes,DSL,No,No,Yes,Yes,No,No,Month-to-month,No,Credit card (automatic),75.74,75.05,No
4977-MYLGL,Female,0,Yes,Yes,6,Yes,No,DSL,No,Yes,No,No,Yes,Yes,Month-to-month,Yes,Mailed check,80.82,468.75,No
3598-BXBLH,Male,0,No,No,66,Yes,No,No,No internet service,No internet service,No internet service,No internet service,No internet service,No internet service,Month-to-month,Yes,Credit card (automatic),31.79,2160.56,No
7773-CHHET,Female,0,No,No,19,Yes,No,DSL,Yes,No,Yes,Yes,No,No,One year,Yes,Mailed check,76.64,1419.56,No
8753-UNPJQ,Male,0,No,No,46,Yes,Yes,No,No internet service,No internet service,No internet service,No internet service,No internet service,No internet service,Two year,Yes,Mailed check,44.2,1942.07,No
8362-FWVZH,Female,1,No,No,1,Yes,No,Fiber optic,No,No,Yes,No,Yes,No,Month-to-month,Yes,Bank transfer (automatic),92.88,96.3,No
8870-FXAGM,Female,0,No,No,5,Yes,Yes,Fiber optic,No,Yes,No,Yes,No,Yes,Month-to-month,No,Mailed check,110.7,576.14,No
4586-ZOQDG,Female,1,No,No,5,Yes,Yes,Fiber optic,No,Yes,No,No,Yes,Yes,Month-to-month,No,Electronic check,114.42,579.52,Yes
7075-NRHRU,Female,0,No,No,28,Yes,No,Fiber optic,Yes,No,Yes,No,Yes,No,Month-to-month,No,Credit card (automatic),95.91,2583.83,No
7614-AOXGH,Male,1,Yes,Yes,16,Yes,No,DSL,No,No,No,No,No,Yes,Month-to-month,No,Bank transfer (automatic),65.09,1063.85,No
5002-TROPU,Female,1,Yes,No,39,Yes,No,DSL,No,Yes,No,No,No,Yes,One year,No,Bank transfer (automatic),71.57,2696.77,No
9682-XQZAY,Male,0,No,No,71,Yes,Yes,Fiber optic,No,Yes,No,No,Yes,No,One year,Yes,Bank transfer (automatic),108.86,7527.13,No
6363-TUKIM,Male,0,No,No,4,Yes,Yes,Fiber optic,Yes,No,Yes,No,No,No,One year,Yes,Bank transfer (automatic),100.08,390.15,No
4069-CHTGU,Male,0,No,No,26,Yes,Yes,Fiber optic,No,No,No,Yes,No,No,One year,No,Electronic check,94.6,2526.81,No
4268-QRYOJ,Female,0,No,No,7,Yes,Yes,DSL,No,No,No,No,No,Yes,Month-to-month,Yes,Electronic check,85.89,575.05,No
7224-MFGBI,Male,0,No,No,58,Yes,No,Fiber optic,Yes,No,No,No,No,Yes,Two year,Yes,Bank transfer (automatic),94.03,5535.76,No
8723-TNMLO,Female,0,Yes,Yes,59,Yes,No,DSL,No,No,No,No,Yes,Yes,Month-to-month,Yes,Credit card (automatic),74.26,4245.71,No
2249-CXGWF,Female,1,No,No,69,No,No phone service,DSL,No,No,No,Yes,Yes,No,Month-to-month,No,Bank transfer (automatic),60.77,4219.19,No
7756-NTCZO,Female,0,Yes,No,3,Yes,Yes,No,No internet service,No internet service,No internet service,No internet service,No internet service,No internet service,Month-to-month,No,Credit card (automatic),49.6,145.79,No
3223-FFJAA,Female,0,No,No,34,Yes,No,Fiber optic,No,No,Yes,No,Yes,Yes,Two year,No,Credit card (automatic),102.92,3395.37,No
7703-DHPLF,Male,0,No,No,15,Yes,Yes,Fiber optic,No,Yes,Yes,Yes,Yes,Yes,Two year,No,Electronic check,118.75,1818.73,No
6583-YPCGP,Male,0,No,No,10,Yes,Yes,Fiber optic,Yes,No,No,No,No,Yes,Month-to-month,No,Mailed check,101.62,1050.76,No
4951-BRORS,Male,0,Yes,No,34,Yes,Yes,Fiber optic,No,No,No,No,Yes,Yes,Two year,No,Bank transfer (automatic),103.22,3649.01,No
1104-YMZUX,Male,0,Yes,Yes,18,Yes,No,No,No internet service,No internet service,No internet service,No internet service,No internet service,No internet service,One year,Yes,Mailed check,29.73,529.56,No
2639-CPYHL,Male,0,Yes,Yes,30,Yes,Yes,Fiber optic,No,No,No,No,Yes,No,Month-to-month,No,Bank transfer (automatic),97.51,2889.71,No
6717-YTOET,Male,0,No,No,72,Yes,No,DSL,No,Yes,Yes,No,No,Yes,Two year,Yes,Electronic check,74.96,5528.53,No
1349-RFVGB,Male,0,No,No,46,No,No phone service,DSL,Yes,No,No,Yes,Yes,No,Two year,Yes,Bank transfer (automatic),68.29,3273.77,No
3939-FFDLR,Female,0,Yes,Yes,49,Yes,Yes,DSL,No,No,Yes,Yes,Yes,No,Month-to-month,Yes,Bank transfer (automatic),88.95,4497.78,No
4696-QASSJ,Female,0,No,No,5,Yes,No,DSL,Yes,Yes,No,No,Yes,Yes,Month-to-month,No,Credit card (automatic),85.09,423.54,No
5908-VLRVE,Male,0,No,No,13,Yes,Yes,Fiber optic,Yes,Yes,Yes,No,No,Yes,One year,Yes,Credit card (automatic),115.46,1507.05,No
7194-AJNRX,Female,0,Yes,Yes,43,No,No phone service,DSL,No,Yes,Yes,No,No,Yes,Two year,No,Mailed check,68.49,2834.63,No
2778-CEBKL,Male,1,Yes,No,45,Yes,Yes,DSL,No,Yes,Yes,No,No,Yes,One year,Yes,Electronic check,93.88,4148.01,No
3722-GNORY,Male,0,No,Yes,26,Yes,No,DSL,Yes,Yes,No,No,No,No,Month-to-month,Yes,Mailed check,71.82,1795.58,No
6407-XEZNO,Female,0,No,No,54,Yes,Yes,No,No internet service,No internet service,No internet service,No internet service,No internet service,No internet service,Month-to-month,Yes,Bank transfer (automatic),44.29,2347.66,No
8357-LPUHG,Male,0,No,No,6,Yes,Yes,DSL,Yes,No,No,No,Yes,No,Month-to-month,Yes,Mailed check,77.85,466.06,Yes
4508-YUVFH,Male,0,No,No,62,Yes,No,Fiber optic,Yes,Yes,No,No,No,Yes,Month-to-month,Yes,Credit card (automatic),99.19,6162.06,No
9772-MCPUD,Female,1,No,No,5,Yes,No,DSL,No,No,No,No,Yes,Yes,Month-to-month,Yes,Electronic check,78.24,387.57,Yes
1881-FSYCM,Female,0,Yes,No,63,Yes,Yes,DSL,No,Yes,No,Yes,No,Yes,One year,Yes,Bank transfer (automatic),88.13,5283.24,No
3215-BEWUG,Female,0,No,No,67,Yes,No,No,No internet service,No internet service,No internet service,No internet service,No internet service,No internet service,Two year,Yes,Bank transfer (automatic),35.32,2374.42,No
1831-NPWGO,Female,0,Yes,Yes,3,Yes,Yes,DSL,No,No,Yes,No,Yes,Yes,Month-to-month,No,Electronic check,95.16,281.62,Yes
6556-NCGOV,Female,0,Yes,Yes,1,Yes,No,Fiber optic,No,No,Yes,No,Yes,Yes,Month-to-month,No,Electronic check,102.33,102.01,No
1721-LWFUF,Male,0,Yes,Yes,6,Yes,No,Fiber optic,Yes,No,No,No,Yes,No,Month-to-month,Yes,Bank transfer (automatic),88.6,509.26,Yes
2464-NQBSO,Male,0,Yes,No,69,Yes,No,Fiber optic,Yes,No,Yes,Yes,No,Yes,Two year,No,Bank transfer (automatic),99.28,6889.51,No
6273-LRZIA,Male,0,No,Yes,66,Yes,Yes,Fiber optic,No,No,No,Yes,Yes,Yes,Two year,No,Credit card (automatic),112.87,7686.62,No
1188-UURWS,Male,0,No,Yes,5,Yes,No,Fiber optic,No,No,No,No,Yes,No,Month-to-month,Yes,Bank transfer (automatic),80.1,384.76,No
2370-ITVPC,Female,0,Yes,Yes,64,Yes,Yes,Fiber optic,No,No,Yes,No,Yes,No,Month-to-month,Yes,Bank transfer (automatic),106.87,6688.88,No
4119-MULXQ,Male,0,No,No,71,Yes,Yes,No,No internet service,No internet service,No internet service,No internet service,No internet service,No internet service,One year,No,Mailed check,41.18,2871.79,No
1937-UTPSZ,Female,0,No,No,9,Yes,No,Fiber optic,Yes,No,Yes,No,No,No,Month-to-month,Yes,Electronic check,83.14,713.62,Yes
6125-JCXQT,Female,0,No,No,52,Yes,No,Fiber optic,No,No,Yes,Yes,No,Yes,Two year,Yes,Mailed check,93.39,4828.95,No
5273-EODRO,Female,0,No,No,15,Yes,No,Fiber optic,Yes,No,Yes,Yes,Yes,Yes,Month-to-month,Yes,Bank transfer (automatic),118.75,1715.18,No
5705-MXBET,Female,0,Yes,No,23,Yes,No,Fiber optic,No,No,No,Yes,Yes,Yes,One year,Yes,Credit card (automatic),97.19,2158.55,No
9215-QBJBL,Female,0,No,No,8,Yes,Yes,Fiber optic,No,Yes,No,Yes,Yes,Yes,Month-to-month,No,Bank transfer (automatic),118.05,954.0,No
1430-BBRXJ,Male,0,No,No,1,Yes,No,Fiber optic,No,No,No,No,Yes,Yes,Month-to-month,No,Bank transfer (automatic),94.36,93.53,No
6594-CSHDJ,Female,0,No,No,4,Yes,Yes,DSL,No,No,No,No,Yes,Yes,Month-to-month,Yes,Mailed check,90.08,370.84,Yes
3014-GDHFI,Male,0,No,No,9,Yes,No,No,No internet service,No internet service,No internet service,No internet service,No internet service,No internet service,Month-to-month,Yes,Mailed check,30.59,261.61,No
1802-JVUJB,Female,1,No,No,36,Yes,No,Fiber optic,Yes,Yes,Yes,No,Yes,No,Two year,No,Mailed check,104.26,3895.6,No
1645-QBFKW,Male,0,No,No,64,Yes,Yes,DSL,Yes,No,Yes,No,No,Yes,Two year,Yes,Mailed check,93.77,6040.01,No
8537-QUAQQ,Female,0,No,Yes,61,Yes,No,DSL,No,No,Yes,No,Yes,No,One year,No,Mailed check,71.43,4436.57,No
9615-EBGBD,Female,0,No,No,62,Yes,No,No,No internet service,No internet service,No internet service,No internet service,No internet service,No internet service,Two year,Yes,Credit card (automatic),37.53,2290.36,No
7417-GNXXT,Male,1,Yes,No,65,Yes,No,Fiber optic,No,Yes,No,No,Yes,No,One year,No,Electronic check,90.45,5612.2,No
5286-QGWEY,Male,0,Yes,Yes,41,Yes,Yes,DSL,No,Yes,No,No,Yes,No,One year,Yes,Mailed check,74.51,2983.85,No
9166-WGFSE,Female,1,Yes,Yes,59,Yes,Yes,Fiber optic,No,No,No,No,Yes,Yes,Two year,No,Credit card (automatic),99.81,5774.24,No
2051-KGRDK,Male,1,No,No,5,Yes,No,Fiber optic,No,Yes,No,Yes,Yes,Yes,Month-to-month,Yes,Mailed check,106.21,525.21,No
5835-SNQRH,Female,0,No,No,39,Yes,Yes,DSL,No,No,Yes,No,Yes,Yes,Two year,Yes,Credit card (automatic),86.56,3450.11,No
5875-EGKSJ,Female,1,Yes,Yes,71,Yes,No,Fiber optic,No,Yes,Yes,No,Yes,Yes,Two year,Yes,Bank transfer (automatic),109.76,8007.43,No
9656-LCYGM,Male,0,No,No,13,Yes,No,Fiber optic,No,No,Yes,Yes,Yes,No,Month-to-month,Yes,Electronic check,100.24,1356.43,No
1668-VHZKJ,Male,1,No,No,24,Yes,Yes,Fiber optic,No,Yes,Yes,Yes,No,No,Month-to-month,Yes,Electronic check,109.15,2511.11,Yes
7122-TWBKF,Male,0,No,No,8,No,No phone service,Fiber optic,No,Yes,No,No,Yes,No,Month-to-month,No,Electronic check,78.22,631.98,No
7046-IRHYX,Female,0,Yes,No,48,Yes,Yes,Fiber optic,No,No,Yes,No,Yes,Yes,Two year,Yes,Bank transfer (automatic),110.71,5113.09,No
1381-RMIUW,Male,0,No,No,61,Yes,No,DSL,Yes,No,No,Yes,No,Yes,Two year,Yes,Bank transfer (automatic),79.4,4992.27,No
9404-OVNXU,Female,0,No,Yes,33,Yes,No,DSL,Yes,No,No,No,Yes,Yes,Month-to-month,No,Bank transfer (automatic),77.63,2522.84,No
2785-JONEZ,Male,0,No,No,20,No,No phone service,Fiber optic,No,Yes,No,No,No,No,One year,Yes,Credit card (automatic),73.35,1411.12,No
6432-SDPSR,Female,0,No,No,19,No,No phone service,No,No internet service,No internet service,No internet service,No internet service,No internet service,No internet service,One year,Yes,Electronic check,22.14,416.93,No
6569-ARBWG,Female,0,No,No,9,Yes,No,Fiber optic,No,No,Yes,No,No,No,Month-to-month,Yes,Electronic check,82.77,750.98,No
4541-FTJVG,Female,0,Yes,No,7,Yes,Yes,DSL,No,Yes,Yes,No,No,No,Month-to-month,Yes,Electronic check,78.2,567.39,Yes
6162-WDSUU,Male,0,No,No,47,Yes,Yes,DSL,Yes,Yes,No,Yes,No,Yes,Two year,Yes,Mailed check,92.98,4448.92,No
2475-CPNSU,Female,0,Yes,No,20,Yes,Yes,No,No internet service,No internet service,No internet service,No internet service,No internet service,No internet service,Month-to-month,Yes,Mailed check,43.91,896.05,Yes
9919-BZGCR,Female,0,Yes,No,64,No,No phone service,Fiber optic,No,No,Yes,Yes,Yes,Yes,Two year,No,Electronic check,100.34,6514.17,No
9070-FKIFW,Female,0,Yes,Yes,39,Yes,Yes,Fiber optic,No,No,Yes,Yes,Yes,Yes,Month-to-month,No,Electronic check,114.52,4377.17,No
1569-SYXPN,Female,0,Yes,Yes,58,Yes,No,Fiber optic,No,No,Yes,Yes,No,No,Month-to-month,No,Mailed check,93.28,5146.57,No
6364-ZCYWU,Male,0,Yes,No,4,Yes,No,DSL,Yes,Yes,Yes,Yes,No,No,Month-to-month,Yes,Credit card (automatic),75.59,305.74,Yes
9592-XAEVZ,Male,0,No,No,2,Yes,Yes,DSL,No,Yes,Yes,Yes,No,No,Two year,No,Bank transfer (automatic),79.74,158.14,No
1481-PIKOV,Female,1,No,No,57,Yes,No,No,No internet service,No internet service,No internet service,No internet service,No internet service,No internet service,One year,Yes,Credit card (automatic),30.15,1668.98,No
9583-YGJMS,Male,0,Yes,No,25,Yes,No,DSL,Yes,No,Yes,No,Yes,Yes,One year,No,Bank transfer (automatic),90.82,2375.47,No
5323-SVPYX,Female,1,No,No,60,Yes,No,No,No internet service,No internet service,No internet service,No internet service,No internet service,No internet service,Two year,No,Credit card (automatic),21.99,1305.08,No
1050-WRKPI,Female,0,Yes,Yes,12,Yes,Yes,Fiber optic,No,No,Yes,Yes,Yes,No,Month-to-month,Yes,Electronic check,110.64,1295.11,No
1949-BPVWQ,Male,0,Yes,Yes,18,No,No phone service,Fiber optic,No,Yes,Yes,No,Yes,Yes,Two year,Yes,Credit card (automatic),100.78,1724.72,No
5699-CHGNI,Female,0,No,No,10,Yes,Yes,Fiber optic,No,Yes,No,No,Yes,No,Month-to-month,Yes,Bank transfer (automatic),110.69,1137.23,Yes
1432-PTKES,Male,0,No,No,49,No,No phone service,No,No internet service,No internet service,No internet service,No internet service,No internet service,No internet service,One year,No,Bank transfer (automatic),21.71,1029.55,No
4532-PNBLI,Female,0,No,Yes,72,No,No phone service,DSL,Yes,Yes,No,Yes,No,No,Month-to-month,Yes,Bank transfer (automatic),65.1,4641.93,No
7852-BGATS,Female,0,Yes,Yes,42,Yes,No,Fiber optic,Yes,No,No,No,Yes,Yes,Two year,Yes,Mailed check,105.97,4495.63,No
3130-NKTVQ,Female,0,No,No,8,No,No phone service,DSL,No,Yes,Yes,No,No,No,One year,Yes,Mailed check,63.31,484.61,No
6529-GYLZT,Male,0,No,No,4,Yes,No,Fiber optic,Yes,Yes,No,Yes,Yes,Yes,Month-to-month,No,Credit card (automatic),118.75,472.17,No
9508-SDDUA,Male,0,No,No,4,No,No phone service,No,No internet service,No internet service,No internet service,No internet service,No internet service,No internet service,Month-to-month,Yes,Mailed check,18.98,72.47,No
1690-YWBXJ,Female,0,Yes,Yes,58,Yes,Yes,DSL,No,No,Yes,Yes,No,No,One year,Yes,Mailed check,74.68,4292.78,No
7518-WCWAE,Female,0,No,No,5,Yes,No,Fiber optic,Yes,Yes,No,Yes,No,No,Two year,Yes,Bank transfer (automatic),89.59,432.01,No
8465-BYFYT,Female,0,No,No,65,Yes,No,Fiber optic,No,No,No,Yes,No,No,One year,Yes,Credit card (automatic),77.22,4779.22,No
5161-XJVNE,Male,0,No,No,29,Yes,Yes,No,No internet service,No internet service,No internet service,No internet service,No internet service,No internet service,Two year,Yes,Electronic check,46.46,1307.13,No
2782-MWLOX,Male,0,Yes,Yes,8,Yes,Yes,DSL,Yes,No,No,Yes,Yes,No,Month-to-month,Yes,Credit card (automatic),86.75,703.89,No
4454-ZVHZD,Male,0,No,No,66,Yes,Yes,Fiber optic,No,Yes,No,Yes,No,No,Two year,Yes,Credit card (automatic),90.89,6186.71,No
5980-XANLF,Female,1,Yes,No,2,Yes,No,No,No internet service,No internet service,No internet service,No internet service,No internet service,No internet service,Month-to-month,No,Electronic check,23.74,47.86,No
5889-GWXTN,Male,0,No,No,68,No,No phone service,Fiber optic,Yes,No,Yes,No,No,No,Two year,Yes,Electronic check,75.76,4937.46,No
7675-BGJSB,Male,0,Yes,No,47,Yes,Yes,No,No internet service,No internet service,No internet service,No internet service,No internet service,No internet service,Month-to-month,Yes,Credit card (automatic),44.08,1973.49,No
7071-LSPBJ,Female,0,Yes,Yes,57,Yes,No,No,No internet service,No internet service,No internet service,No internet service,No internet service,No internet service,Two year,Yes,Electronic check,32.02,1910.65,No
2062-UHEAZ,Male,0,No,No,68,No,No phone service,Fiber optic,Yes,No,No,Yes,Yes,Yes,Two year,Yes,Credit card (automatic),102.85,7283.31,No
5181-PETSQ,Female,0,Yes,No,59,No,No phone service,Fiber optic,No,Yes,No,No,No,Yes,Two year,No,Electronic check,81.78,4966.3,No
7893-TOJUH,Female,0,Yes,No,8,Yes,No,DSL,Yes,No,Yes,Yes,Yes,Yes,Month-to-month,Yes,Electronic check,86.47,693.84,No
8474-CNDUP,Female,0,Yes,Yes,13,Yes,No,Fiber optic,No,Yes,Yes,No,No,Yes,Month-to-month,Yes,Bank transfer (automatic),99.91,1278.46,Yes
5066-DOHUX,Male,0,Yes,Yes,6,Yes,No,DSL,No,Yes,No,No,Yes,Yes,Month-to-month,No,Mailed check,82.46,511.63,No
4185-YXCVU,Male,0,No,No,46,Yes,No,DSL,No,No,No,No,Yes,No,Two year,Yes,Credit card (automatic),70.03,3308.5,No
4654-HDZKO,Female,0,No,No,48,Yes,No,DSL,Yes,No,No,Yes,Yes,No,One year,No,Electronic check,78.08,3715.84,No
1897-KSZMK,Female,0,No,No,4,Yes,Yes,DSL,Yes,No,No,No,Yes,No,Month-to-month,No,Electronic check,79.55,315.21,Yes
2928-LKXQE,Female,0,Yes,No,4,Yes,Yes,Fiber optic,Yes,No,Yes,No,No,No,Month-to-month,No,Bank transfer (automatic),93.6,373.2,Yes
4537-IYSNF,Male,0,No,No,67,Yes,No,DSL,No,No,No,Yes,No,Yes,One year,Yes,Mailed check,70.12,4512.77,No
6927-QXNRO,Female,0,No,No,29,Yes,Yes,No,No internet service,No internet service,No internet service,No internet service,No internet service,No internet service,Month-to-month,No,Bank transfer (automatic),40.42,1198.09,No
1286-VZVXY,Female,0,No,Yes,59,Yes,No,No,No internet service,No internet service,No internet service,No internet service,No internet service,No internet service,One year,No,Electronic check,27.28,1568.31,No
2930-ZXOLA,Female,0,No,No,58,Yes,No,Fiber optic,Yes,No,No,No,No,No,Two year,No,Credit card (automatic),85.21,5182.06,No
3412-KTODR,Female,1,No,No,3,Yes,Yes,Fiber optic,No,No,No,No,No,Yes,Month-to-month,Yes,Electronic check,98.05,289.54,Yes
2531-UJJKB,Female,0,No,No,1,Yes,No,Fiber optic,No,Yes,No,Yes,No,Yes,Month-to-month,No,Mailed check,100.64,98.85,Yes
4549-AMLRR,Female,0,Yes,No,69,Yes,No,Fiber optic,Yes,No,No,Yes,Yes,No,Two year,No,Bank transfer (automatic),103.09,7245.69,No
3387-TUIIY,Male,0,Yes,No,29,Yes,No,DSL,No,Yes,Yes,Yes,Yes,No,Month-to-month,Yes,Electronic check,85.39,2536.8,No
2969-GEGOG,Male,0,No,No,2,No,No phone service,Fiber optic,No,Yes,No,No,Yes,Yes,Month-to-month,Yes,Electronic check,84.9,172.14,Yes
6091-WHXWV,Male,0,No,No,22,Yes,Yes,Fiber optic,No,Yes,No,Yes,Yes,Yes,One year,No,Electronic check,117.48,2586.11,No
3690-MFAWL,Male,0,Yes,Yes,17,Yes,No,DSL,No,No,Yes,No,Yes,Yes,One year,No,Electronic check,79.86,1334.34,Yes
7400-XKZDZ,Male,0,Yes,Yes,60,Yes,No,DSL,Yes,No,No,Yes,Yes,No,Two year,Yes,Credit card (automatic),84.2,4905.47,No
7343-NBRVI,Male,0,No,No,13,Yes,No,Fiber optic,Yes,No,Yes,No,No,Yes,One year,No,Mailed check,96.98,1273.48,No
1417-BBNPH,Male,0,No,Yes,46,Yes,No,No,No internet service,No internet service,No internet service,No internet service,No internet service,No internet service,Two year,No,Electronic check,38.47,1720.02,No
5801-QBTBK,Male,0,Yes,No,1,Yes,Yes,No,No internet service,No internet service,No internet service,No internet service,No internet service,No internet service,Month-to-month,Yes,Credit card (automatic),39.12,38.68,Yes
3903-WNWYQ,Female,0,Yes,No,69,Yes,Yes,Fiber optic,Yes,No,Yes,No,No,Yes,Month-to-month,Yes,Electronic check,103.75,7205.32,No
3353-BJQHX,Female,0,No,No,16,Yes,Yes,Fiber optic,No,No,Yes,Yes,Yes,No,Month-to-month,Yes,Credit card (automatic),112.14,1810.62,No
8219-LHESL,Male,0,No,No,67,Yes,Yes,Fiber optic,No,Yes,Yes,No,Yes,No,One year,Yes,Electronic check,110.65,7733.32,No
3289-STKDD,Female,0,Yes,Yes,3,Yes,No,Fiber optic,Yes,Yes,Yes,No,Yes,Yes,Month-to-month,Yes,Bank transfer (automatic),115.66,335.14,No
1318-OCWSV,Female,0,No,No,28,Yes,Yes,DSL,No,Yes,Yes,Yes,Yes,Yes,Month-to-month,No,Electronic check,106.7,2980.39,No
7299-YZOYB,Male,0,No,Yes,4,No,No phone service,Fiber optic,No,No,No,Yes,Yes,No,Month-to-month,Yes,Credit card (automatic),87.79,363.94,No
5317-AYRGZ,Male,0,No,No,65,Yes,No,DSL,No,No,No,No,Yes,Yes,Two year,Yes,Electronic check,73.96,4701.66,No
4251-FGYYI,Male,0,No,Yes,44,Yes,Yes,Fiber optic,Yes,No,Yes,Yes,No,Yes,Two year,Yes,Mailed check,111.91,4935.32,No
3805-FXKMY,Female,0,No,No,22,Yes,Yes,No,No internet service,No internet service,No internet service,No internet service,No internet service,No internet service,Two year,No,Electronic check,39.75,884.11,No
8606-AWXEC,Female,0,Yes,Yes,68,Yes,No,No,No internet service,No internet service,No internet service,No internet service,No internet service,No internet service,Two year,No,Mailed check,28.0,1938.9,No
3676-ACTGN,Male,0,Yes,Yes,9,Yes,No,Fiber optic,Yes,Yes,No,No,No,Yes,Month-to-month,Yes,Mailed check,97.0,885.03,Yes
6206-DMOID,Male,0,Yes,No,2,Yes,No,DSL,No,No,No,No,Yes,Yes,Month-to-month,Yes,Credit card (automatic),73.29,146.88,No
4575-LXOHP,Male,0,Yes,No,15,Yes,No,Fiber optic,Yes,No,No,No,Yes,No,Month-to-month,Yes,Credit card (automatic),95.38,1391.91,No
3763-WIDKN,Male,0,Yes,No,13,Yes,No,Fiber optic,No,Yes,No,No,Yes,No,One year,No,Credit card (automatic),93.96,1256.86,No
2548-LHBLR,Male,0,Yes,Yes,61,Yes,No,No,No internet service,No internet service,No internet service,No internet service,No internet service,No internet service,Month-to-month,Yes,Electronic check,29.97,1906.74,No
2664-KNYXT,Male,0,No,No,1,Yes,Yes,No,No internet service,No internet service,No internet service,No internet service,No internet service,No internet service,Month-to-month,Yes,Electronic check,44.61,45.4,Yes
9186-REEAE,Female,0,No,No,7,Yes,No,DSL,No,No,No,No,No,Yes,Month-to-month,No,Bank transfer (automatic),66.61,458.58,No
2511-WXPVC,Female,1,No,No,40,No,No phone service,DSL,No,Yes,No,Yes,No,Yes,Month-to-month,Yes,Bank transfer (automatic),68.57,2879.04,No
4168-GYKOI,Male,0,No,No,1,Yes,No,No,No internet service,No internet service,No internet service,No internet service,No internet service,No internet service,One year,Yes,Credit card (automatic),34.23,33.3,No
9049-URLTW,Female,1,Yes,No,10,Yes,No,No,No internet service,No internet service,No internet service,No internet service,No internet service,No internet service,Month-to-month,Yes,Bank transfer (automatic),33.45,351.21,No
4795-WOWWE,Male,1,Yes,Yes,14,No,No phone service,DSL,No,No,Yes,No,No,No,One year,Yes,Electronic check,49.03,687.14,No
6217-KIOLT,Male,0,Yes,No,66,No,No phone service,Fiber optic,No,No,Yes,Yes,No,No,One year,No,Mailed check,80.71,5345.46,No
9074-UPSLR,Male,1,No,No,55,Yes,No,DSL,No,Yes,No,Yes,No,Yes,One year,No,Mailed check,79.23,4393.72,No
2949-LSKYG,Female,0,Yes,No,4,Yes,No,DSL,No,No,No,Yes,Yes,Yes,Month-to-month,Yes,Credit card (automatic),82.36,317.37,Yes
7636-NUWAT,Female,0,No,No,66,Yes,No,No,No internet service,No internet service,No internet service,No internet service,No internet service,No internet service,Two year,No,Mailed check,32.72,2202.26,No
7162-OCVEQ,Female,0,No,No,59,Yes,Yes,Fiber optic,No,No,Yes,No,Yes,No,Two year,Yes,Bank transfer (automatic),102.01,5997.92,No
6372-RCKWJ,Male,0,Yes,No,17,Yes,No,DSL,No,No,No,Yes,No,No,Month-to-month,No,Mailed check,65.28,1088.69,No
6489-OLCGO,Female,0,Yes,Yes,20,Yes,Yes,DSL,No,No,Yes,No,Yes,Yes,Month-to-month,Yes,Electronic check,90.98,1864.45,Yes
2193-NUEZD,Male,0,No,No,32,Yes,No,No,No internet service,No internet service,No internet service,No internet service,No internet service,No internet service,Two year,No,Mailed check,32.76,1071.27,No
7519-ZTYON,Female,0,No,No,22,Yes,Yes,Fiber optic,No,No,No,Yes,No,No,Month-to-month,Yes,Electronic check,92.45,1940.81,No
5399-GQOUW,Male,0,No,No,47,Yes,No,No,No internet service,No internet service,No internet service,No internet service,No internet service,No internet service,One year,No,Mailed check,33.15,1522.63,No
3594-DXWUY,Male,0,Yes,Yes,64,No,No phone service,Fiber optic,Yes,Yes,Yes,No,Yes,Yes,Two year,No,Electronic check,104.62,6520.1,No
4765-ROZPR,Female,1,No,No,60,No,No phone service,Fiber optic,No,No,No,No,No,Yes,Two year,Yes,Electronic check,78.82,4654.2,No
9312-ZQHPV,Female,0,Yes,No,1,Yes,No,Fiber optic,No,No,No,No,Yes,No,Month-to-month,No,Bank transfer (automatic),85.19,84.52,No
9391-OBCJQ,Male,0,No,No,5,Yes,No,No,No internet service,No internet service,No internet service,No internet service,No internet service,No internet service,Month-to-month,No,Electronic check,20.12,104.07,No
9315-LVXSL,Female,0,No,No,3,Yes,No,DSL,Yes,Yes,Yes,Yes,No,Yes,Month-to-month,Yes,Bank transfer (automatic),92.35,282.7,Yes
6848-YGOLM,Male,0,No,No,64,Yes,No,Fiber optic,No,Yes,Yes,Yes,Yes,Yes,Two year,Yes,Electronic check,112.07,7443.97,No
9835-TRAQH,Female,0,Yes,Yes,13,Yes,No,Fiber optic,No,No,No,No,Yes,No,Month-to-month,Yes,Bank transfer (automatic),89.46,1184.09,No
2277-ZBQZM,Female,0,No,Yes,18,Yes,No,No,No internet service,No internet service,No internet service,No internet service,No internet service,No internet service,Month-to-month,No,Electronic check,28.67,496.44,No
9719-MOWOL,Female,0,Yes,No,59,Yes,Yes,Fiber optic,No,No,Yes,No,No,No,Two year,Yes,Electronic check,99.21,5822.4,No
9146-SEVIO,Female,0,Yes,Yes,32,Yes,Yes,Fiber optic,No,No,Yes,No,Yes,Yes,Month-to-month,No,Mailed check,110.58,3590.43,No
9092-ZAQIN,Female,1,Yes,Yes,60,No,No phone service,DSL,No,No,Yes,No,Yes,No,One year,Yes,Credit card (automatic),56.78,3397.48,No
7530-QRUJS,Male,0,No,No,35,No,No phone service,Fiber optic,No,No,No,No,Yes,No,One year,Yes,Bank transfer (automatic),79.94,2691.56,No
1489-RWTKS,Female,0,No,No,68,Yes,No,Fiber optic,No,No,No,No,Yes,No,One year,No,Electronic check,85.45,5551.66,No
6437-ROADH,Male,0,Yes,No,6,Yes,No,No,No internet service,No internet service,No internet service,No internet service,No internet service,No internet service,One year,Yes,Bank transfer (automatic),24.46,144.6,No
9876-ETWGE,Male,0,No,No,1,Yes,No,DSL,Yes,Yes,Yes,No,Yes,Yes,Month-to-month,No,Mailed check,93.57,96.6,No
9578-KPFJV,Male,0,Yes,Yes,60,Yes,No,No,No internet service,No internet service,No internet service,No internet service,No internet service,No internet service,One year,Yes,Credit card (automatic),33.7,2077.11,No
5819-EGYRT,Male,0,Yes,Yes,64,Yes,Yes,DSL,No,No,Yes,Yes,No,Yes,Two year,Yes,Bank transfer (automatic),92.47,6170.49,No
5411-UVFYO,Female,0,Yes,Yes,1,Yes,No,DSL,Yes,No,Yes,Yes,Yes,No,Month-to-month,Yes,Credit card (automatic),85.08,85.58,No
2689-IECRI,Male,0,No,No,1,Yes,No,DSL,No,No,Yes,No,Yes,No,Month-to-month,No,Electronic check,76.33,75.91,Yes
9733-TSYEY,Female,0,No,No,63,Yes,No,No,No internet service,No internet service,No internet service,No internet service,No internet service,No internet service,Two year,Yes,Mailed check,26.22,1700.56,No
7374-EOKPW,Male,0,No,No,2,Yes,No,Fiber optic,Yes,No,Yes,Yes,Yes,No,Month-to-month,Yes,Electronic check,109.07,218.16,No
4641-IPRCW,Male,0,No,No,7,Yes,Yes,DSL,No,Yes,No,Yes,Yes,No,Month-to-month,Yes,Mailed check,89.62,609.68,No
9265-CSJAQ,Female,0,Yes,No,71,No,No phone service,DSL,No,Yes,No,No,No,Yes,Two year,Yes,Electronic check,61.11,4555.49,No
9502-GKWIP,Male,0,No,No,40,Yes,No,No,No internet service,No internet service,No internet service,No internet service,No internet service,No internet service,Month-to-month,No,Electronic check,32.36,1237.6,No
8991-UHGAH,Male,0,Yes,No,4,Yes,No,No,No internet service,No internet service,No internet service,No internet service,No internet service,No internet service,Month-to-month,Yes,Mailed check,30.92,128.83,No
2965-WXVBV,Female,0,No,No,14,Yes,No,Fiber optic,No,No,No,No,No,Yes,One year,No,Bank transfer (automatic),87.27,1183.64,Yes
8884-PEFVI,Male,0,No,No,50,No,No phone service,DSL,No,No,No,Yes,No,No,Month-to-month,No,Bank transfer (automatic),54.0,2804.87,No
4866-GAVFH,Female,0,No,No,14,Yes,No,No,No internet service,No internet service,No internet service,No internet service,No internet service,No internet service,Month-to-month,Yes,Mailed check,29.5,430.93,No
6328-HCVFF,Male,0,No,No,3,Yes,Yes,No,No internet service,No internet service,No internet service,No internet service,No internet service,No internet service,Month-to-month,No,Bank transfer (automatic),42.76,131.87,No
3842-JXVMV,Male,0,No,No,14,Yes,No,No,No internet service,No internet service,No internet service,No internet service,No internet service,No internet service,One year,Yes,Credit card (automatic),29.59,432.57,No
9593-CULIA,Female,1,Yes,Yes,62,Yes,No,No,No internet service,No internet service,No internet service,No internet service,No internet service,No internet service,Two year,Yes,Electronic check,27.72,1751.82,No
5354-YDWUH,Male,0,No,No,70,Yes,Yes,Fiber optic,No,Yes,No,No,No,No,One year,Yes,Mailed check,98.17,6768.63,No
2427-AJLQY,Male,0,Yes,Yes,16,Yes,No,No,No internet service,No internet service,No internet service,No internet service,No internet service,No internet service,Month-to-month,Yes,Credit card (automatic),24.09,401.5,No
2999-SNOPV,Male,0,Yes,Yes,71,Yes,No,No,No internet service,No internet service,No internet service,No internet service,No internet service,No internet service,Two year,No,Bank transfer (automatic),35.83,2426.46,No
8831-AJGNO,Male,0,No,Yes,9,Yes,No,No,No internet service,No internet service,No internet service,No internet service,No internet service,No internet service,One year,Yes,Electronic check,29.6,259.16,No
6706-KXYOX,Female,0,No,No,68,Yes,Yes,Fiber optic,No,No,No,No,No,No,Two year,No,Credit card (automatic),88.23,6227.24,No
8014-KYWPK,Male,0,Yes,No,18,Yes,Yes,Fiber optic,No,Yes,Yes,No,Yes,Yes,Month-to-month,Yes,Credit card (automatic),118.75,2171.8,No
8369-OHWDS,Female,0,No,No,72,Yes,Yes,Fiber optic,No,No,No,No,No,No,One year,No,Bank transfer (automatic),88.17,6550.12,No
9359-ITROI,Female,0,No,No,54,Yes,No,No,No internet service,No internet service,No internet service,No internet service,No internet service,No internet service,One year,Yes,Bank transfer (automatic),29.09,1566.74,No
7913-ZUISP,Male,0,No,No,52,Yes,Yes,DSL,No,Yes,No,Yes,Yes,Yes,Month-to-month,No,Electronic check,103.06,5515.95,Yes
3912-NHPDC,Female,0,No,No,26,Yes,Yes,DSL,Yes,No,No,No,Yes,Yes,Month-to-month,Yes,Mailed check,90.78,2335.61,No
8014-ZAYAB,Male,0,No,No,3,Yes,No,Fiber optic,No,Yes,No,Yes,No,No,Month-to-month,Yes,Electronic check,98.2,287.32,No
3554-UJFQG,Female,0,Yes,Yes,61,No,No phone service,Fiber optic,Yes,Yes,Yes,Yes,No,Yes,Two year,Yes,Mailed check,102.45,6400.75,No
4873-DWWVU,Male,0,No,No,4,Yes,Yes,DSL,No,No,Yes,No,Yes,Yes,Month-to-month,No,Mailed check,94.37,366.58,No
6199-BAIAF,Female,0,No,No,68,Yes,No,Fiber optic,No,No,No,No,Yes,No,One year,No,Electronic check,80.84,5363.23,No
7974-OECHW,Male,0,No,Yes,62,Yes,Yes,DSL,No,Yes,Yes,Yes,No,No,One year,Yes,Bank transfer (automatic),85.7,5091.21,No
9598-QKQSD,Male,0,No,No,16,Yes,No,No,No internet service,No internet service,No internet service,No internet service,No internet service,No internet service,Month-to-month,No,Bank transfer (automatic),34.26,554.55,No
4638-KXUSH,Female,0,Yes,Yes,2,Yes,Yes,DSL,Yes,No,Yes,No,Yes,No,Month-to-month,No,Electronic check,85.9,170.7,No
7771-DAJNT,Female,0,Yes,Yes,40,Yes,Yes,No,No internet service,No internet service,No internet service,No internet service,No internet service,No internet service,One year,Yes,Bank transfer (automatic),38.87,1601.23,No
3747-XHYBF,Male,0,Yes,Yes,56,No,No phone service,Fiber optic,No,No,Yes,Yes,No,No,One year,Yes,Mailed check,72.29,3846.6,No
3832-SVCDV,Male,1,Yes,No,4,Yes,No,No,No internet service,No internet service,No internet service,No internet service,No internet service,No internet service,One year,Yes,Mailed check,29.37,112.7,No
3069-FDVAH,Female,0,Yes,Yes,14,Yes,Yes,No,No internet service,No internet service,No internet service,No internet service,No internet service,No internet service,One year,Yes,Mailed check,41.54,591.85,No
2517-BTXNK,Female,0,Yes,Yes,10,Yes,Yes,No,No internet service,No internet service,No internet service,No internet service,No internet service,No internet service,Month-to-month,No,Electronic check,31.87,309.25,No
9020-ESMAE,Female,0,No,No,16,Yes,No,Fiber optic,No,Yes,Yes,No,Yes,Yes,Month-to-month,Yes,Credit card (automatic),108.91,1734.82,No
8727-KSREE,Female,0,No,No,2,Yes,Yes,DSL,Yes,No,Yes,No,No,No,Month-to-month,No,Mailed check,79.16,157.15,No
6735-MITJQ,Female,0,No,No,8,Yes,Yes,DSL,No,Yes,No,No,No,Yes,Month-to-month,Yes,Electronic check,86.42,660.54,Yes
8927-DEOAD,Female,0,No,No,71,Yes,Yes,Fiber optic,Yes,No,Yes,No,Yes,Yes,One year,No,Electronic check,118.75,8757.79,No
2478-NURLX,Male,0,Yes,Yes,12,No,No phone service,Fiber optic,Yes,No,Yes,Yes,Yes,Yes,Two year,No,Bank transfer (automatic),104.6,1269.31,No
4950-SKOEL,Male,0,Yes,Yes,67,Yes,No,Fiber optic,No,Yes,No,Yes,No,No,Two year,Yes,Mailed check,91.96,5978.81,No
2981-QELFL,Female,0,No,No,70,Yes,Yes,Fiber optic,No,Yes,No,Yes,Yes,No,One year,No,Mailed check,110.82,7406.85,No
4559-YRZYY,Female,0,No,No,24,Yes,Yes,Fiber optic,Yes,No,No,No,Yes,Yes,Month-to-month,Yes,Bank transfer (automatic),116.79,2671.77,Yes
6338-EEYXF,Male,0,No,No,57,Yes,Yes,Fiber optic,Yes,Yes,No,Yes,Yes,No,One year,Yes,Electronic check,116.22,6755.96,No
7749-WYTUR,Male,0,Yes,No,57,Yes,Yes,DSL,No,Yes,Yes,Yes,No,Yes,Month-to-month,Yes,Mailed check,98.35,5845.67,No
2234-QGOGE,Female,0,Yes,Yes,7,Yes,Yes,Fiber optic,No,Yes,No,No,Yes,Yes,Month-to-month,Yes,Bank transfer (automatic),111.25,799.19,No
6958-SGPXF,Male,1,No,No,16,Yes,No,Fiber optic,No,No,No,Yes,No,No,Month-to-month,No,Mailed check,85.68,1361.71,Yes
6047-GDSMT,Male,0,No,No,67,Yes,No,Fiber optic,No,Yes,No,No,Yes,No,Two year,Yes,Electronic check,93.97,6595.19,No
9078-FVHYO,Male,0,No,No,71,Yes,Yes,Fiber optic,Yes,Yes,No,No,No,No,Two year,No,Credit card (automatic),105.93,7237.11,No
5276-WPYMS,Male,1,No,No,3,Yes,Yes,DSL,No,No,Yes,No,Yes,No,Month-to-month,Yes,Mailed check,78.95,229.3,Yes
2908-ELVWL,Male,0,No,No,21,Yes,No,Fiber optic,No,Yes,Yes,No,Yes,No,Month-to-month,Yes,Credit card (automatic),106.0,2299.58,No
4060-OLEIR,Male,0,No,No,27,Yes,Yes,Fiber optic,No,Yes,No,Yes,No,No,One year,Yes,Mailed check,97.01,2530.0,No
8676-TXSFS,Male,0,No,No,3,No,No phone service,No,No internet service,No internet service,No internet service,No internet service,No internet service,No internet service,Month-to-month,Yes,Electronic check,18.25,52.84,No
6355-DYYND,Female,0,No,No,60,Yes,Yes,Fiber optic,No,No,No,Yes,Yes,Yes,Two year,Yes,Electronic check,116.75,7039.94,No
1460-VTCUK,Male,0,No,No,6,No,No phone service,DSL,No,No,Yes,Yes,No,No,Month-to-month,Yes,Electronic check,60.69,375.93,No
1889-OEWGO,Female,0,No,No,61,Yes,Yes,Fiber optic,No,No,No,Yes,Yes,Yes,One year,No,Credit card (automatic),109.42,6598.15,No
8628-NNOJF,Female,0,No,No,38,Yes,No,Fiber optic,No,Yes,No,No,Yes,Yes,Two year,Yes,Mailed check,101.88,3872.99,No
7098-RJGNY,Male,0,Yes,Yes,64,Yes,No,Fiber optic,No,Yes,Yes,No,No,No,Month-to-month,No,Credit card (automatic),91.94,6155.39,No
1662-FHHXQ,Female,0,No,No,12,Yes,Yes,Fiber optic,Yes,Yes,Yes,No,No,Yes,Month-to-month,Yes,Bank transfer (automatic),114.65,1340.41,No
6254-CBVEF,Male,0,No,No,1,Yes,No,DSL,Yes,Yes,No,Yes,Yes,No,Month-to-month,Yes,Credit card (automatic),83.6,82.08,No
2533-ADPUS,Female,0,Yes,Yes,1,Yes,No,DSL,No,No,No,No,No,Yes,Month-to-month,No,Mailed check,66.89,65.18,No
6705-RCFHW,Male,0,No,No,62,Yes,Yes,Fiber optic,Yes,No,Yes,No,No,Yes,Two year,No,Credit card (automatic),109.76,6796.22,No
9378-FPFAK,Female,0,Yes,Yes,38,Yes,No,No,No internet service,No internet service,No internet service,No internet service,No internet service,No internet service,Two year,Yes,Credit card (automatic),29.53,1090.39,No
8702-CRMPC,Female,0,No,No,8,Yes,Yes,DSL,No,No,No,No,Yes,No,Month-to-month,Yes,Electronic check,75.67,591.69,No
7517-BDDFD,Male,0,No,No,8,Yes,Yes,Fiber optic,No,Yes,Yes,No,Yes,No,Month-to-month,No,Credit card (automatic),114.19,953.37,Yes
8542-KTDCU,Male,0,Yes,No,62,Yes,No,No,No internet service,No internet service,No internet service,No internet service,No internet service,No internet service,Two year,No,Bank transfer (automatic),31.4,1890.2,No
2462-DJCXB,Female,0,Yes,Yes,66,Yes,No,Fiber optic,No,No,Yes,No,No,Yes,One year,Yes,Bank transfer (automatic),88.75,6021.67,No
1522-LSRYT,Female,1,No,No,16,Yes,Yes,Fiber optic,No,No,No,No,Yes,Yes,Month-to-month,Yes,Credit card (automatic),108.51,1725.84,Yes
5074-FQSAO,Male,0,No,No,20,Yes,Yes,DSL,No,Yes,No,No,No,No,Month-to-month,Yes,Electronic check,77.27,1509.13,Yes
8068-JFAEQ,Female,0,Yes,No,36,Yes,No,Fiber optic,No,Yes,No,Yes,Yes,No,One year,Yes,Bank transfer (automatic),99.85,3508.01,No
5939-UCTHC,Male,0,No,No,10,Yes,No,DSL,No,Yes,No,No,Yes,Yes,Month-to-month,Yes,Electronic check,83.0,804.89,Yes
5660-AOKNX,Female,0,No,No,48,Yes,Yes,No,No internet service,No internet service,No internet service,No internet service,No internet service,No internet service,Two year,Yes,Mailed check,45.28,2159.32,No
1143-OIDPJ,Male,0,No,No,56,Yes,Yes,Fiber optic,Yes,No,No,No,Yes,Yes,Month-to-month,No,Electronic check,109.64,6036.1,No
1280-VPSJZ,Female,0,Yes,No,63,Yes,No,No,No internet service,No internet service,No internet service,No internet service,No internet service,No internet service,Two year,Yes,Mailed check,32.06,2012.57,No
7234-VBTRU,Male,0,No,No,63,Yes,No,No,No internet service,No internet service,No internet service,No internet service,No internet service,No internet service,One year,Yes,Credit card (automatic),33.14,2094.46,No
4516-SOIUP,Male,0,Yes,No,14,Yes,Yes,Fiber optic,No,Yes,Yes,No,Yes,No,Month-to-month,No,Bank transfer (automatic),109.7,1460.5,Yes
1279-UFLDE,Male,0,No,No,61,Yes,Yes,DSL,No,No,Yes,No,Yes,Yes,One year,No,Mailed check,93.53,5877.0,No
6882-OOKTD,Male,0,No,No,59,No,No phone service,Fiber optic,Yes,No,No,No,Yes,No,One year,No,Electronic check,80.61,4872.22,No
1443-GBTED,Female,0,Yes,Yes,8,No,No phone service,No,No internet service,No internet service,No internet service,No internet service,No internet service,No internet service,Month-to-month,Yes,Electronic check,18.25,143.27,No
8894-YKJEG,Male,0,No,No,1,Yes,No,DSL,No,No,No,No,Yes,No,Month-to-month,Yes,Credit card (automatic),63.43,62.63,No
9107-HEQLS,Female,0,Yes,Yes,49,Yes,Yes,No,No internet service,No internet service,No internet service,No internet service,No internet service,No internet service,One year,Yes,Mailed check,40.45,2074.91,No
2398-LWAFD,Male,1,No,No,71,Yes,Yes,No,No internet service,No internet service,No internet service,No internet service,No internet service,No internet service,Two year,Yes,Bank transfer (automatic),41.34,3008.83,No
5610-NYCIY,Male,0,No,No,23,Yes,No,Fiber optic,No,Yes,Yes,No,Yes,Yes,Two year,Yes,Credit card (automatic),104.62,2316.78,No
3598-VRQFS,Male,0,No,No,26,Yes,Yes,Fiber optic,No,No,No,No,No,Yes,Month-to-month,No,Bank transfer (automatic),95.58,2380.04,No
5676-ABAJX,Male,0,No,No,2,Yes,No,Fiber optic,Yes,No,Yes,No,No,Yes,Month-to-month,No,Mailed check,105.08,219.89,No
9132-OTLLU,Male,0,No,No,40,Yes,No,Fiber optic,Yes,No,No,No,Yes,Yes,One year,Yes,Mailed check,105.17,4298.27,No
2063-JPUJH,Male,0,No,No,22,Yes,Yes,DSL,No,No,Yes,No,No,Yes,One year,Yes,Credit card (automatic),88.26,2020.68,No
3825-YGVDV,Male,0,No,No,8,Yes,Yes,DSL,Yes,No,Yes,Yes,Yes,Yes,Month-to-month,No,Electronic check,103.74,824.34,Yes
8565-LCOTU,Male,0,Yes,No,13,Yes,Yes,DSL,No,Yes,No,No,Yes,Yes,One year,No,Electronic check,99.57,1286.78,Yes
9424-DFUTK,Female,0,No,No,25,Yes,No,DSL,Yes,No,No,No,No,Yes,One year,No,Bank transfer (automatic),74.86,1778.34,No
4765-CKTCE,Female,0,No,No,69,Yes,No,DSL,No,No,Yes,Yes,No,No,One year,Yes,Bank transfer (automatic),66.91,4843.28,No
9458-BACSJ,Male,0,Yes,No,36,Yes,No,No,No internet service,No internet service,No internet service,No internet service,No internet service,No internet service,One year,Yes,Mailed check,28.31,1045.75,Yes
2759-DASZS,Male,0,Yes,No,20,Yes,No,Fiber optic,Yes,Yes,No,No,No,No,Month-to-month,No,Mailed check,85.04,1670.8,No
8593-CNKCB,Female,0,Yes,No,68,Yes,Yes,DSL,No,No,Yes,No,Yes,Yes,Month-to-month,Yes,Bank transfer (automatic),96.12,6539.74,No
4755-IZVHZ,Female,0,Yes,Yes,62,Yes,No,Fiber optic,Yes,Yes,No,No,No,Yes,Two year,No,Mailed check,97.37,5913.54,No
5514-MFKCF,Female,0,Yes,No,67,Yes,No,Fiber optic,No,No,No,No,Yes,No,Month-to-month,Yes,Electronic check,85.92,5518.35,Yes
1285-OENNJ,Male,0,No,No,67,Yes,No,DSL,No,Yes,No,No,No,Yes,Two year,No,Credit card (automatic),73.82,4987.86,No
7978-SPMFO,Female,0,No,No,7,Yes,Yes,No,No internet service,No internet service,No internet service,No internet service,No internet service,No internet service,Month-to-month,Yes,Mailed check,51.51,362.43,Yes
6468-FRWFK,Female,1,No,No,63,Yes,Yes,DSL,No,Yes,Yes,No,No,Yes,One year,No,Electronic check,89.83,5655.8,No
8200-XVXLD,Female,0,Yes,No,6,Yes,No,DSL,No,No,No,No,Yes,No,Month-to-month,No,Electronic check,64.97,409.29,No
6787-PNVSM,Female,0,No,No,19,Yes,No,DSL,No,No,No,No,No,Yes,One year,No,Electronic check,72.76,1438.12,No
1525-BGKCZ,Male,0,No,Yes,61,No,No phone service,No,No internet service,No internet service,No internet service,No internet service,No internet service,No internet service,One year,Yes,Credit card (automatic),24.87,1535.73,No
1408-TUBPR,Male,0,No,No,61,Yes,No,No,No internet service,No internet service,No internet service,No internet service,No internet service,No internet service,One year,No,Credit card (automatic),30.46,1823.36,No
3036-XATGG,Female,0,No,Yes,12,No,No phone service,No,No internet service,No internet service,No internet service,No internet service,No internet service,No internet service,One year,Yes,Electronic check,20.28,234.77,No
2113-VOSSS,Female,0,Yes,Yes,4,Yes,Yes,No,No internet service,No internet service,No internet service,No internet service,No internet service,No internet service,Month-to-month,Yes,Electronic check,46.32,191.66,No
1049-IRSIE,Male,1,No,No,16,Yes,Yes,DSL,No,No,No,No,Yes,Yes,One year,Yes,Mailed check,82.7,1277.88,No
5186-PNVHV,Male,0,No,No,35,Yes,No,Fiber optic,No,Yes,Yes,No,No,No,One year,Yes,Mailed check,89.03,2978.51,No
9141-YKPZQ,Male,0,Yes,No,13,Yes,No,Fiber optic,No,Yes,Yes,Yes,Yes,No,Two year,Yes,Electronic check,107.12,1422.24,Yes
2066-FPRVJ,Male,0,Yes,No,21,Yes,No,No,No internet service,No internet service,No internet service,No internet service,No internet service,No internet service,One year,No,Bank transfer (automatic),22.38,458.38,No
5794-CXYDM,Female,0,Yes,Yes,9,Yes,No,Fiber optic,No,No,No,No,Yes,No,Month-to-month,Yes,Mailed check,90.28,844.9,No
1804-MOGVT,Female,0,Yes,No,63,Yes,No,No,No internet service,No internet service,No internet service,No internet service,No internet service,No internet service,Month-to-month,Yes,Mailed check,28.8,1885.18,No
8158-ETZRP,Male,0,Yes,Yes,3,Yes,No,Fiber optic,Yes,No,Yes,No,Yes,Yes,Month-to-month,No,Electronic check,105.62,319.18,No
2866-ZLASX,Male,0,No,No,4,Yes,No,Fiber optic,Yes,Yes,Yes,No,Yes,No,Month-to-month,No,Electronic check,102.01,417.81,No
3705-WWYDF,Male,1,No,No,42,Yes,No,Fiber optic,No,No,No,Yes,No,No,One year,Yes,Bank transfer (automatic),84.27,3404.23,No
1835-NVOEC,Male,0,No,No,2,Yes,Yes,No,No internet service,No internet service,No internet service,No internet service,No internet service,No internet service,Month-to-month,No,Bank transfer (automatic),38.98,78.81,No
1899-VRRQR,Female,0,No,No,59,Yes,No,No,No internet service,No internet service,No internet service,No internet service,No internet service,No internet service,Two year,No,Mailed check,26.33,1553.51,No
5251-CYYYU,Female,1,No,No,13,Yes,Yes,Fiber optic,No,No,No,Yes,Yes,No,Month-to-month,Yes,Credit card (automatic),103.75,1315.34,Yes
4853-JSPNN,Female,0,No,No,11,Yes,No,DSL,Yes,No,No,Yes,No,Yes,Month-to-month,Yes,Electronic check,73.78,843.69,No
8349-XXCLA,Male,1,No,No,30,Yes,No,Fiber optic,No,Yes,Yes,No,No,No,Month-to-month,No,Bank transfer (automatic),90.2,2807.51,Yes
9806-NPHRA,Female,1,Yes,Yes,3,Yes,Yes,Fiber optic,Yes,No,Yes,Yes,Yes,No,Month-to-month,No,Bank transfer (automatic),114.37,354.06,No
2156-ZYXHD,Female,1,No,No,14,Yes,Yes,Fiber optic,No,No,No,Yes,No,Yes,One year,Yes,Mailed check,100.46,1458.94,No
2970-LWJNY,Female,0,No,No,62,Yes,Yes,Fiber optic,No,Yes,No,No,No,No,One year,Yes,Electronic check,96.26,6226.37,No
8214-ZJYOB,Male,0,Yes,Yes,47,Yes,No,DSL,No,No,No,Yes,Yes,No,Two year,Yes,Bank transfer (automatic),70.65,3340.11,No
1420-GBMMC,Male,0,No,No,21,Yes,Yes,Fiber optic,No,Yes,Yes,No,Yes,No,Month-to-month,Yes,Electronic check,105.48,2219.08,No
3946-VJCPC,Male,1,No,No,40,Yes,No,No,No internet service,No internet service,No internet service,No internet service,No internet service,No internet service,One year,No,Bank transfer (automatic),30.11,1258.03,No
2376-YNMVH,Male,0,No,No,24,Yes,No,DSL,No,Yes,No,No,Yes,Yes,One year,Yes,Electronic check,81.19,2025.2,Yes
3709-PLXDS,Male,0,Yes,No,3,Yes,No,No,No internet service,No internet service,No internet service,No internet service,No internet service,No internet service,Month-to-month,Yes,Electronic check,31.25,94.57,Yes
7424-PZYMQ,Male,0,No,No,60,Yes,Yes,DSL,Yes,No,No,Yes,Yes,No,Two year,No,Electronic check,89.42,5166.49,No
5376-BJSGU,Male,0,Yes,Yes,17,Yes,No,DSL,Yes,No,Yes,No,No,Yes,One year,Yes,Credit card (automatic),79.96,1394.6,No
7938-CLMOG,Female,0,Yes,Yes,14,Yes,No,DSL,No,No,No,No,Yes,No,One year,No,Electronic check,65.81,891.28,No
8987-HXROI,Male,0,Yes,Yes,8,Yes,No,Fiber optic,Yes,Yes,No,Yes,Yes,No,Month-to-month,No,Electronic check,102.03,845.38,No
7183-JULUU,Male,0,No,No,42,Yes,Yes,DSL,Yes,No,Yes,No,Yes,Yes,One year,Yes,Mailed check,100.56,4307.34,No
7523-EQXYS,Female,0,No,No,57,Yes,Yes,No,No internet service,No internet service,No internet service,No internet service,No internet service,No internet service,Two year,Yes,Electronic check,43.22,2473.29,No
5637-VJOSY,Female,1,Yes,Yes,72,Yes,Yes,Fiber optic,No,Yes,Yes,Yes,No,Yes,Two year,Yes,Bank transfer (automatic),116.28,8750.47,No
8033-ALIBA,Female,0,No,No,62,Yes,Yes,Fiber optic,Yes,No,Yes,Yes,No,No,One year,Yes,Bank transfer (automatic),106.53,6714.64,No
6538-CDZJT,Female,0,Yes,Yes,35,Yes,No,No,No internet service,No internet service,No internet service,No internet service,No internet service,No internet service,Month-to-month,No,Electronic check,34.91,1188.82,No
7662-HOAZY,Female,0,Yes,Yes,43,Yes,Yes,DSL,Yes,No,No,Yes,No,Yes,One year,Yes,Mailed check,90.59,3804.55,No
4637-GKSFB,Female,0,No,No,66,Yes,Yes,DSL,Yes,Yes,No,No,Yes,Yes,One year,Yes,Bank transfer (automatic),100.07,6389.37,No
8141-DGMZT,Male,0,Yes,Yes,19,Yes,Yes,DSL,Yes,No,Yes,No,No,No,One year,No,Electronic check,81.04,1599.21,No
8293-PBAVC,Male,1,No,No,2,No,No phone service,Fiber optic,No,Yes,No,No,No,No,Month-to-month,Yes,Bank transfer (automatic),68.4,133.84,Yes
2210-FVPTS,Male,0,Yes,Yes,3,Yes,Yes,DSL,Yes,Yes,No,Yes,No,No,Month-to-month,No,Mailed check,88.11,276.35,No
6861-RZQEV,Male,0,Yes,No,72,Yes,No,Fiber optic,No,Yes,No,Yes,No,No,One year,No,Mailed check,89.1,6387.44,No
4351-SCFSX,Male,0,No,No,70,Yes,No,DSL,Yes,Yes,No,No,Yes,Yes,Month-to-month,Yes,Electronic check,85.05,6169.71,No
6598-EGXIN,Female,0,No,No,68,No,No phone service,Fiber optic,No,No,No,No,Yes,No,Two year,Yes,Mailed check,76.67,5183.17,No
7563-IVAEX,Female,0,Yes,No,44,Yes,Yes,No,No internet service,No internet service,No internet service,No internet service,No internet service,No internet service,Two year,No,Electronic check,39.85,1833.66,No
5561-TMGQL,Female,0,No,No,16,Yes,Yes,Fiber optic,Yes,No,Yes,Yes,No,No,Month-to-month,Yes,Bank transfer (automatic),103.11,1697.12,No
1517-WSHUK,Male,0,No,No,11,Yes,No,Fiber optic,No,No,Yes,No,No,Yes,Month-to-month,No,Electronic check,96.62,1109.28,Yes
2035-MTXYB,Female,0,No,No,39,Yes,Yes,Fiber optic,No,No,No,No,No,No,Month-to-month,Yes,Credit card (automatic),83.06,3344.94,No
9450-DGNTQ,Female,0,Yes,No,67,Yes,No,Fiber optic,Yes,Yes,Yes,No,Yes,Yes,One year,No,Bank transfer (automatic),118.75,8091.73,No
9957-OXAKV,Male,0,No,No,36,Yes,Yes,Fiber optic,No,No,Yes,No,Yes,Yes,One year,Yes,Mailed check,118.75,4444.11,No
3383-CCHNZ,Female,0,No,No,54,Yes,Yes,No,No internet service,No internet service,No internet service,No internet service,No internet service,No internet service,One year,Yes,Electronic check,46.01,2385.03,No
4710-VQXQY,Male,0,Yes,No,2,Yes,Yes,DSL,Yes,No,Yes,No,No,No,Month-to-month,No,Mailed check,80.8,160.35,Yes
9944-KRQXS,Male,1,No,No,16,No,No phone service,DSL,Yes,No,No,No,No,No,Month-to-month,Yes,Bank transfer (automatic),57.93,922.34,No
7485-SOINO,Female,0,No,No,47,Yes,No,DSL,No,No,No,No,Yes,Yes,Two year,No,Mailed check,79.81,3884.4,No
2479-IPZUB,Male,0,No,No,59,Yes,No,DSL,No,Yes,No,No,Yes,No,One year,Yes,Electronic check,66.18,3922.79,No
3033-PSRBR,Male,1,No,No,17,Yes,Yes,DSL,No,No,No,No,No,No,One year,Yes,Electronic check,64.52,1100.16,No
8827-ZGYXB,Female,0,No,No,72,Yes,No,DSL,Yes,Yes,Yes,Yes,Yes,Yes,One year,No,Bank transfer (automatic),100.89,7104.65,No
2857-BCRBV,Female,0,No,No,8,Yes,Yes,Fiber optic,Yes,No,No,No,No,No,Month-to-month,No,Credit card (automatic),85.48,686.97,No
9811-TOKKG,Male,0,No,No,62,Yes,Yes,DSL,Yes,No,No,No,Yes,Yes,Two year,Yes,Credit card (automatic),92.88,5996.11,No
3060-CPIPJ,Male,0,No,No,64,Yes,Yes,DSL,No,No,Yes,Yes,No,Yes,Two year,Yes,Bank transfer (automatic),94.48,6223.6,No
1125-BPQHD,Male,0,No,No,40,Yes,No,Fiber optic,Yes,Yes,No,Yes,Yes,No,Two year,No,Bank transfer (automatic),105.51,4322.98,No
9689-ZGBXZ,Female,0,Yes,Yes,38,Yes,Yes,DSL,No,Yes,Yes,Yes,No,Yes,Month-to-month,No,Credit card (automatic),94.28,3651.61,No
5488-UTOLM,Male,0,Yes,No,24,Yes,No,No,No internet service,No internet service,No internet service,No internet service,No internet service,No internet service,One year,No,Electronic check,29.88,710.43,No
1819-ILEVY,Male,0,No,No,23,Yes,Yes,Fiber optic,No,Yes,No,Yes,No,No,Month-to-month,Yes,Mailed check,101.59,2405.96,No
6156-LJTIX,Female,1,Yes,Yes,2,Yes,No,DSL,No,No,No,Yes,Yes,Yes,Month-to-month,No,Electronic check,84.81,166.58,No
8382-UIIFU,Female,0,No,No,69,Yes,No,DSL,No,No,No,Yes,No,Yes,Two year,Yes,Electronic check,72.02,5139.33,No
1473-LGUGK,Male,0,No,No,23,Yes,No,Fiber optic,Yes,No,Yes,No,Yes,Yes,One year,Yes,Mailed check,108.34,2607.3,No
7246-UWEKS,Male,0,No,No,63,Yes,No,DSL,No,No,No,Yes,Yes,Yes,One year,Yes,Electronic check,84.28,5217.65,No
1887-CQPJY,Female,0,No,No,11,Yes,Yes,DSL,Yes,Yes,Yes,Yes,Yes,Yes,Month-to-month,Yes,Bank transfer (automatic),112.81,1269.48,No
1150-SREEE,Male,0,No,No,11,Yes,Yes,Fiber optic,Yes,No,No,No,No,Yes,One year,No,Mailed check,102.31,1169.06,No
5818-ETLZM,Male,1,Yes,No,66,Yes,Yes,Fiber optic,Yes,No,Yes,No,Yes,Yes,One year,No,Electronic check,118.75,7863.09,No
8765-IDIBA,Female,0,No,No,62,Yes,Yes,DSL,No,Yes,Yes,No,Yes,Yes,One year,No,Electronic check,94.11,6004.08,No
2295-ESCJZ,Male,0,Yes,Yes,55,Yes,No,DSL,Yes,No,Yes,No,No,Yes,One year,No,Electronic check,77.32,4297.63,No
9247-VGUQZ,Female,0,Yes,Yes,8,Yes,Yes,No,No internet service,No internet service,No internet service,No internet service,No internet service,No internet service,Month-to-month,No,Mailed check,45.73,379.13,No
1100-TZAMN,Male,0,Yes,Yes,1,Yes,Yes,No,No internet service,No internet service,No internet service,No internet service,No internet service,No internet service,Month-to-month,Yes,Bank transfer (automatic),43.82,45.49,No
7489-MMOFC,Male,0,Yes,Yes,6,No,No phone service,Fiber optic,Yes,No,No,Yes,No,Yes,Month-to-month,No,Bank transfer (automatic),93.66,570.19,Yes
6871-LUAUL,Male,0,Yes,No,59,Yes,No,Fiber optic,No,No,No,No,Yes,Yes,One year,Yes,Electronic check,98.84,5690.64,No
7693-UWQLD,Male,0,Yes,No,71,Yes,Yes,Fiber optic,Yes,No,Yes,Yes,No,Yes,Month-to-month,Yes,Mailed check,118.75,8526.11,No
2817-XBNFT,Male,0,No,No,13,Yes,Yes,DSL,Yes,No,No,No,No,Yes,Month-to-month,No,Mailed check,86.04,1095.46,Yes
8843-ILSSW,Male,0,No,No,49,Yes,Yes,Fiber optic,Yes,Yes,Yes,Yes,Yes,Yes,One year,Yes,Electronic check,118.75,5540.61,No
9721-BOZQJ,Female,0,Yes,No,68,Yes,No,DSL,No,Yes,No,Yes,No,No,One year,No,Credit card (automatic),66.67,4756.79,No
5337-YEDRS,Female,0,Yes,No,32,Yes,Yes,Fiber optic,No,Yes,Yes,Yes,Yes,Yes,Month-to-month,No,Bank transfer (automatic),118.75,3778.2,No
4810-NWJTY,Female,0,No,Yes,4,Yes,No,DSL,No,No,Yes,No,No,No,Month-to-month,Yes,Bank transfer (automatic),61.78,246.13,Yes
1772-AYGQH,Female,0,No,No,56,Yes,Yes,DSL,No,Yes,Yes,No,No,Yes,Two year,Yes,Bank transfer (automatic),85.39,4804.66,No
8654-IDFWC,Male,0,No,No,22,Yes,Yes,No,No internet service,No internet service,No internet service,No internet service,No internet service,No internet service,Month-to-month,No,Mailed check,41.13,928.08,No
4171-ESLUP,Female,0,Yes,Yes,18,Yes,No,No,No internet service,No internet service,No internet service,No internet service,No internet service,No internet service,One year,Yes,Electronic check,19.88,367.05,No
9048-RQVCL,Male,0,No,No,2,Yes,Yes,No,No internet service,No internet service,No internet service,No internet service,No internet service,No internet service,Month-to-month,Yes,Mailed check,43.32,87.1,No
7523-TGHQT,Female,1,No,No,1,Yes,No,No,No internet service,No internet service,No internet service,No internet service,No internet service,No internet service,Month-to-month,Yes,Electronic check,28.33,29.22,No
9016-EEVOR,Female,0,No,No,67,Yes,No,No,No internet service,No internet service,No internet service,No internet service,No internet service,No internet service,Two year,Yes,Credit card (automatic),24.71,1607.89,No
2192-XJAOU,Female,1,Yes,No,64,Yes,No,DSL,No,No,Yes,Yes,No,Yes,Two year,Yes,Electronic check,77.69,5145.6,No
2102-PKGBI,Female,0,Yes,No,7,Yes,No,Fiber optic,No,Yes,No,No,No,Yes,Month-to-month,No,Electronic check,92.94,625.74,No
4184-APUFS,Female,0,Yes,Yes,71,Yes,Yes,Fiber optic,No,Yes,No,No,No,No,Two year,Yes,Electronic check,98.49,7101.9,No
9241-VGXIF,Male,1,Yes,Yes,6,Yes,No,DSL,No,No,No,No,Yes,Yes,Month-to-month,Yes,Mailed check,76.95,439.06,No
6006-AWWUT,Male,0,No,No,7,Yes,No,No,No internet service,No internet service,No internet service,No internet service,No internet service,No internet service,Month-to-month,No,Bank transfer (automatic),28.43,208.74,No
9432-BWLNN,Female,0,No,No,3,Yes,No,DSL,No,No,Yes,No,No,No,Month-to-month,Yes,Electronic check,62.18,189.23,Yes
2097-VIEGX,Male,0,No,No,60,Yes,No,Fiber optic,No,Yes,No,No,Yes,Yes,Two year,Yes,Mailed check,100.79,6300.57,No
6889-GLVFN,Female,1,No,No,3,Yes,No,No,No internet service,No internet service,No internet service,No internet service,No internet service,No internet service,One year,No,Credit card (automatic),28.45,85.91,No
6924-RMQLU,Female,1,No,No,48,Yes,Yes,DSL,Yes,Yes,No,No,Yes,No,Month-to-month,Yes,Mailed check,87.03,4384.05,No
2755-ARTUR,Male,0,Yes,Yes,9,Yes,Yes,Fiber optic,No,No,Yes,No,Yes,Yes,Two year,No,Credit card (automatic),116.46,1052.01,No
4947-QDNYN,Female,0,No,No,19,Yes,Yes,Fiber optic,No,Yes,Yes,No,No,Yes,One year,No,Credit card (automatic),110.5,2082.62,No
5185-WTUOL,Female,0,No,Yes,3,Yes,Yes,Fiber optic,No,Yes,No,Yes,Yes,No,Month-to-month,Yes,Bank transfer (automatic),114.12,351.15,No
9645-NEXRB,Female,0,Yes,Yes,1,Yes,No,Fiber optic,No,No,Yes,No,Yes,No,Month-to-month,No,Mailed check,92.5,88.84,Yes
6152-MSVCV,Female,1,Yes,Yes,11,Yes,No,No,No internet service,No internet service,No internet service,No internet service,No internet service,No internet service,Month-to-month,Yes,Bank transfer (automatic),34.42,369.55,No
3253-GGVWZ,Female,0,No,No,24,Yes,No,Fiber optic,Yes,No,No,Yes,Yes,Yes,One year,No,Credit card (automatic),102.7,2480.32,No
9854-TJGGX,Female,0,No,Yes,6,Yes,Yes,DSL,No,Yes,No,Yes,Yes,Yes,Month-to-month,No,Electronic check,99.41,590.79,No
4709-PEGOC,Female,0,Yes,Yes,41,Yes,No,No,No internet service,No internet service,No internet service,No internet service,No internet service,No internet service,One year,Yes,Mailed check,28.43,1164.42,No
2846-ZRMKV,Male,0,No,No,5,Yes,No,Fiber optic,No,Yes,No,Yes,Yes,No,Month-to-month,Yes,Bank transfer (automatic),94.31,488.23,Yes
4442-ZNNBP,Male,1,No,No,13,Yes,No,DSL,No,Yes,No,Yes,Yes,Yes,Month-to-month,Yes,Bank transfer (automatic),86.27,1087.43,No
4474-EDVAF,Female,0,No,No,59,Yes,No,DSL,No,No,No,No,Yes,No,Two year,Yes,Mailed check,62.77,3559.73,No
1034-ARKLC,Male,0,Yes,Yes,67,Yes,Yes,DSL,Yes,No,No,No,No,No,Two year,No,Mailed check,73.2,4888.62,No
1488-NQROU,Female,1,Yes,No,64,Yes,Yes,DSL,No,Yes,Yes,No,Yes,Yes,Month-to-month,Yes,Electronic check,99.24,6172.61,No
8878-SDOVE,Female,0,No,No,16,Yes,Yes,DSL,No,Yes,Yes,No,No,Yes,One year,No,Electronic check,88.65,1350.06,No
7286-UHXGO,Male,0,No,No,68,Yes,No,DSL,Yes,No,Yes,No,Yes,No,One year,No,Credit card (automatic),76.58,5319.95,No
6231-QQCNB,Female,0,Yes,Yes,15,Yes,No,Fiber optic,No,Yes,No,No,No,No,Month-to-month,Yes,Mailed check,82.32,1225.98,Yes
8906-HUTOD,Female,0,Yes,Yes,3,Yes,No,No,No internet service,No internet service,No internet service,No internet service,No internet service,No internet service,Month-to-month,Yes,Electronic check,25.79,79.04,No
6158-IWPVU,Male,0,Yes,No,71,Yes,No,No,No internet service,No internet service,No internet service,No internet service,No internet service,No internet service,Two year,No,Electronic check,31.02,2137.62,No
1571-ATZLT,Male,1,Yes,No,15,Yes,Yes,Fiber optic,Yes,No,Yes,No,Yes,No,Month-to-month,Yes,Bank transfer (automatic),109.14,1604.78,No
3988-AVHIT,Male,0,No,No,45,Yes,No,Fiber optic,Yes,Yes,No,No,No,Yes,Two year,Yes,Bank transfer (automatic),98.11,4482.33,No
7212-LBARL,Male,1,No,No,9,Yes,No,No,No internet service,No internet service,No internet service,No internet service,No internet service,No internet service,Month-to-month,Yes,Bank transfer (automatic),32.5,297.55,No
7388-KCAQX,Female,0,Yes,No,66,Yes,No,DSL,Yes,Yes,No,No,No,No,One year,No,Electronic check,58.63,3965.55,No
5900-WSSXY,Male,0,Yes,No,2,Yes,No,DSL,No,Yes,No,No,No,Yes,One year,No,Credit card (automatic),64.77,124.41,No
5623-ALIKV,Female,0,No,No,18,Yes,No,Fiber optic,No,No,No,No,Yes,No,One year,Yes,Electronic check,85.12,1581.75,No
5405-UMNAU,Male,0,Yes,Yes,60,Yes,Yes,No,No internet service,No internet service,No internet service,No internet service,No internet service,No internet service,Two year,Yes,Mailed check,48.2,2917.69,No
4189-LOHDN,Male,0,No,No,72,Yes,No,Fiber optic,No,No,No,Yes,Yes,Yes,Two year,Yes,Bank transfer (automatic),99.32,6879.02,No
7639-EPUNO,Female,1,No,No,52,Yes,No,No,No internet service,No internet service,No internet service,No internet service,No internet service,No internet service,Two year,Yes,Electronic check,31.64,1635.17,No
9520-XOMZR,Female,0,No,No,72,No,No phone service,DSL,No,No,Yes,Yes,No,Yes,Two year,Yes,Electronic check,64.85,4612.46,No
8951-UBAUL,Male,0,Yes,No,7,Yes,Yes,DSL,Yes,Yes,Yes,Yes,No,Yes,Month-to-month,No,Electronic check,100.71,681.78,No
6947-LCLJS,Male,0,Yes,Yes,30,Yes,No,Fiber optic,Yes,No,No,No,No,No,One year,Yes,Mailed check,80.69,2510.55,No
4878-DYDWT,Male,0,No,No,37,Yes,No,Fiber optic,Yes,Yes,No,No,No,Yes,Month-to-month,Yes,Credit card (automatic),100.21,3728.08,No
6873-LZNOW,Male,0,Yes,Yes,9,Yes,Yes,Fiber optic,No,No,Yes,Yes,Yes,Yes,Month-to-month,Yes,Mailed check,118.75,1064.22,Yes
7228-AZOAY,Female,0,Yes,No,5,Yes,No,No,No internet service,No internet service,No internet service,No internet service,No internet service,No internet service,Two year,Yes,Credit card (automatic),31.79,153.7,No
7038-YYUJN,Male,0,No,No,26,Yes,No,DSL,No,Yes,No,Yes,Yes,Yes,One year,No,Electronic check,82.89,2177.85,No
2929-LLSRD,Male,0,No,No,67,Yes,Yes,DSL,No,Yes,No,No,Yes,No,One year,Yes,Mailed check,79.56,5129.44,No
5862-KEBOU,Male,0,No,No,7,Yes,No,DSL,Yes,No,No,Yes,No,Yes,Month-to-month,Yes,Credit card (automatic),76.44,536.6,No
3370-HPPYL,Female,0,Yes,No,1,No,No phone service,No,No internet service,No internet service,No internet service,No internet service,No internet service,No internet service,Two year,No,Credit card (automatic),21.8,21.4,No
3900-EPMNB,Female,0,No,No,28,Yes,Yes,Fiber optic,Yes,No,No,No,Yes,No,One year,No,Bank transfer (automatic),101.71,2870.12,No
1874-VWXGT,Male,0,No,No,71,Yes,Yes,DSL,Yes,No,Yes,Yes,No,Yes,Two year,Yes,Electronic check,97.31,7033.86,No
5364-XCORJ,Female,0,Yes,Yes,64,Yes,Yes,Fiber optic,No,Yes,Yes,No,No,No,One year,Yes,Electronic check,99.98,6684.89,No
1743-IUDVD,Male,0,No,No,66,Yes,Yes,DSL,No,Yes,No,No,No,Yes,Two year,Yes,Mailed check,84.04,5608.59,No
7015-MAOYB,Male,1,Yes,Yes,15,Yes,Yes,Fiber optic,No,No,No,Yes,No,No,Month-to-month,Yes,Credit card (automatic),93.08,1373.58,No
7542-FSIHB,Female,0,Yes,No,33,Yes,No,Fiber optic,No,Yes,No,No,Yes,No,Two year,Yes,Bank transfer (automatic),87.81,2995.63,No
3812-FDWME,Female,0,Yes,No,47,Yes,Yes,DSL,Yes,Yes,Yes,Yes,Yes,No,Month-to-month,Yes,Credit card (automatic),103.82,4967.62,No
3669-XPXXH,Female,1,No,No,61,Yes,No,Fiber optic,No,No,Yes,No,Yes,No,One year,No,Mailed check,89.62,5421.74,No
1957-CNYVE,Female,0,No,No,57,Yes,No,Fiber optic,No,No,No,Yes,No,No,Two year,Yes,Bank transfer (automatic),77.76,4235.27,No
5289-SGDKK,Male,0,Yes,Yes,61,Yes,Yes,DSL,No,No,No,No,No,No,Two year,Yes,Electronic check,66.92,4212.95,No
9884-YUJMB,Female,0,Yes,No,69,Yes,Yes,DSL,No,Yes,Yes,No,Yes,No,One year,Yes,Mailed check,84.64,5976.14,No
6757-YQTBD,Male,0,Yes,Yes,16,Yes,Yes,DSL,Yes,No,No,No,Yes,Yes,One year,Yes,Bank transfer (automatic),96.31,1535.52,No
7091-ZPVXC,Female,0,Yes,No,65,Yes,Yes,Fiber optic,No,No,No,Yes,Yes,Yes,Month-to-month,Yes,Mailed check,114.09,7463.56,No
2411-ILTBJ,Male,0,Yes,No,24,Yes,No,DSL,Yes,No,No,No,No,Yes,Month-to-month,Yes,Electronic check,73.18,1804.39,No
8218-BOFAB,Female,0,Yes,No,63,Yes,Yes,DSL,No,No,Yes,No,No,No,Month-to-month,Yes,Electronic check,69.83,4387.47,No
8048-PRAMX,Male,0,Yes,Yes,12,Yes,Yes,No,No internet service,No internet service,No internet service,No internet service,No internet service,No internet service,Month-to-month,Yes,Bank transfer (automatic),41.04,499.93,No
2419-WOISS,Male,0,No,No,7,Yes,Yes,DSL,Yes,No,No,Yes,No,Yes,Month-to-month,Yes,Bank transfer (automatic),89.09,622.36,No
4719-VDOMP,Female,0,No,No,3,Yes,No,Fiber optic,Yes,No,Yes,No,No,No,Month-to-month,Yes,Mailed check,94.62,287.39,No
4495-WKDGY,Male,0,No,No,54,Yes,No,No,No internet service,No internet service,No internet service,No internet service,No internet service,No internet service,One year,Yes,Electronic check,32.65,1764.95,Yes
2893-KTYUN,Female,0,Yes,Yes,56,Yes,Yes,DSL,Yes,No,No,No,No,No,Two year,No,Mailed check,77.93,4260.91,No
3314-ZFINF,Male,0,Yes,Yes,46,No,No phone service,No,No internet service,No internet service,No internet service,No internet service,No internet service,No internet service,Two year,No,Mailed check,24.95,1162.61,No
2158-AIDUR,Male,0,Yes,Yes,13,Yes,No,Fiber optic,No,Yes,Yes,No,No,Yes,Month-to-month,No,Electronic check,100.58,1304.56,No
7607-FEMHZ,Male,0,Yes,No,19,Yes,No,No,No internet service,No internet service,No internet service,No internet service,No internet service,No internet service,Month-to-month,Yes,Electronic check,30.99,575.27,No
6897-LNWGW,Male,0,Yes,Yes,4,No,No phone service,Fiber optic,No,No,No,No,No,Yes,Month-to-month,No,Mailed check,74.69,309.82,Yes
3480-KBWZL,Female,0,No,No,65,Yes,Yes,Fiber optic,No,No,No,Yes,No,Yes,One year,No,Mailed check,104.0,6659.07,No
8033-LPFSG,Male,1,No,No,56,Yes,No,No,No internet service,No internet service,No internet service,No internet service,No internet service,No internet service,Two year,Yes,Bank transfer (automatic),31.0,1703.8,No
5908-YNOZI,Female,0,Yes,Yes,18,No,No phone service,DSL,Yes,No,No,No,No,Yes,Month-to-month,Yes,Electronic check,62.03,1066.24,No
4733-JZXZH,Female,1,Yes,Yes,67,Yes,Yes,Fiber optic,Yes,Yes,No,No,No,No,Month-to-month,Yes,Mailed check,99.36,6418.01,No
3259-OIBVY,Male,0,No,No,9,Yes,Yes,No,No internet service,No internet service,No internet service,No internet service,No internet service,No internet service,Month-to-month,No,Credit card (automatic),39.12,348.94,No
1821-KLICY,Female,0,Yes,Yes,41,No,No phone service,DSL,No,No,No,No,No,Yes,Two year,Yes,Credit card (automatic),53.61,2213.23,No
3612-FEVPO,Female,0,No,No,5,Yes,No,DSL,No,Yes,Yes,No,No,No,One year,No,Credit card (automatic),71.92,344.07,Yes
6460-XIBQI,Female,0,No,No,3,Yes,No,Fiber optic,Yes,Yes,No,Yes,Yes,No,Month-to-month,Yes,Credit card (automatic),106.96,323.92,Yes
1451-RPXCC,Male,1,No,No,61,Yes,No,DSL,No,No,No,Yes,Yes,No,One year,No,Credit card (automatic),71.87,4416.42,No
2640-MNKPR,Male,0,Yes,Yes,68,Yes,No,Fiber optic,No,Yes,No,No,Yes,No,Two year,Yes,Credit card (automatic),91.23,5925.34,No
3331-IHYRB,Female,0,Yes,No,52,No,No phone service,Fiber optic,No,No,Yes,No,No,Yes,Two year,No,Electronic check,83.1,4389.22,No
3902-EASJG,Female,0,Yes,No,67,Yes,Yes,Fiber optic,No,No,Yes,No,No,No,Two year,Yes,Mailed check,88.64,6105.45,No
5391-SCEAC,Female,1,No,No,67,Yes,No,Fiber optic,Yes,Yes,Yes,No,Yes,No,One year,No,Bank transfer (automatic),103.46,7076.96,No
3215-EXUXJ,Male,0,No,Yes,10,Yes,Yes,Fiber optic,No,No,No,Yes,Yes,Yes,Month-to-month,Yes,Mailed check,112.6,1106.56,Yes
1975-AWTSB,Female,0,No,No,72,Yes,No,Fiber optic,Yes,No,Yes,No,Yes,No,Two year,Yes,Credit card (automatic),95.3,6553.23,No
6234-CFSEW,Male,0,No,No,2,No,No phone service,DSL,No,No,No,No,Yes,No,Month-to-month,No,Credit card (automatic),52.42,105.58,Yes
5253-LXILB,Male,0,No,No,31,Yes,Yes,Fiber optic,No,No,No,No,No,Yes,Month-to-month,Yes,Mailed check,96.27,3038.49,No
9066-CLEDP,Male,0,No,No,4,No,No phone service,No,No internet service,No internet service,No internet service,No internet service,No internet service,No internet service,Month-to-month,Yes,Electronic check,18.3,75.79,No
1811-YSPJA,Female,1,No,No,4,Yes,Yes,Fiber optic,Yes,No,No,No,Yes,No,Month-to-month,No,Mailed check,107.34,409.32,No
4778-RVBZH,Male,0,No,No,69,Yes,Yes,DSL,Yes,Yes,Yes,No,No,Yes,One year,Yes,Bank transfer (automatic),94.12,6355.03,No
4542-ZUARP,Male,0,No,Yes,67,Yes,Yes,Fiber optic,No,No,Yes,No,No,Yes,Two year,No,Bank transfer (automatic),102.51,6532.21,No
1049-HDAFB,Female,0,Yes,Yes,66,No,No phone service,Fiber optic,Yes,No,Yes,No,Yes,Yes,Month-to-month,Yes,Mailed check,98.94,6468.69,No
5656-BOQXY,Male,0,No,No,64,Yes,Yes,DSL,No,Yes,Yes,No,Yes,No,One year,No,Credit card (automatic),87.65,5461.3,No
6518-WQEOI,Male,0,Yes,Yes,67,Yes,Yes,Fiber optic,Yes,No,No,No,Yes,Yes,Month-to-month,Yes,Electronic check,116.46,7470.56,No
4991-XRIBK,Male,1,Yes,No,9,Yes,Yes,DSL,No,Yes,Yes,Yes,Yes,No,Month-to-month,No,Electronic check,93.46,862.82,Yes
1544-BZOPQ,Female,0,No,No,42,Yes,Yes,Fiber optic,No,Yes,No,No,No,No,Two year,Yes,Credit card (automatic),93.49,3983.91,No
7517-OYXOB,Female,1,No,No,46,Yes,Yes,No,No internet service,No internet service,No internet service,No internet service,No internet service,No internet service,Two year,No,Credit card (automatic),39.99,1825.67,No
7338-SMBSG,Male,0,No,No,4,Yes,Yes,No,No internet service,No internet service,No internet service,No internet service,No internet service,No internet service,One year,Yes,Electronic check,41.54,160.59,No
8847-NSDXF,Female,0,Yes,No,6,Yes,Yes,Fiber optic,No,No,No,No,No,No,Month-to-month,Yes,Credit card (automatic),84.9,511.92,Yes
4175-OHPZJ,Female,0,No,No,27,Yes,No,Fiber optic,No,No,No,No,Yes,Yes,Month-to-month,No,Electronic check,97.19,2552.48,Yes
4686-AKLTW,Male,0,Yes,Yes,7,Yes,No,DSL,Yes,No,No,Yes,Yes,No,Month-to-month,No,Mailed check,75.65,514.4,No
6475-IFQVB,Female,0,No,No,61,Yes,No,DSL,No,Yes,Yes,Yes,No,No,Two year,Yes,Mailed check,73.13,4446.8,No
4481-ZIDKH,Female,0,Yes,Yes,14,Yes,Yes,Fiber optic,Yes,Yes,Yes,Yes,Yes,No,Month-to-month,Yes,Bank transfer (automatic),118.75,1618.93,No
8526-NEBEY,Female,0,No,No,14,Yes,Yes,Fiber optic,Yes,Yes,No,No,Yes,Yes,One year,No,Mailed check,116.08,1631.5,Yes
3448-FFICA,Male,0,No,No,60,Yes,No,Fiber optic,No,No,No,No,Yes,No,Two year,Yes,Credit card (automatic),90.7,5190.79,No
1523-OQXVB,Female,1,Yes,Yes,37,Yes,Yes,DSL,No,Yes,No,No,No,Yes,One year,No,Mailed check,90.33,3258.71,No
5002-ATOXN,Female,0,No,No,26,Yes,No,Fiber optic,Yes,Yes,No,No,Yes,Yes,One year,No,Electronic check,108.12,2866.49,No
4980-AXDJL,Male,1,No,No,12,Yes,No,Fiber optic,Yes,No,Yes,No,No,No,Month-to-month,No,Electronic check,87.7,1017.1,Yes
3229-QAXIZ,Male,0,Yes,Yes,18,Yes,No,No,No internet service,No internet service,No internet service,No internet service,No internet service,No internet service,Month-to-month,Yes,Credit card (automatic),27.79,506.33,No
8479-IWOUO,Male,0,Yes,Yes,1,Yes,No,No,No internet service,No internet service,No internet service,No internet service,No internet service,No internet service,Month-to-month,Yes,Electronic check,33.6,31.99,No
6296-WWCPP,Male,0,Yes,No,67,Yes,No,No,No internet service,No internet service,No internet service,No internet service,No internet service,No internet service,Two year,Yes,Bank transfer (automatic),29.87,2031.3,No
7938-IKGVK,Female,0,Yes,No,29,Yes,No,Fiber optic,Yes,No,No,Yes,No,No,Month-to-month,Yes,Credit card (automatic),83.07,2446.62,No
3935-UXDJN,Male,0,No,No,61,Yes,No,DSL,Yes,Yes,Yes,Yes,No,No,Two year,No,Electronic check,81.44,4862.29,No
2273-GZXSD,Male,0,No,No,3,Yes,No,DSL,No,Yes,Yes,Yes,No,Yes,Month-to-month,No,Credit card (automatic),89.54,274.63,No
8289-CUVFT,Female,0,Yes,Yes,18,Yes,No,Fiber optic,No,No,No,No,No,No,Month-to-month,Yes,Bank transfer (automatic),71.3,1243.1,No
1100-ELYCU,Male,0,Yes,Yes,9,Yes,Yes,Fiber optic,Yes,Yes,No,No,No,No,Month-to-month,Yes,Electronic check,96.91,863.16,No
3800-BXNDO,Female,0,No,No,66,Yes,Yes,No,No internet service,No internet service,No internet service,No internet service,No internet service,No internet service,Two year,No,Bank transfer (automatic),33.28,2285.66,No
9009-SROLU,Male,0,Yes,Yes,2,No,No phone service,Fiber optic,No,No,Yes,No,Yes,No,Month-to-month,Yes,Credit card (automatic),80.2,164.79,No
9243-LNIOS,Male,0,Yes,Yes,31,Yes,Yes,No,No internet service,No internet service,No internet service,No internet service,No internet service,No internet service,One year,No,Mailed check,40.52,1300.32,No
6127-OMZER,Male,0,Yes,Yes,60,Yes,No,DSL,No,No,No,No,Yes,No,Two year,Yes,Bank transfer (automatic),72.88,4319.92,No
7254-OBBZI,Male,0,No,No,62,No,No phone service,DSL,No,No,No,No,Yes,Yes,One year,Yes,Electronic check,62.76,4076.86,No
4872-MTSWB,Male,0,No,No,1,Yes,Yes,DSL,No,Yes,No,Yes,Yes,Yes,Two year,No,Mailed check,103.16,104.78,No
7151-PEXME,Female,0,No,No,11,Yes,Yes,Fiber optic,No,No,Yes,Yes,No,No,Month-to-month,Yes,Bank transfer (automatic),92.58,967.63,No
9340-HYIBC,Female,0,Yes,No,62,Yes,No,No,No internet service,No internet service,No internet service,No internet service,No internet service,No internet service,One year,No,Electronic check,27.46,1629.93,No
9419-DSMAE,Male,0,No,No,72,Yes,No,DSL,No,No,No,No,No,Yes,One year,No,Bank transfer (automatic),63.55,4666.14,No
4502-PNQVF,Female,0,No,No,72,Yes,No,Fiber optic,No,Yes,No,Yes,No,Yes,Two year,Yes,Electronic check,99.95,7517.18,No
3547-BCHZR,Female,0,No,No,13,Yes,Yes,Fiber optic,Yes,No,No,Yes,Yes,Yes,Two year,No,Credit card (automatic),118.75,1581.28,No
3157-YWTBZ,Female,0,Yes,Yes,14,Yes,Yes,DSL,No,No,No,No,No,Yes,Month-to-month,Yes,Mailed check,82.66,1159.68,Yes
6896-PSSRT,Male,0,No,No,12,Yes,Yes,DSL,No,Yes,Yes,No,Yes,No,Month-to-month,No,Electronic check,85.36,993.6,Yes
1213-DQZHS,Male,0,No,No,24,Yes,Yes,Fiber optic,No,Yes,No,No,No,No,Month-to-month,Yes,Bank transfer (automatic),92.47,2286.26,Yes
3445-FDSMW,Male,0,Yes,Yes,10,Yes,No,DSL,Yes,Yes,Yes,No,No,No,Month-to-month,Yes,Credit card (automatic),74.59,751.41,No
3083-SCJFX,Female,0,Yes,Yes,59,Yes,Yes,Fiber optic,No,No,No,No,Yes,No,Two year,No,Mailed check,95.92,5471.46,No
3140-NKXKK,Female,0,No,No,14,Yes,Yes,DSL,No,No,No,No,No,Yes,Month-to-month,Yes,Credit card (automatic),72.05,980.23,No
1047-RVIUG,Male,0,No,No,17,Yes,Yes,No,No internet service,No internet service,No internet service,No internet service,No internet service,No internet service,Month-to-month,No,Credit card (automatic),43.99,739.32,No
8208-LJXCN,Male,0,No,Yes,15,Yes,Yes,Fiber optic,No,Yes,No,No,Yes,Yes,Two year,No,Mailed check,110.58,1634.93,No
3163-TRQZC,Female,0,No,No,18,No,No phone service,Fiber optic,Yes,Yes,No,No,Yes,Yes,One year,No,Credit card (automatic),99.57,1775.47,No
2212-MJPWE,Female,0,No,No,60,Yes,No,Fiber optic,Yes,Yes,Yes,Yes,Yes,Yes,Two year,No,Bank transfer (automatic),118.75,7049.74,No
9698-FYAGZ,Female,0,Yes,No,61,Yes,No,No,No internet service,No internet service,No internet service,No internet service,No internet service,No internet service,Two year,Yes,Mailed check,27.29,1714.74,No
9867-VBKEO,Female,1,Yes,Yes,1,Yes,Yes,No,No internet service,No internet service,No internet service,No internet service,No internet service,No internet service,Month-to-month,Yes,Electronic check,40.53,39.43,Yes
4326-YKABK,Male,1,No,No,58,Yes,No,DSL,Yes,No,No,Yes,No,No,Two year,Yes,Credit card (automatic),62.73,3541.88,No
7038-ZKZKY,Female,0,Yes,Yes,72,Yes,Yes,Fiber optic,No,No,Yes,No,Yes,Yes,Two year,No,Electronic check,112.35,7726.63,No
1664-JSYCN,Female,0,Yes,No,70,Yes,No,Fiber optic,No,No,Yes,Yes,No,Yes,Two year,No,Credit card (automatic),95.84,6887.93,No
7450-JBPUU,Male,0,No,No,15,Yes,Yes,Fiber optic,Yes,No,Yes,No,Yes,No,One year,No,Mailed check,108.74,1640.59,No
5923-RLLZR,Female,0,No,No,2,Yes,Yes,No,No internet service,No internet service,No internet service,No internet service,No internet service,No internet service,Month-to-month,Yes,Electronic check,41.32,81.14,Yes
4089-SOIHP,Female,0,Yes,No,63,Yes,No,DSL,Yes,Yes,Yes,No,Yes,Yes,Two year,Yes,Electronic check,95.97,6073.17,No
3740-LDEDW,Male,1,Yes,Yes,14,Yes,Yes,Fiber optic,No,No,Yes,Yes,No,Yes,Month-to-month,Yes,Electronic check,113.1,1623.17,Yes
2924-CZGUR,Female,0,Yes,No,64,Yes,Yes,No,No internet service,No internet service,No internet service,No internet service,No internet service,No internet service,Two year,Yes,Credit card (automatic),42.53,2728.48,No
6628-YOIRC,Female,0,Yes,Yes,72,Yes,No,No,No internet service,No internet service,No internet service,No internet service,No internet service,No internet service,Two year,Yes,Electronic check,34.05,2474.67,No
9432-WQYNM,Female,0,No,No,28,Yes,No,Fiber optic,Yes,No,Yes,No,No,Yes,Month-to-month,Yes,Electronic check,96.48,2614.62,No
2607-TYDGI,Male,0,Yes,No,22,Yes,No,Fiber optic,Yes,Yes,Yes,Yes,No,No,Month-to-month,Yes,Mailed check,100.08,2305.9,No
2386-ROJFO,Male,1,No,No,65,Yes,Yes,No,No internet service,No internet service,No internet service,No internet service,No internet service,No internet service,Two year,Yes,Electronic check,49.22,3314.51,No
4922-XSZHL,Female,1,No,No,71,Yes,Yes,Fiber optic,Yes,No,Yes,No,Yes,Yes,Month-to-month,No,Electronic check,118.75,8261.01,No
4058-XRJGG,Male,0,No,Yes,4,Yes,No,No,No internet service,No internet service,No internet service,No internet service,No internet service,No internet service,One year,Yes,Electronic check,23.18,88.7,No
4314-YARCS,Female,0,Yes,Yes,72,Yes,Yes,DSL,Yes,No,No,Yes,Yes,No,Two year,Yes,Electronic check,87.84,6337.01,No
6993-WNKJS,Female,0,No,Yes,71,Yes,Yes,No,No internet service,No internet service,No internet service,No internet service,No internet service,No internet service,Month-to-month,No,Bank transfer (automatic),43.39,3199.64,No
7058-WUKRR,Male,0,Yes,No,63,Yes,No,DSL,Yes,No,No,Yes,No,Yes,Two year,Yes,Electronic check,81.47,4883.43,No
9181-ILPXU,Female,0,Yes,Yes,8,Yes,No,Fiber optic,Yes,Yes,No,No,Yes,No,Month-to-month,Yes,Mailed check,94.28,759.13,No
5395-SYXIF,Female,0,No,No,62,Yes,No,Fiber optic,No,No,No,No,No,Yes,One year,No,Bank transfer (automatic),85.01,5018.78,No
4930-LOZHK,Male,0,No,No,68,Yes,No,No,No internet service,No internet service,No internet service,No internet service,No internet service,No internet service,One year,Yes,Electronic check,29.32,1898.19,No
9237-JULXD,Female,0,No,No,6,Yes,No,Fiber optic,No,No,No,No,No,No,Month-to-month,Yes,Mailed check,71.77,427.69,No
3901-IJNXO,Female,0,Yes,Yes,23,Yes,No,DSL,No,Yes,Yes,Yes,No,No,One year,Yes,Bank transfer (automatic),80.73,1911.36,No
6019-NVEKD,Female,0,Yes,No,5,Yes,No,Fiber optic,Yes,No,No,No,Yes,Yes,Month-to-month,Yes,Bank transfer (automatic),95.61,455.37,No
7081-OKVEW,Female,1,No,No,42,Yes,No,Fiber optic,No,No,Yes,Yes,No,No,Month-to-month,No,Bank transfer (automatic),88.5,3722.84,No
4924-AWHGU,Male,1,No,Yes,66,Yes,No,No,No internet service,No internet service,No internet service,No internet service,No internet service,No internet service,One year,Yes,Electronic check,22.19,1497.15,No
2944-GKYHZ,Female,1,No,No,64,Yes,Yes,Fiber optic,Yes,No,No,No,No,Yes,Month-to-month,No,Mailed check,107.08,6692.52,No
5338-QPGXY,Female,0,No,No,72,Yes,No,No,No internet service,No internet service,No internet service,No internet service,No internet service,No internet service,Two year,Yes,Credit card (automatic),31.03,2248.17,No
2906-HIISB,Female,0,Yes,Yes,63,Yes,No,No,No internet service,No internet service,No internet service,No internet service,No internet service,No internet service,Two year,Yes,Mailed check,29.17,1908.36,No
7760-FUFYR,Female,0,No,Yes,31,Yes,No,Fiber optic,No,Yes,No,No,Yes,No,Two year,No,Electronic check,89.75,2871.47,No
1296-AQTMN,Male,0,Yes,No,14,Yes,Yes,Fiber optic,No,No,No,No,No,No,Month-to-month,No,Electronic check,87.86,1248.91,Yes
6837-XDDJO,Female,0,No,No,35,Yes,Yes,DSL,No,Yes,Yes,Yes,Yes,Yes,One year,Yes,Bank transfer (automatic),102.95,3507.17,No
2513-XOIFV,Male,0,No,No,50,No,No phone service,DSL,No,No,No,No,Yes,Yes,Two year,Yes,Electronic check,68.46,3288.2,No
5577-TEXNL,Male,0,No,No,69,Yes,No,Fiber optic,No,No,Yes,No,Yes,No,One year,Yes,Bank transfer (automatic),95.06,6324.15,No
5375-VQRBM,Male,1,No,No,66,Yes,Yes,DSL,No,Yes,No,Yes,Yes,Yes,Two year,Yes,Electronic check,107.8,7466.28,No
3680-WYRRK,Female,0,Yes,Yes,18,Yes,No,Fiber optic,Yes,Yes,No,No,Yes,No,Month-to-month,No,Mailed check,94.76,1743.5,Yes
6594-WVFLL,Female,0,No,No,3,Yes,No,Fiber optic,No,No,No,No,No,No,Month-to-month,No,Electronic check,78.3,228.2,Yes
8044-KIEMC,Female,0,Yes,No,1,Yes,Yes,No,No internet service,No internet service,No internet service,No internet service,No internet service,No internet service,Month-to-month,Yes,Electronic check,37.82,38.17,Yes
2014-QBTSV,Female,0,Yes,No,31,Yes,No,Fiber optic,No,No,Yes,No,No,Yes,Month-to-month,Yes,Credit card (automatic),95.91,2830.2,No
8197-YBYJQ,Female,1,Yes,No,11,Yes,No,No,No internet service,No internet service,No internet service,No internet service,No internet service,No internet service,Month-to-month,No,Electronic check,28.03,318.45,No
1747-AXMRS,Female,0,No,No,44,Yes,Yes,DSL,No,Yes,No,Yes,Yes,Yes,One year,No,Electronic check,97.17,4403.09,No
2076-IIRYD,Male,1,Yes,Yes,69,Yes,Yes,DSL,No,No,Yes,Yes,Yes,No,Two year,Yes,Electronic check,87.77,6151.57,No
1433-PFOUU,Male,0,Yes,Yes,65,Yes,No,DSL,Yes,No,Yes,Yes,Yes,Yes,Two year,Yes,Electronic check,95.02,5997.09,No
4565-TNQCZ,Male,0,No,No,49,Yes,Yes,DSL,No,Yes,No,Yes,No,No,One year,Yes,Credit card (automatic),83.04,4069.14,No
1574-FFQJE,Female,0,No,No,66,Yes,Yes,No,No internet service,No internet service,No internet service,No internet service,No internet service,No internet service,Two year,Yes,Electronic check,40.15,2697.78,No
7402-ESPES,Female,0,Yes,Yes,2,Yes,No,Fiber optic,No,No,Yes,No,No,No,Month-to-month,No,Bank transfer (automatic),79.71,157.38,Yes
8940-UISZJ,Male,0,Yes,No,9,Yes,Yes,Fiber optic,Yes,Yes,Yes,No,No,No,Month-to-month,Yes,Bank transfer (automatic),108.45,986.09,Yes
4493-XDDSV,Male,0,No,No,2,Yes,Yes,No,No internet service,No internet service,No internet service,No internet service,No internet service,No internet service,Month-to-month,No,Bank transfer (automatic),43.95,86.31,No
4716-SENPA,Female,0,No,No,1,Yes,No,Fiber optic,Yes,No,No,No,Yes,Yes,Month-to-month,No,Electronic check,101.27,101.36,Yes
6957-WRVUF,Male,0,Yes,No,24,Yes,Yes,Fiber optic,No,No,Yes,No,Yes,No,Month-to-month,No,Electronic check,104.01,2441.71,No
6800-FFLNZ,Female,0,No,No,3,Yes,Yes,Fiber optic,No,Yes,Yes,Yes,No,No,One year,No,Electronic check,110.75,339.24,No
8692-KXOLN,Female,1,No,Yes,22,Yes,Yes,Fiber optic,No,Yes,Yes,No,No,No,One year,No,Electronic check,108.39,2300.33,No
7374-PUDNE,Male,0,No,No,2,Yes,No,Fiber optic,No,Yes,Yes,No,No,No,Month-to-month,Yes,Electronic check,88.2,173.83,Yes
4275-JCMEC,Male,0,No,No,1,Yes,No,No,No internet service,No internet service,No internet service,No internet service,No internet service,No internet service,Month-to-month,No,Bank transfer (automatic),26.67,27.22,No
4641-XOOZS,Female,0,No,No,68,Yes,Yes,DSL,No,No,No,No,Yes,Yes,Two year,No,Mailed check,84.63,5866.86,No
9077-RVLSG,Female,1,No,No,54,Yes,Yes,No,No internet service,No internet service,No internet service,No internet service,No internet service,No internet service,Two year,Yes,Electronic check,39.34,2128.99,No
5231-UMITD,Female,1,Yes,No,54,Yes,Yes,Fiber optic,Yes,No,No,No,No,No,Month-to-month,No,Electronic check,91.54,4739.87,Yes
4437-ZZZZD,Female,0,No,No,5,No,No phone service,No,No internet service,No internet service,No internet service,No internet service,No internet service,No internet service,Month-to-month,Yes,Electronic check,23.12,115.43,Yes
3644-XNQTH,Male,0,No,No,58,No,No phone service,Fiber optic,No,Yes,No,No,No,Yes,One year,Yes,Mailed check,88.85,4955.04,No
3522-IZWOS,Male,0,Yes,Yes,8,Yes,Yes,Fiber optic,Yes,Yes,No,No,Yes,No,Month-to-month,No,Mailed check,112.08,884.27,Yes
4016-EYKJV,Female,1,No,No,18,Yes,No,No,No internet service,No internet service,No internet service,No internet service,No internet service,No internet service,Month-to-month,Yes,Credit card (automatic),32.35,568.42,No
6530-FRXGX,Female,1,Yes,No,3,Yes,No,Fiber optic,No,Yes,No,No,Yes,Yes,Month-to-month,Yes,Bank transfer (automatic),104.06,324.89,No
8844-WGWCB,Male,1,Yes,No,55,Yes,Yes,DSL,No,Yes,No,Yes,Yes,No,Two year,Yes,Bank transfer (automatic),92.76,5084.45,No
7501-RMCGM,Female,0,Yes,Yes,55,Yes,Yes,DSL,No,No,No,Yes,Yes,Yes,Month-to-month,Yes,Electronic check,88.95,5027.06,No
6165-FOHDO,Female,0,No,No,64,Yes,No,Fiber optic,No,No,No,Yes,No,Yes,Month-to-month,Yes,Mailed check,90.16,5736.87,No
3432-ARFKK,Male,1,No,No,67,Yes,No,No,No internet service,No internet service,No internet service,No internet service,No internet service,No internet service,Month-to-month,Yes,Credit card (automatic),28.74,1887.96,No
1939-NHKOS,Male,0,Yes,No,41,Yes,Yes,DSL,Yes,No,Yes,No,No,Yes,Two year,Yes,Mailed check,88.02,3584.85,No
6986-KIHMJ,Female,0,No,No,19,No,No phone service,No,No internet service,No internet service,No internet service,No internet service,No internet service,No internet service,One year,No,Electronic check,18.25,360.38,No
5119-OUYRJ,Male,0,Yes,No,20,No,No phone service,DSL,Yes,Yes,No,Yes,No,No,Month-to-month,Yes,Bank transfer (automatic),62.94,1208.39,No
8014-ZGCTR,Male,1,No,No,11,Yes,No,DSL,Yes,Yes,Yes,No,No,No,Two year,Yes,Electronic check,71.29,774.75,No
6405-LAYCS,Male,0,No,Yes,70,Yes,Yes,Fiber optic,No,No,Yes,Yes,No,No,Two year,No,Credit card (automatic),103.28,7045.57,No
4465-PLMUB,Female,0,No,No,9,Yes,No,No,No internet service,No internet service,No internet service,No internet service,No internet service,No internet service,Month-to-month,Yes,Mailed check,32.44,291.59,No
1008-VAEZR,Female,0,No,No,11,Yes,Yes,No,No internet service,No internet service,No internet service,No internet service,No internet service,No internet service,Month-to-month,No,Credit card (automatic),46.49,516.04,No
2165-QQCSC,Female,0,Yes,Yes,11,Yes,Yes,Fiber optic,No,No,Yes,No,No,Yes,One year,Yes,Electronic check,100.46,1128.45,No
6037-BFGSX,Male,0,No,No,66,Yes,Yes,Fiber optic,No,No,No,Yes,Yes,Yes,Two year,No,Electronic check,111.53,7091.02,No
7611-MOLAY,Female,0,No,Yes,1,Yes,No,DSL,No,No,No,Yes,Yes,No,Month-to-month,No,Mailed check,76.22,76.91,No
8775-FEMMC,Female,0,Yes,No,1,No,No phone service,Fiber optic,No,No,Yes,Yes,No,No,Month-to-month,Yes,Mailed check,78.05,80.19,Yes
4037-DQRAY,Female,0,No,Yes,56,Yes,Yes,DSL,No,No,No,No,Yes,No,Month-to-month,Yes,Bank transfer (automatic),77.48,4418.16,No
9690-NMOJV,Female,1,No,No,28,Yes,Yes,No,No internet service,No internet service,No internet service,No internet service,No internet service,No internet service,Two year,Yes,Bank transfer (automatic),39.91,1115.28,No
4407-YRXSI,Male,0,Yes,No,58,Yes,Yes,Fiber optic,No,No,No,No,No,No,One year,No,Mailed check,88.05,5155.38,No
2888-PQJIA,Female,0,No,No,58,Yes,Yes,Fiber optic,No,Yes,Yes,Yes,No,Yes,One year,Yes,Electronic check,118.75,7162.92,No
9396-RUQED,Male,1,No,No,11,Yes,No,DSL,Yes,No,No,No,No,No,Month-to-month,No,Credit card (automatic),63.09,693.99,Yes
1748-EPJAJ,Female,0,No,No,18,Yes,Yes,Fiber optic,Yes,Yes,No,Yes,No,Yes,Month-to-month,No,Electronic check,118.75,2206.09,Yes
7195-HHQUH,Male,0,Yes,No,5,Yes,No,No,No internet service,No internet service,No internet service,No internet service,No internet service,No internet service,Month-to-month,No,Electronic check,30.38,158.85,Yes
1112-SAKOK,Male,0,Yes,No,2,No,No phone service,DSL,No,Yes,No,No,No,No,Month-to-month,No,Electronic check,47.84,91.46,No
6065-OTMHL,Male,0,Yes,Yes,59,Yes,No,DSL,No,No,No,No,No,No,Two year,Yes,Mailed check,54.09,3306.84,No
8375-YXCVK,Female,0,No,No,16,Yes,Yes,DSL,No,No,Yes,No,Yes,Yes,Month-to-month,No,Electronic check,95.19,1463.6,Yes
6694-LZGIA,Male,0,No,No,61,Yes,No,No,No internet service,No internet service,No internet service,No internet service,No internet service,No internet service,One year,No,Bank transfer (automatic),25.35,1479.32,No
5002-JSMAT,Female,0,No,No,5,Yes,Yes,No,No internet service,No internet service,No internet service,No internet service,No internet service,No internet service,One year,Yes,Credit card (automatic),46.55,231.05,No
5462-OQZLC,Male,0,Yes,No,25,Yes,Yes,Fiber optic,No,No,No,Yes,Yes,Yes,Month-to-month,Yes,Credit card (automatic),114.84,2868.55,Yes
6867-DSFFS,Male,0,Yes,Yes,66,Yes,Yes,No,No internet service,No internet service,No internet service,No internet service,No internet service,No internet service,One year,Yes,Credit card (automatic),43.61,2759.0,No
8634-SEJEE,Female,0,No,No,51,Yes,Yes,DSL,No,Yes,Yes,Yes,Yes,No,One year,No,Electronic check,96.64,5155.41,No
7775-RLGCI,Male,0,No,Yes,62,Yes,No,Fiber optic,Yes,No,No,Yes,No,No,Two year,No,Mailed check,95.04,5630.17,No
5751-XQOOI,Male,0,No,No,12,Yes,No,DSL,Yes,No,Yes,Yes,No,Yes,One year,Yes,Electronic check,85.74,1049.28,No
7446-JHRGZ,Female,0,No,No,40,Yes,No,Fiber optic,Yes,Yes,No,Yes,Yes,Yes,Two year,Yes,Electronic check,115.44,4547.64,No
5288-WYHFS,Male,0,No,No,15,Yes,Yes,Fiber optic,No,No,Yes,No,Yes,No,One year,No,Electronic check,105.23,1519.92,No
2195-UHDOP,Male,0,No,No,4,Yes,No,DSL,No,No,No,No,No,No,Month-to-month,Yes,Electronic check,54.6,225.16,Yes
5007-TGSWH,Male,0,No,No,37,Yes,Yes,Fiber optic,Yes,No,No,Yes,Yes,No,One year,Yes,Mailed check,110.21,4201.09,No
8387-HOHKA,Female,1,Yes,Yes,64,Yes,No,Fiber optic,No,Yes,No,No,No,Yes,One year,No,Electronic check,90.71,6041.64,No
3807-DBIKP,Female,1,No,No,1,Yes,No,Fiber optic,No,Yes,No,No,Yes,No,Month-to-month,Yes,Mailed check,90.05,93.1,Yes
8815-SFOVQ,Female,0,No,Yes,1,Yes,Yes,No,No internet service,No internet service,No internet service,No internet service,No internet service,No internet service,Month-to-month,Yes,Electronic check,45.45,45.58,Yes
9558-PYCEZ,Female,0,Yes,No,54,No,No phone service,Fiber optic,Yes,Yes,Yes,Yes,No,Yes,One year,No,Credit card (automatic),101.56,5267.84,No
8299-DRCMB,Male,0,Yes,Yes,63,Yes,No,DSL,No,No,No,No,No,Yes,Two year,No,Mailed check,61.05,3963.94,No
6354-HWJHS,Male,1,Yes,No,1,Yes,No,Fiber optic,Yes,No,No,Yes,Yes,Yes,Month-to-month,Yes,Bank transfer (automatic),108.31,103.28,No
7763-JMPWD,Female,0,No,No,3,Yes,Yes,DSL,No,No,Yes,Yes,Yes,Yes,One year,Yes,Mailed check,103.21,315.83,No
5004-AHOWJ,Male,0,Yes,No,46,Yes,Yes,Fiber optic,No,No,Yes,Yes,No,No,Two year,Yes,Mailed check,99.75,4381.95,No
2050-DPOVD,Male,0,Yes,Yes,72,Yes,Yes,Fiber optic,No,No,No,No,No,Yes,Two year,Yes,Mailed check,99.97,7010.49,No
6828-CUFWI,Male,0,No,No,31,Yes,Yes,DSL,No,Yes,No,No,Yes,Yes,One year,Yes,Electronic check,96.47,2982.18,No
7446-WNPEP,Male,1,Yes,Yes,63,Yes,No,Fiber optic,No,No,No,Yes,Yes,No,Month-to-month,Yes,Electronic check,97.66,6206.94,Yes
8722-ZOLUX,Female,0,No,No,2,Yes,No,DSL,No,No,No,No,Yes,Yes,One year,Yes,Credit card (automatic),72.08,150.0,No
4578-YGJHG,Male,0,No,No,31,Yes,No,No,No internet service,No internet service,No internet service,No internet service,No internet service,No internet service,One year,Yes,Bank transfer (automatic),25.14,817.36,No
6361-KFBYO,Female,0,No,No,6,Yes,Yes,No,No internet service,No internet service,No internet service,No internet service,No internet service,No internet service,Month-to-month,Yes,Electronic check,38.22,234.96,No
1787-XHEVE,Male,0,Yes,No,8,Yes,Yes,No,No internet service,No internet service,No internet service,No internet service,No internet service,No internet service,Month-to-month,No,Electronic check,46.29,388.83,No
3223-AGIHG,Female,0,Yes,No,49,Yes,Yes,Fiber optic,No,No,Yes,Yes,Yes,No,Two year,No,Mailed check,111.44,5303.67,No
4406-RAGLP,Male,0,Yes,No,26,No,No phone service,Fiber optic,Yes,No,No,No,Yes,No,One year,No,Electronic check,87.27,2259.31,No
9264-TRRUO,Male,0,No,No,16,Yes,No,Fiber optic,Yes,Yes,No,No,No,Yes,Two year,Yes,Bank transfer (automatic),93.52,1540.73,No
1459-AUZQS,Female,0,No,No,19,Yes,No,Fiber optic,No,Yes,Yes,Yes,Yes,No,Month-to-month,Yes,Electronic check,106.22,1918.69,Yes
3307-OHTYD,Female,0,Yes,No,9,Yes,No,DSL,Yes,No,No,Yes,Yes,Yes,Month-to-month,Yes,Bank transfer (automatic),89.99,810.76,Yes
2469-QZLHM,Male,0,No,No,48,Yes,No,No,No internet service,No internet service,No internet service,No internet service,No internet service,No internet service,One year,Yes,Mailed check,33.34,1659.29,No
4085-ZHVBF,Male,0,Yes,No,1,Yes,Yes,Fiber optic,No,No,Yes,No,Yes,Yes,Month-to-month,No,Electronic check,109.87,111.21,Yes
7006-YEVPH,Male,0,No,No,58,Yes,Yes,DSL,Yes,No,No,Yes,No,No,Month-to-month,Yes,Credit card (automatic),84.93,5040.4,No
7403-ILIWX,Male,0,No,No,11,Yes,Yes,No,No internet service,No internet service,No internet service,No internet service,No internet service,No internet service,Month-to-month,No,Electronic check,45.55,518.85,Yes
3612-FDZQG,Male,1,No,No,13,Yes,No,Fiber optic,Yes,No,No,No,No,No,Month-to-month,Yes,Credit card (automatic),80.32,1084.35,No
3233-AIOCF,Male,0,No,No,6,Yes,No,No,No internet service,No internet service,No internet service,No internet service,No internet service,No internet service,Month-to-month,Yes,Bank transfer (automatic),29.81,176.77,Yes
1163-FFGMB,Male,0,No,No,34,Yes,Yes,Fiber optic,No,No,Yes,No,Yes,Yes,Month-to-month,No,Mailed check,117.85,3907.57,No
3012-RLLYA,Male,0,No,No,32,Yes,No,DSL,No,No,No,Yes,No,No,Month-to-month,No,Credit card (automatic),58.59,1853.82,No
7993-DMPTI,Female,0,No,Yes,10,Yes,No,Fiber optic,No,Yes,Yes,No,Yes,Yes,Month-to-month,No,Electronic check,109.61,1074.88,Yes
1928-EQFCX,Female,0,No,No,7,Yes,Yes,Fiber optic,No,Yes,Yes,No,Yes,Yes,Month-to-month,Yes,Electronic check,118.75,831.15,Yes
4781-TOGMG,Female,0,No,No,63,Yes,No,No,No internet service,No internet service,No internet service,No internet service,No internet service,No internet service,One year,No,Bank transfer (automatic),32.38,2018.77,No
4551-HXUBO,Male,1,No,Yes,3,Yes,No,Fiber optic,Yes,Yes,No,No,Yes,Yes,Month-to-month,Yes,Mailed check,103.76,299.07,No
8511-BZPTZ,Male,0,No,No,57,Yes,Yes,DSL,No,No,Yes,No,No,No,Month-to-month,Yes,Mailed check,71.73,4236.98,Yes
1268-CSYRD,Female,1,No,No,60,Yes,No,No,No internet service,No internet service,No internet service,No internet service,No internet service,No internet service,Two year,Yes,Credit card (automatic),28.39,1656.16,No
1853-WBVSX,Male,0,No,No,72,Yes,No,No,No internet service,No internet service,No internet service,No internet service,No internet service,No internet service,Month-to-month,No,Bank transfer (automatic),26.92,2011.27,No
5242-ROSYV,Male,0,Yes,No,60,Yes,Yes,DSL,Yes,No,Yes,No,Yes,Yes,Two year,No,Mailed check,101.89,5920.1,No
8803-QRIGC,Female,0,Yes,No,4,Yes,Yes,Fiber optic,Yes,Yes,Yes,No,No,Yes,Month-to-month,No,Bank transfer (automatic),116.82,479.0,Yes
3996-YBJON,Female,0,Yes,Yes,47,No,No phone service,DSL,Yes,Yes,No,No,Yes,Yes,One year,Yes,Bank transfer (automatic),76.61,3482.69,No
8220-ERQIW,Female,0,No,Yes,35,Yes,Yes,DSL,Yes,Yes,No,No,No,No,Month-to-month,No,Electronic check,80.14,2818.1,Yes
2050-EIBYU,Male,0,Yes,No,17,No,No phone service,No,No internet service,No internet service,No internet service,No internet service,No internet service,No internet service,One year,Yes,Electronic check,18.25,324.1,No
6623-KTHGN,Male,0,No,No,62,Yes,Yes,No,No internet service,No internet service,No internet service,No internet service,No internet service,No internet service,Two year,Yes,Mailed check,40.12,2526.84,No
3415-YMQLU,Female,0,No,No,39,Yes,Yes,Fiber optic,Yes,Yes,Yes,No,No,Yes,One year,Yes,Bank transfer (automatic),117.25,4364.21,No
2250-UCCZD,Male,0,No,No,70,Yes,Yes,No,No internet service,No internet service,No internet service,No internet service,No internet service,No internet service,Two year,Yes,Credit card (automatic),45.3,3224.0,No
8502-ZBSZO,Female,0,Yes,Yes,13,Yes,Yes,DSL,Yes,Yes,No,No,No,Yes,Two year,No,Bank transfer (automatic),91.09,1137.76,No
1819-RXXLB,Female,0,No,No,1,Yes,Yes,DSL,Yes,Yes,Yes,No,Yes,No,Month-to-month,No,Bank transfer (automatic),89.68,85.78,No
8941-HAQFD,Female,0,No,No,4,Yes,No,DSL,Yes,No,Yes,No,Yes,No,Month-to-month,No,Mailed check,74.06,296.1,No
2696-PQGJP,Male,0,No,No,34,Yes,No,No,No internet service,No internet service,No internet service,No internet service,No internet service,No internet service,Month-to-month,No,Credit card (automatic),31.56,1113.02,No
2792-MEDMK,Male,0,Yes,No,5,Yes,Yes,No,No internet service,No internet service,No internet service,No internet service,No internet service,No internet service,Month-to-month,Yes,Credit card (automatic),45.94,238.35,No
5170-GOEAW,Female,0,No,No,15,Yes,Yes,Fiber optic,No,Yes,No,Yes,No,Yes,One year,Yes,Mailed check,117.4,1790.95,No
3451-DJJIV,Female,0,No,No,61,Yes,Yes,No,No internet service,No internet service,No internet service,No internet service,No internet service,No internet service,One year,No,Bank transfer (automatic),39.14,2343.75,No
7266-WFFTS,Female,0,No,No,68,Yes,No,No,No internet service,No internet service,No internet service,No internet service,No internet service,No internet service,Two year,No,Bank transfer (automatic),31.88,2240.09,No
4203-FHHWV,Male,0,No,Yes,16,Yes,No,DSL,No,Yes,No,No,No,No,Month-to-month,Yes,Electronic check,60.59,997.52,Yes
5992-NNNPI,Male,0,No,No,15,No,No phone service,Fiber optic,No,No,No,No,No,No,Month-to-month,Yes,Electronic check,63.54,1000.34,Yes
5439-MUAJR,Female,1,No,Yes,52,Yes,Yes,DSL,No,Yes,No,No,Yes,No,Two year,No,Credit card (automatic),85.15,4424.2,No
9314-RBTIU,Female,0,No,No,16,Yes,No,Fiber optic,No,Yes,Yes,No,No,Yes,Month-to-month,No,Credit card (automatic),99.24,1645.02,No
8343-MQXKQ,Female,0,No,No,7,Yes,Yes,Fiber optic,No,No,Yes,Yes,No,Yes,Month-to-month,Yes,Bank transfer (automatic),104.68,741.9,Yes
4427-EWTKG,Male,0,No,No,26,Yes,Yes,Fiber optic,Yes,No,No,No,Yes,Yes,Month-to-month,No,Credit card (automatic),112.61,3020.76,Yes
8411-XMUEJ,Female,0,Yes,No,70,Yes,Yes,No,No internet service,No internet service,No internet service,No internet service,No internet service,No internet service,One year,No,Bank transfer (automatic),42.34,2830.31,No
3516-ACKOD,Female,1,Yes,Yes,16,Yes,No,Fiber optic,No,No,No,Yes,Yes,Yes,One year,Yes,Credit card (automatic),102.4,1609.5,No
3192-AJSEP,Female,0,Yes,No,64,Yes,Yes,No,No internet service,No internet service,No internet service,No internet service,No internet service,No internet service,Two year,Yes,Electronic check,46.33,2966.16,No
2917-BYYTF,Male,0,Yes,No,69,Yes,Yes,Fiber optic,No,Yes,Yes,Yes,Yes,Yes,One year,Yes,Mailed check,118.75,7909.63,No
3484-PIRPG,Male,1,Yes,No,2,No,No phone service,DSL,No,Yes,No,No,No,No,Month-to-month,Yes,Mailed check,49.33,97.89,Yes
5003-MSEKV,Female,0,Yes,Yes,14,Yes,No,Fiber optic,No,No,No,Yes,Yes,Yes,One year,Yes,Electronic check,100.84,1376.96,No
5860-RYBJI,Male,0,No,No,21,Yes,No,Fiber optic,No,No,No,No,No,Yes,Two year,No,Bank transfer (automatic),84.39,1713.99,No
5246-QARIF,Male,0,Yes,No,3,Yes,Yes,DSL,No,Yes,No,Yes,Yes,No,Month-to-month,Yes,Mailed check,96.16,287.07,Yes
2752-FNWBO,Female,0,Yes,No,64,Yes,Yes,DSL,Yes,Yes,No,No,Yes,Yes,One year,Yes,Credit card (automatic),101.83,6507.96,No
4677-SEVCW,Male,0,No,No,71,Yes,No,Fiber optic,Yes,Yes,No,No,Yes,No,Two year,Yes,Mailed check,99.75,6887.03,No
2546-YEBTN,Female,0,No,No,19,Yes,Yes,No,No internet service,No internet service,No internet service,No internet service,No internet service,No internet service,One year,No,Mailed check,41.08,774.18,No
2845-SNWON,Male,0,No,No,11,No,No phone service,Fiber optic,No,Yes,Yes,Yes,No,No,Month-to-month,Yes,Credit card (automatic),77.98,852.9,No
7577-HATCI,Female,0,No,No,70,Yes,No,DSL,No,Yes,Yes,Yes,No,No,Month-to-month,No,Electronic check,70.67,5046.89,No
9802-BIHDV,Female,0,Yes,Yes,2,No,No phone service,Fiber optic,No,No,Yes,Yes,Yes,No,Month-to-month,No,Mailed check,92.92,193.62,No
1015-BKONY,Male,0,Yes,No,28,Yes,Yes,No,No internet service,No internet service,No internet service,No internet service,No internet service,No internet service,Two year,No,Electronic check,43.32,1207.28,No
8245-QMVNU,Male,0,Yes,No,51,Yes,Yes,DSL,No,Yes,No,Yes,No,Yes,Two year,No,Mailed check,102.43,5481.54,No
7352-QHWTU,Male,1,Yes,Yes,3,Yes,Yes,DSL,No,Yes,Yes,Yes,No,No,Month-to-month,No,Bank transfer (automatic),86.17,249.25,No
2945-PSFRC,Male,0,Yes,Yes,54,Yes,No,DSL,No,No,No,No,Yes,Yes,Two year,No,Bank transfer (automatic),75.76,4188.72,No
3308-SLDBE,Female,0,No,No,46,Yes,No,No,No internet service,No internet service,No internet service,No internet service,No internet service,No internet service,Two year,No,Mailed check,34.34,1541.24,No
6007-RBEGF,Female,0,Yes,Yes,48,Yes,No,Fiber optic,No,No,No,No,No,Yes,One year,No,Electronic check,89.42,4102.39,No
2847-HMNWU,Male,0,Yes,Yes,59,Yes,Yes,Fiber optic,No,Yes,No,No,Yes,Yes,Two year,No,Mailed check,112.78,6349.69,No
2833-CWLVK,Male,0,Yes,Yes,46,Yes,No,DSL,No,Yes,No,No,No,No,Two year,No,Bank transfer (automatic),61.66,2705.43,No
5549-ONQNF,Male,1,No,No,1,Yes,No,DSL,Yes,Yes,Yes,No,Yes,No,Month-to-month,No,Mailed check,84.74,85.76,No
1326-BWKAR,Female,0,Yes,No,21,Yes,No,DSL,Yes,Yes,Yes,Yes,No,No,One year,Yes,Electronic check,78.74,1645.89,No
3754-SBJFE,Male,1,Yes,No,5,Yes,Yes,DSL,No,No,No,Yes,Yes,No,Month-to-month,Yes,Credit card (automatic),85.85,443.46,Yes
6515-FKWAQ,Female,0,Yes,Yes,14,Yes,No,DSL,No,Yes,Yes,No,No,No,Month-to-month,Yes,Mailed check,66.92,979.14,Yes
6351-VHXXO,Female,0,Yes,No,18,No,No phone service,Fiber optic,No,No,No,No,No,No,One year,No,Mailed check,65.07,1130.48,No
1031-YOEKV,Female,0,Yes,No,12,Yes,Yes,Fiber optic,Yes,Yes,Yes,No,No,No,One year,Yes,Mailed check,111.49,1367.46,No
3800-ROPBK,Male,0,No,No,16,Yes,No,DSL,Yes,No,Yes,No,Yes,No,Month-to-month,No,Bank transfer (automatic),74.38,1200.23,Yes
8081-ELLGF,Female,0,Yes,Yes,42,No,No phone service,Fiber optic,Yes,No,Yes,Yes,No,No,Two year,Yes,Electronic check,82.06,3588.8,No
4388-WNXRW,Male,0,No,No,4,Yes,Yes,Fiber optic,No,No,Yes,Yes,No,No,Month-to-month,Yes,Bank transfer (automatic),100.19,390.44,No
4339-FMXCI,Male,0,No,No,55,Yes,No,DSL,Yes,No,Yes,Yes,Yes,No,One year,Yes,Electronic check,88.18,4654.71,No
2868-WZXTT,Female,1,No,No,4,Yes,Yes,DSL,Yes,Yes,No,Yes,Yes,Yes,One year,Yes,Bank transfer (automatic),103.76,410.54,No
3900-KCLHU,Female,0,Yes,No,11,No,No phone service,DSL,No,Yes,No,Yes,No,No,Month-to-month,Yes,Electronic check,54.73,582.3,No
1013-ZERUF,Male,0,Yes,No,1,Yes,Yes,No,No internet service,No internet service,No internet service,No internet service,No internet service,No internet service,Month-to-month,No,Electronic check,36.32,37.77,No
4696-SDRWT,Male,0,Yes,No,64,Yes,No,DSL,Yes,No,No,No,No,Yes,Two year,Yes,Mailed check,69.56,4486.67,No
4666-JETSB,Male,0,No,No,63,Yes,Yes,DSL,No,No,No,Yes,Yes,No,Two year,No,Electronic check,84.98,5471.54,No
8813-IYTSK,Male,0,No,No,2,Yes,No,DSL,No,Yes,No,No,No,No,Month-to-month,No,Electronic check,59.7,115.64,Yes
8901-MCBTS,Male,1,Yes,No,6,Yes,No,Fiber optic,Yes,Yes,No,No,Yes,No,Month-to-month,Yes,Electronic check,92.98,573.5,Yes
3736-AXNCR,Male,0,No,No,6,Yes,Yes,Fiber optic,No,No,Yes,Yes,No,No,Month-to-month,No,Credit card (automatic),101.92,614.76,No
5364-GBDPY,Male,0,No,No,6,Yes,No,No,No internet service,No internet service,No internet service,No internet service,No internet service,No internet service,One year,Yes,Bank transfer (automatic),28.36,177.85,No
2913-LNCZK,Female,0,No,No,67,No,No phone service,No,No internet service,No internet service,No internet service,No internet service,No internet service,No internet service,One year,Yes,Electronic check,19.34,1297.44,No
9736-QOHRE,Female,0,Yes,No,18,No,No phone service,DSL,No,No,No,No,No,Yes,Month-to-month,No,Credit card (automatic),56.35,964.59,Yes
1272-ZVDKJ,Female,0,No,No,47,Yes,No,Fiber optic,No,No,Yes,Yes,No,No,Two year,Yes,Credit card (automatic),88.79,3974.29,No
7541-NTPJV,Male,0,Yes,No,39,Yes,Yes,Fiber optic,No,No,No,Yes,Yes,Yes,One year,Yes,Electronic check,112.54,4268.78,No
3266-IFQPX,Female,0,No,Yes,33,Yes,No,DSL,No,Yes,Yes,No,No,No,Month-to-month,Yes,Bank transfer (automatic),68.07,2308.08,No
3662-IFHLQ,Female,0,Yes,No,24,Yes,Yes,Fiber optic,No,Yes,No,No,No,No,One year,No,Electronic check,98.93,2302.3,No
8280-TXPPL,Female,0,Yes,Yes,63,Yes,No,DSL,Yes,Yes,No,No,No,No,Month-to-month,Yes,Mailed check,73.05,4523.13,No
8785-DQKZH,Female,0,No,No,8,Yes,Yes,DSL,No,No,Yes,No,Yes,No,Month-to-month,Yes,Electronic check,77.23,612.05,Yes
8174-OKAAU,Female,0,No,No,65,Yes,No,DSL,No,No,Yes,No,Yes,Yes,Two year,No,Electronic check,80.94,5056.92,No
8492-HRGJQ,Female,0,Yes,Yes,7,Yes,Yes,DSL,No,Yes,No,No,Yes,Yes,Month-to-month,Yes,Mailed check,87.88,632.7,No
5656-KBNUU,Male,0,Yes,No,54,Yes,No,No,No internet service,No internet service,No internet service,No internet service,No internet service,No internet service,Two year,No,Credit card (automatic),35.64,1932.34,No
5952-CMHLY,Female,0,No,No,26,Yes,No,DSL,No,No,Yes,Yes,Yes,Yes,One year,No,Credit card (automatic),88.09,2233.41,No
6625-FTNNZ,Female,0,No,No,58,Yes,Yes,Fiber optic,Yes,No,Yes,Yes,Yes,No,Two year,No,Credit card (automatic),118.75,6865.5,No
5799-UNGIU,Female,0,No,No,57,Yes,No,DSL,No,No,No,Yes,Yes,No,Two year,No,Electronic check,78.47,4564.81,No
3730-RNKAZ,Female,0,No,No,21,Yes,No,DSL,No,Yes,No,Yes,No,Yes,Month-to-month,No,Bank transfer (automatic),81.6,1748.61,Yes
2937-VZEDL,Male,0,Yes,Yes,1,No,No phone service,DSL,Yes,Yes,No,No,No,No,Month-to-month,Yes,Electronic check,57.45,55.93,Yes
7499-KOXAO,Male,0,No,No,2,Yes,No,DSL,Yes,No,No,Yes,Yes,No,Month-to-month,Yes,Mailed check,79.03,156.96,No
5432-NGNUA,Female,0,No,No,54,Yes,Yes,Fiber optic,Yes,No,Yes,Yes,No,No,One year,Yes,Electronic check,110.38,5679.66,No
9841-OERBM,Female,0,No,Yes,63,Yes,No,No,No internet service,No internet service,No internet service,No internet service,No internet service,No internet service,Month-to-month,No,Bank transfer (automatic),29.88,1868.07,No
9861-OQTGW,Female,1,Yes,Yes,62,Yes,No,Fiber optic,Yes,No,No,No,No,Yes,Two year,Yes,Electronic check,90.66,5371.66,No
2736-OKWAY,Male,1,No,No,57,Yes,Yes,No,No internet service,No internet service,No internet service,No internet service,No internet service,No internet service,Two year,Yes,Bank transfer (automatic),39.4,2138.44,No
8324-UXBFR,Male,0,No,No,58,Yes,Yes,Fiber optic,No,No,Yes,Yes,Yes,No,Two year,Yes,Electronic check,108.13,6328.34,No
7395-TKPWP,Female,0,No,No,12,Yes,No,Fiber optic,Yes,No,Yes,No,Yes,Yes,Two year,Yes,Mailed check,100.29,1208.96,No
4330-AZJHO,Female,0,No,No,70,Yes,No,Fiber optic,No,Yes,No,Yes,Yes,Yes,Two year,Yes,Electronic check,110.02,7996.75,No
4138-VZRXH,Female,0,No,No,58,Yes,No,No,No internet service,No internet service,No internet service,No internet service,No internet service,No internet service,One year,No,Electronic check,26.96,1605.06,Yes
8353-ONMSA,Male,0,No,No,2,No,No phone service,No,No internet service,No internet service,No internet service,No internet service,No internet service,No internet service,Month-to-month,Yes,Mailed check,22.88,46.97,No
2938-NEWUA,Female,1,Yes,Yes,3,Yes,No,Fiber optic,Yes,Yes,Yes,No,No,No,Month-to-month,Yes,Credit card (automatic),95.41,297.4,Yes
4343-LXDGX,Male,0,Yes,Yes,72,Yes,No,No,No internet service,No internet service,No internet service,No internet service,No internet service,No internet service,One year,Yes,Electronic check,40.32,2802.92,No
5964-YGPYK,Female,1,No,No,9,Yes,No,Fiber optic,No,Yes,Yes,No,Yes,No,Month-to-month,No,Mailed check,101.67,870.34,No
5493-RYOYV,Male,0,No,No,18,Yes,No,No,No internet service,No internet service,No internet service,No internet service,No internet service,No internet service,One year,No,Electronic check,29.07,516.55,No
7131-EYJUD,Male,0,Yes,Yes,4,Yes,No,Fiber optic,Yes,Yes,Yes,No,Yes,Yes,Month-to-month,Yes,Electronic check,118.75,464.26,Yes
6301-XPLMI,Female,0,No,No,3,Yes,No,Fiber optic,Yes,No,No,No,No,Yes,One year,Yes,Electronic check,93.36,268.93,No
7970-TEWDA,Female,0,Yes,Yes,59,Yes,Yes,Fiber optic,No,No,No,No,Yes,Yes,Two year,Yes,Mailed check,105.67,6052.69,No
4865-FQRLA,Male,0,Yes,Yes,32,Yes,No,Fiber optic,No,Yes,Yes,No,Yes,No,Two year,Yes,Bank transfer (automatic),99.17,3043.93,No
9174-HXHHU,Female,0,No,No,68,Yes,Yes,DSL,No,Yes,No,No,Yes,No,One year,No,Electronic check,75.78,5277.99,No
7100-PPICV,Male,0,No,No,17,Yes,Yes,DSL,No,No,Yes,No,No,No,Month-to-month,Yes,Bank transfer (automatic),70.44,1200.42,No
4797-NIMCD,Male,0,Yes,Yes,71,Yes,No,Fiber optic,Yes,No,No,Yes,No,No,One year,Yes,Electronic check,87.66,6058.25,No
6456-SFEVX,Male,0,No,No,68,Yes,No,Fiber optic,No,Yes,No,No,No,Yes,One year,No,Electronic check,93.61,6606.04,No
1923-AGDEC,Male,0,No,No,61,Yes,Yes,Fiber optic,Yes,Yes,No,No,Yes,No,Two year,Yes,Electronic check,109.23,6979.01,No
2113-YUGUD,Male,0,No,No,65,Yes,Yes,DSL,No,No,Yes,No,No,Yes,Two year,Yes,Mailed check,82.69,5331.32,No
8590-MLHQT,Male,0,Yes,Yes,1,Yes,Yes,No,No internet service,No internet service,No internet service,No internet service,No internet service,No internet service,Month-to-month,Yes,Mailed check,45.24,46.32,No
6677-OSIIE,Male,0,No,No,4,Yes,No,Fiber optic,No,Yes,Yes,Yes,No,No,Month-to-month,No,Bank transfer (automatic),93.01,380.97,Yes
6001-EVDWC,Female,0,Yes,No,12,Yes,Yes,DSL,Yes,No,No,Yes,Yes,Yes,One year,No,Credit card (automatic),103.69,1252.01,No
2894-ZIJCB,Male,1,Yes,No,64,Yes,Yes,Fiber optic,Yes,No,No,No,No,Yes,One year,Yes,Credit card (automatic),106.1,6764.9,No
6504-XNQJP,Female,0,No,No,65,Yes,Yes,DSL,No,No,Yes,Yes,Yes,No,One year,No,Credit card (automatic),90.09,5940.3,No
5232-LHMTQ,Male,0,No,No,3,Yes,Yes,DSL,Yes,No,No,Yes,Yes,Yes,One year,Yes,Credit card (automatic),93.03,269.85,No
6842-UHWTW,Female,0,Yes,No,2,Yes,No,No,No internet service,No internet service,No internet service,No internet service,No internet service,No internet service,Month-to-month,Yes,Mailed check,31.05,63.5,No
5846-CULJH,Male,1,No,No,69,Yes,Yes,No,No internet service,No internet service,No internet service,No internet service,No internet service,No internet service,Two year,No,Credit card (automatic),44.38,2943.0,No
8527-FHXFI,Male,0,No,No,12,Yes,No,DSL,No,Yes,No,No,No,Yes,Month-to-month,Yes,Bank transfer (automatic),68.78,834.08,No
9000-NAFNK,Male,0,No,No,66,No,No phone service,DSL,Yes,Yes,Yes,No,Yes,No,One year,No,Bank transfer (automatic),76.05,4781.85,No
2124-RGQXZ,Male,0,No,Yes,2,Yes,Yes,Fiber optic,No,Yes,Yes,Yes,No,No,Month-to-month,Yes,Electronic check,111.14,230.97,Yes
7997-YNNXV,Male,0,Yes,No,67,Yes,Yes,No,No internet service,No internet service,No internet service,No internet service,No internet service,No internet service,Two year,No,Mailed check,46.99,3218.99,No
2119-JEOFH,Female,0,No,No,28,No,No phone service,Fiber optic,No,Yes,No,No,No,No,One year,No,Credit card (automatic),74.04,2066.91,No
8123-ERIDR,Female,0,Yes,Yes,13,Yes,No,Fiber optic,No,Yes,Yes,Yes,No,No,One year,Yes,Credit card (automatic),98.54,1294.86,No
7694-IRYSM,Female,0,No,No,68,Yes,Yes,No,No internet service,No internet service,No internet service,No internet service,No internet service,No internet service,Two year,Yes,Mailed check,45.21,3116.94,No
9386-BNWJR,Female,1,Yes,No,55,Yes,No,No,No internet service,No internet service,No internet service,No internet service,No internet service,No internet service,Two year,Yes,Bank transfer (automatic),32.15,1840.73,No
4080-HWMTL,Male,0,Yes,Yes,56,Yes,No,Fiber optic,No,No,No,Yes,Yes,Yes,One year,No,Credit card (automatic),104.29,5836.69,No
7207-YPKYZ,Male,0,No,No,50,Yes,No,Fiber optic,No,Yes,Yes,No,Yes,Yes,Two year,No,Electronic check,111.85,5642.87,No
4677-FKPOX,Male,0,Yes,Yes,8,No,No phone service,DSL,Yes,No,No,No,No,Yes,Month-to-month,Yes,Electronic check,58.02,479.48,Yes
8045-GXBPP,Male,0,Yes,Yes,69,No,No phone service,No,No internet service,No internet service,No internet service,No internet service,No internet service,No internet service,Month-to-month,No,Electronic check,19.24,1320.46,No
1475-RCNOM,Female,0,No,No,67,Yes,No,Fiber optic,No,No,Yes,Yes,No,Yes,One year,No,Electronic check,102.06,6672.11,No
1277-NGYSE,Female,0,No,No,21,No,No phone service,Fiber optic,No,No,Yes,No,Yes,No,One year,Yes,Credit card (automatic),77.8,1603.09,No
2392-OKNXE,Male,0,No,No,7,Yes,Yes,Fiber optic,No,No,Yes,No,Yes,Yes,Month-to-month,Yes,Bank transfer (automatic),113.34,766.95,Yes
5830-KTNNQ,Male,0,Yes,No,13,Yes,No,DSL,No,No,Yes,Yes,Yes,No,Month-to-month,No,Mailed check,73.78,982.79,No
8500-PLOWV,Female,0,Yes,Yes,62,Yes,Yes,DSL,Yes,Yes,Yes,No,No,No,Two year,Yes,Electronic check,85.61,5541.6,No
9032-ISJNY,Female,1,Yes,Yes,52,No,No phone service,Fiber optic,Yes,Yes,No,No,Yes,No,Two year,Yes,Mailed check,88.98,4410.59,No
2821-VBDLP,Male,0,No,No,5,Yes,No,No,No internet service,No internet service,No internet service,No internet service,No internet service,No internet service,Month-to-month,No,Credit card (automatic),37.95,193.42,No
9827-PXVVV,Female,0,No,No,57,No,No phone service,Fiber optic,No,Yes,Yes,No,Yes,Yes,Two year,Yes,Mailed check,101.91,5752.16,No
5902-NEPWX,Female,0,Yes,Yes,3,No,No phone service,Fiber optic,No,No,Yes,No,No,No,Month-to-month,No,Electronic check,72.48,214.46,Yes
8571-AIPHZ,Male,0,Yes,Yes,34,No,No phone service,DSL,Yes,Yes,No,No,No,Yes,Month-to-month,No,Mailed check,60.6,2074.19,No
6385-VUUFM,Male,0,Yes,Yes,52,Yes,No,No,No internet service,No internet service,No internet service,No internet service,No internet service,No internet service,Two year,Yes,Electronic check,32.52,1655.49,No
3619-NKNCS,Female,0,Yes,No,44,Yes,Yes,Fiber optic,No,No,No,Yes,Yes,Yes,Two year,Yes,Bank transfer (automatic),112.86,5201.55,No
1486-FNTWC,Female,0,Yes,No,61,Yes,No,DSL,No,No,No,No,No,No,Month-to-month,Yes,Mailed check,55.29,3458.06,No
2342-PPZVC,Female,0,No,No,20,Yes,No,DSL,No,No,Yes,No,No,Yes,One year,Yes,Electronic check,68.7,1368.88,No
6514-OXAUR,Male,0,Yes,Yes,25,No,No phone service,No,No internet service,No internet service,No internet service,No internet service,No internet service,No internet service,Two year,Yes,Credit card (automatic),18.25,458.96,No
3734-VLPJD,Male,0,No,No,13,Yes,Yes,Fiber optic,Yes,Yes,No,No,Yes,No,Month-to-month,Yes,Bank transfer (automatic),102.37,1278.94,Yes
7966-YPFUC,Female,0,No,No,17,Yes,No,DSL,Yes,No,No,No,No,Yes,Month-to-month,Yes,Mailed check,67.29,1165.54,Yes
6129-TNASY,Male,0,Yes,Yes,72,Yes,No,DSL,No,Yes,Yes,No,Yes,No,Two year,Yes,Credit card (automatic),81.9,5957.52,No
1194-TRFRA,Male,1,No,No,20,Yes,Yes,No,No internet service,No internet service,No internet service,No internet service,No internet service,No internet service,One year,No,Bank transfer (automatic),40.26,841.62,No
2991-DGPAY,Female,0,No,No,65,Yes,Yes,DSL,No,No,No,No,Yes,Yes,Two year,No,Electronic check,88.95,5817.61,No
9726-DOMDW,Female,0,Yes,No,9,No,No phone service,Fiber optic,Yes,Yes,Yes,No,Yes,No,Month-to-month,Yes,Electronic check,95.68,819.55,Yes
6727-DSBBN,Female,1,No,No,3,No,No phone service,Fiber optic,No,No,No,Yes,No,Yes,Month-to-month,Yes,Bank transfer (automatic),80.18,245.76,No
9765-UWSBI,Female,0,Yes,No,29,Yes,Yes,DSL,Yes,Yes,Yes,No,Yes,Yes,Month-to-month,No,Electronic check,101.62,2851.29,Yes
3222-HSFBI,Female,0,No,No,3,Yes,Yes,Fiber optic,No,No,No,Yes,No,Yes,Month-to-month,No,Electronic check,101.08,306.03,Yes
9698-MJKXC,Male,0,No,No,9,Yes,No,No,No internet service,No internet service,No internet service,No internet service,No internet service,No internet service,Month-to-month,No,Bank transfer (automatic),29.09,264.35,No
6712-NPOFG,Female,0,No,No,10,Yes,No,Fiber optic,Yes,No,No,Yes,No,No,Month-to-month,Yes,Credit card (automatic),86.38,899.86,No
1988-SQOZZ,Male,0,No,No,4,No,No phone service,Fiber optic,Yes,Yes,No,No,Yes,No,Month-to-month,Yes,Bank transfer (automatic),84.88,339.89,Yes
8048-CQHRC,Female,1,No,No,36,Yes,Yes,No,No internet service,No internet service,No internet service,No internet service,No internet service,No internet service,Two year,Yes,Mailed check,38.28,1412.46,No
6477-WVGME,Male,0,No,No,15,Yes,Yes,No,No internet service,No internet service,No internet service,No internet service,No internet service,No internet service,Month-to-month,Yes,Electronic check,38.63,556.49,No
6680-UDJGY,Female,0,No,No,65,Yes,Yes,DSL,Yes,No,No,No,No,Yes,Month-to-month,No,Electronic check,76.94,5246.3,No
1697-RVXME,Male,0,Yes,Yes,35,Yes,No,Fiber optic,Yes,No,No,No,Yes,Yes,Month-to-month,Yes,Bank transfer (automatic),104.59,3626.66,No
1461-WOKTJ,Male,1,No,No,19,Yes,No,Fiber optic,No,Yes,No,No,Yes,Yes,Month-to-month,No,Credit card (automatic),95.28,1875.64,No
1076-IGECU,Male,0,Yes,Yes,72,Yes,Yes,Fiber optic,No,No,No,No,No,Yes,Two year,No,Electronic check,95.24,7043.01,No
5201-BSKAC,Male,0,Yes,No,47,Yes,No,Fiber optic,No,Yes,Yes,No,Yes,Yes,One year,No,Bank transfer (automatic),108.43,4971.84,No
8566-YIXIW,Female,0,No,No,62,Yes,Yes,Fiber optic,Yes,Yes,Yes,Yes,Yes,No,Two year,No,Bank transfer (automatic),118.75,7615.35,No
5908-KGZZA,Female,0,Yes,No,51,Yes,No,Fiber optic,No,Yes,No,Yes,No,Yes,Two year,Yes,Mailed check,98.62,4917.33,No
9959-AMFGM,Female,1,Yes,No,61,Yes,No,DSL,Yes,No,No,No,Yes,Yes,Two year,No,Electronic check,79.9,5080.16,No
4416-KYNCQ,Male,0,No,No,2,Yes,No,DSL,No,No,Yes,No,No,No,Month-to-month,Yes,Bank transfer (automatic),58.26,111.36,Yes
5433-LNPPU,Male,0,Yes,Yes,60,Yes,No,Fiber optic,No,No,No,Yes,No,No,One year,No,Mailed check,87.1,5301.67,No
1354-OOBMG,Male,0,Yes,No,16,Yes,No,No,No internet service,No internet service,No internet service,No internet service,No internet service,No internet service,Month-to-month,Yes,Mailed check,34.8,549.64,No
1058-OENWY,Male,0,No,No,1,Yes,Yes,Fiber optic,No,Yes,Yes,No,No,No,Month-to-month,No,Electronic check,99.54,99.43,Yes
9341-LHIYC,Female,0,No,No,67,Yes,No,DSL,Yes,No,No,No,No,Yes,One year,Yes,Bank transfer (automatic),68.87,4581.55,No
4885-VTNXD,Male,0,No,No,65,Yes,No,Fiber optic,Yes,No,Yes,No,Yes,Yes,One year,No,Electronic check,105.66,7069.42,No
9043-DGFQL,Male,0,No,No,66,Yes,Yes,DSL,No,No,Yes,No,Yes,No,Two year,Yes,Electronic check,84.53,5848.98,No
2963-UTVVU,Male,0,No,No,31,Yes,Yes,Fiber optic,No,No,No,No,No,No,Month-to-month,Yes,Electronic check,84.45,2523.88,Yes
1575-FYPTX,Male,1,No,No,30,Yes,No,No,No internet service,No internet service,No internet service,No internet service,No internet service,No internet service,Month-to-month,Yes,Credit card (automatic),30.97,930.4,No
9310-MOLTZ,Female,0,No,No,1,Yes,Yes,Fiber optic,No,No,Yes,Yes,No,Yes,Month-to-month,Yes,Electronic check,110.24,113.59,Yes
4644-TFHMA,Female,1,No,No,61,Yes,Yes,DSL,Yes,No,Yes,No,No,Yes,Two year,Yes,Mailed check,91.41,5701.72,No
5113-CSPQC,Male,0,No,No,8,No,No phone service,No,No internet service,No internet service,No internet service,No internet service,No internet service,No internet service,Month-to-month,No,Bank transfer (automatic),18.33,146.89,Yes
6719-FVWZE,Male,0,Yes,No,4,Yes,Yes,Fiber optic,No,Yes,Yes,Yes,No,No,Month-to-month,No,Mailed check,105.83,418.05,Yes
3092-KJUZY,Male,0,Yes,Yes,10,Yes,Yes,No,No internet service,No internet service,No internet service,No internet service,No internet service,No internet service,Month-to-month,No,Bank transfer (automatic),38.87,391.7,No
2111-REWXP,Male,0,Yes,No,19,Yes,No,DSL,No,No,No,Yes,Yes,No,One year,No,Electronic check,71.35,1339.92,No
6834-LDGHA,Male,0,No,Yes,11,Yes,Yes,Fiber optic,No,No,Yes,No,No,No,One year,No,Credit card (automatic),90.95,1016.14,No
9105-RVHOE,Female,0,Yes,Yes,9,Yes,No,DSL,No,Yes,No,No,No,No,Month-to-month,No,Mailed check,61.77,575.28,No
7082-ZGOBQ,Female,0,No,No,1,Yes,No,DSL,No,No,No,Yes,No,No,One year,Yes,Mailed check,64.32,65.12,No
6071-CQDTO,Female,1,No,Yes,5,Yes,No,DSL,Yes,No,No,Yes,Yes,No,Month-to-month,No,Mailed check,77.35,372.25,No
8628-ASODK,Male,0,No,No,4,Yes,No,No,No internet service,No internet service,No internet service,No internet service,No internet service,No internet service,Month-to-month,No,Bank transfer (automatic),29.0,116.98,No
5190-WOFEC,Male,0,Yes,No,16,Yes,Yes,DSL,Yes,No,No,Yes,No,No,One year,Yes,Electronic check,78.87,1256.78,No
9126-VUEAV,Female,0,No,No,66,Yes,Yes,Fiber optic,No,Yes,No,No,No,No,Two year,No,Mailed check,98.28,6767.15,No
4505-ECNQA,Female,0,Yes,Yes,6,Yes,No,No,No internet service,No internet service,No internet service,No internet service,No internet service,No internet service,Month-to-month,Yes,Bank transfer (automatic),29.11,176.2,No
6004-JLRFM,Female,0,No,No,4,Yes,Yes,DSL,No,No,No,No,Yes,No,One year,Yes,Mailed check,76.25,312.33,No
3446-OLQBY,Male,0,No,No,18,Yes,No,No,No internet service,No internet service,No internet service,No internet service,No internet service,No internet service,Month-to-month,No,Electronic check,25.9,471.66,No
1575-AIUKU,Male,0,Yes,No,58,Yes,No,Fiber optic,No,Yes,No,No,No,Yes,Month-to-month,Yes,Bank transfer (automatic),89.48,5447.92,No
3220-BJKOA,Male,0,No,No,72,Yes,No,DSL,No,Yes,No,No,Yes,Yes,One year,Yes,Mailed check,84.16,6246.07,No
6553-MPACG,Female,0,Yes,Yes,59,Yes,No,Fiber optic,Yes,No,No,No,Yes,No,One year,Yes,Electronic check,99.51,6040.82,No
6464-YOAUF,Female,0,No,Yes,54,No,No phone service,DSL,Yes,Yes,Yes,Yes,Yes,No,Two year,No,Credit card (automatic),79.11,4260.33,No
8560-CTALE,Female,0,Yes,No,32,Yes,Yes,DSL,Yes,No,Yes,No,No,Yes,Month-to-month,No,Electronic check,90.64,3016.13,Yes
2788-FVOTM,Male,0,Yes,Yes,2,Yes,Yes,Fiber optic,No,No,Yes,Yes,Yes,No,Month-to-month,Yes,Electronic check,116.29,234.69,Yes
2238-RMEAV,Female,1,Yes,No,21,Yes,Yes,Fiber optic,No,Yes,Yes,Yes,Yes,No,Month-to-month,Yes,Bank transfer (automatic),118.75,2503.4,Yes
6180-WSHKC,Male,1,Yes,Yes,10,Yes,No,DSL,No,No,No,No,No,No,Month-to-month,No,Bank transfer (automatic),57.91,584.61,No
9126-CEVZM,Male,0,No,No,28,Yes,Yes,Fiber optic,No,No,No,Yes,No,No,Month-to-month,No,Mailed check,95.61,2744.73,No
1103-LHKZD,Male,0,No,No,63,Yes,No,Fiber optic,Yes,Yes,No,No,Yes,No,One year,No,Mailed check,99.08,5938.71,No
4695-THUXE,Female,1,No,No,62,Yes,Yes,Fiber optic,Yes,Yes,No,No,No,No,One year,Yes,Credit card (automatic),95.93,5997.35,No
3362-CKDEX,Male,1,Yes,No,66,Yes,No,Fiber optic,Yes,Yes,Yes,No,Yes,No,One year,Yes,Electronic check,103.33,7063.04,No
5421-TDTYS,Male,0,Yes,No,53,Yes,Yes,Fiber optic,No,Yes,No,No,Yes,Yes,One year,No,Mailed check,116.25,6079.63,No
5449-HVUME,Female,0,No,No,52,Yes,Yes,Fiber optic,Yes,No,Yes,No,No,No,Month-to-month,No,Credit card (automatic),98.83,4983.06,No
1370-FEQJC,Male,1,Yes,No,61,Yes,No,DSL,No,Yes,Yes,No,Yes,No,Month-to-month,Yes,Electronic check,79.11,4640.97,No
3138-MCMVS,Female,0,No,No,5,Yes,No,Fiber optic,No,No,Yes,Yes,Yes,No,Month-to-month,No,Electronic check,94.91,478.19,Yes
1394-ZRHIR,Male,0,No,No,15,No,No phone service,No,No internet service,No internet service,No internet service,No internet service,No internet service,No internet service,One year,Yes,Mailed check,19.83,293.27,No
9848-JJDCR,Male,1,Yes,No,16,Yes,Yes,Fiber optic,Yes,No,No,No,No,Yes,Month-to-month,No,Bank transfer (automatic),98.03,1608.99,No
6237-YNXCU,Female,0,No,Yes,9,Yes,No,Fiber optic,No,No,Yes,No,Yes,Yes,Month-to-month,Yes,Electronic check,105.04,975.96,Yes
9855-WZSTU,Male,1,No,No,2,Yes,Yes,Fiber optic,No,Yes,No,Yes,No,No,Month-to-month,No,Electronic check,98.99,205.86,Yes
7776-GOUXN,Male,0,No,Yes,6,No,No phone service,DSL,No,Yes,No,No,Yes,Yes,Month-to-month,Yes,Electronic check,76.08,434.05,Yes
7902-DMZXN,Female,1,Yes,Yes,47,Yes,No,Fiber optic,No,No,Yes,No,Yes,Yes,Two year,No,Mailed check,102.05,4946.87,No
5411-IGNFV,Female,0,Yes,Yes,9,Yes,No,No,No internet service,No internet service,No internet service,No internet service,No internet service,No internet service,Month-to-month,Yes,Credit card (automatic),36.19,329.68,No
2451-ZCAHW,Female,1,Yes,Yes,48,Yes,No,Fiber optic,No,No,Yes,Yes,Yes,No,Month-to-month,No,Electronic check,94.71,4464.89,Yes
3140-CHBOS,Male,0,Yes,No,6,Yes,Yes,DSL,No,Yes,No,No,Yes,No,Month-to-month,No,Electronic check,90.58,534.51,Yes
9668-YTYFP,Male,0,Yes,No,61,Yes,No,Fiber optic,No,No,No,No,No,Yes,One year,No,Credit card (automatic),88.23,5415.53,No
3094-VUZHG,Female,0,No,Yes,72,Yes,Yes,DSL,No,Yes,No,No,Yes,No,Two year,No,Credit card (automatic),86.78,5938.81,No
8160-HYBEF,Female,0,No,No,68,Yes,No,Fiber optic,Yes,No,No,Yes,No,Yes,Month-to-month,No,Electronic check,105.48,7052.05,No
9647-KHESA,Female,0,No,No,59,Yes,Yes,DSL,Yes,Yes,Yes,No,No,Yes,One year,No,Mailed check,99.21,6086.54,No
2080-ZFSRT,Female,0,Yes,No,5,Yes,Yes,DSL,No,Yes,Yes,No,No,No,Month-to-month,Yes,Electronic check,81.14,411.79,Yes
1238-JIWTA,Female,0,No,No,28,No,No phone service,No,No internet service,No internet service,No internet service,No internet service,No internet service,No internet service,Two year,Yes,Electronic check,18.25,493.42,No
1337-ANGHS,Male,0,Yes,No,67,Yes,Yes,Fiber optic,Yes,No,No,Yes,No,Yes,One year,No,Mailed check,112.51,7788.92,No
7607-LPPAN,Male,0,No,No,62,Yes,No,Fiber optic,No,Yes,Yes,No,Yes,No,Two year,Yes,Bank transfer (automatic),96.63,6127.96,No
2474-DDUAY,Female,1,No,No,3,Yes,Yes,No,No internet service,No internet service,No internet service,No internet service,No internet service,No internet service,Month-to-month,Yes,Electronic check,42.73,122.61,Yes
2512-JTQVD,Male,0,No,No,30,Yes,No,No,No internet service,No internet service,No internet service,No internet service,No internet service,No internet service,Month-to-month,Yes,Electronic check,31.27,981.65,No
9101-FLVRY,Male,0,No,No,49,Yes,Yes,Fiber optic,No,No,No,No,Yes,Yes,One year,No,Mailed check,104.23,5272.1,No
8533-TQKOT,Female,0,No,No,54,Yes,No,No,No internet service,No internet service,No internet service,No internet service,No internet service,No internet service,One year,Yes,Credit card (automatic),33.3,1733.95,No
5918-OVCWX,Female,0,Yes,No,10,Yes,Yes,DSL,No,Yes,No,No,No,No,Month-to-month,No,Credit card (automatic),73.9,766.52,Yes
7967-MGGBX,Male,0,Yes,No,69,Yes,No,No,No internet service,No internet service,No internet service,No internet service,No internet service,No internet service,Two year,Yes,Bank transfer (automatic),32.88,2365.32,No
9438-HFLXS,Male,0,Yes,No,50,Yes,No,No,No internet service,No internet service,No internet service,No internet service,No internet service,No internet service,Month-to-month,Yes,Bank transfer (automatic),31.88,1595.49,No
5002-YCCWI,Male,1,Yes,Yes,1,Yes,No,DSL,No,No,Yes,Yes,No,Yes,Month-to-month,No,Electronic check,78.38,76.73,No
7051-SIDOU,Female,0,No,No,58,Yes,No,Fiber optic,Yes,No,Yes,No,No,Yes,Month-to-month,No,Bank transfer (automatic),103.46,6038.95,No
3458-ZEGWA,Female,0,Yes,No,2,Yes,Yes,Fiber optic,Yes,No,Yes,No,No,Yes,Month-to-month,Yes,Electronic check,107.32,218.77,No
6947-FTHKL,Male,0,No,No,72,Yes,Yes,DSL,No,No,No,No,No,Yes,Two year,No,Bank transfer (automatic),71.6,5028.65,No
7145-YPGPS,Male,0,Yes,Yes,3,Yes,Yes,Fiber optic,No,No,Yes,Yes,No,Yes,Month-to-month,Yes,Electronic check,109.37,320.92,Yes
7626-LDBBD,Female,0,Yes,No,62,No,No phone service,Fiber optic,No,No,No,Yes,No,Yes,One year,No,Bank transfer (automatic),81.53,5191.4,No
1262-VSOCN,Male,0,No,No,1,Yes,Yes,DSL,No,Yes,Yes,Yes,Yes,No,Month-to-month,Yes,Mailed check,96.82,98.46,Yes
3257-QNPTZ,Female,0,Yes,No,49,Yes,No,DSL,No,No,No,No,Yes,No,Two year,Yes,Mailed check,61.93,2990.27,No
3445-YKAJX,Female,0,No,No,3,Yes,Yes,Fiber optic,No,Yes,No,No,Yes,No,Two year,Yes,Electronic check,101.79,301.42,No
9140-GIDFX,Male,0,No,No,22,Yes,Yes,DSL,No,Yes,No,No,Yes,No,Month-to-month,Yes,Bank transfer (automatic),87.83,1977.14,No
4156-KEYIL,Female,1,Yes,Yes,2,No,No phone service,DSL,Yes,Yes,No,Yes,Yes,Yes,Month-to-month,No,Bank transfer (automatic),81.45,160.37,No
1137-HECUY,Male,0,No,No,1,No,No phone service,Fiber optic,No,No,Yes,Yes,No,No,Month-to-month,No,Electronic check,79.31,77.79,No
6439-CDKBE,Male,0,Yes,No,67,Yes,No,Fiber optic,Yes,Yes,Yes,No,Yes,Yes,One year,No,Mailed check,109.34,7521.28,No
6363-IARXC,Female,0,No,No,61,Yes,Yes,Fiber optic,No,No,Yes,No,No,Yes,Month-to-month,Yes,Bank transfer (automatic),102.3,6188.55,Yes
1519-BPFGK,Male,0,No,No,7,Yes,No,DSL,Yes,Yes,No,No,No,No,One year,Yes,Electronic check,66.49,478.99,No
1881-CONLA,Female,1,Yes,No,25,Yes,No,Fiber optic,No,Yes,No,No,No,Yes,One year,Yes,Electronic check,98.6,2539.48,Yes
3879-FXOZQ,Female,0,No,No,68,Yes,Yes,Fiber optic,No,Yes,No,No,Yes,No,Two year,Yes,Credit card (automatic),105.26,7483.2,No
2124-JDRGN,Male,0,Yes,Yes,4,Yes,No,Fiber optic,No,No,Yes,Yes,No,Yes,Month-to-month,No,Bank transfer (automatic),91.71,371.91,No
7131-ATLIY,Male,1,No,No,28,Yes,Yes,Fiber optic,No,No,No,No,Yes,Yes,Month-to-month,No,Electronic check,106.38,3039.88,Yes
5236-ISZHE,Male,0,No,No,15,Yes,Yes,No,No internet service,No internet service,No internet service,No internet service,No internet service,No internet service,Month-to-month,Yes,Bank transfer (automatic),44.97,669.66,Yes
3364-ZKFQJ,Male,0,No,Yes,38,Yes,No,Fiber optic,Yes,No,No,No,Yes,No,One year,Yes,Electronic check,89.34,3432.36,No
1412-CCGJS,Male,0,No,No,59,Yes,Yes,Fiber optic,No,Yes,Yes,Yes,Yes,Yes,One year,Yes,Credit card (automatic),118.75,6800.79,No
4358-ZIVGJ,Male,0,Yes,No,68,Yes,Yes,Fiber optic,No,No,Yes,No,Yes,Yes,One year,Yes,Mailed check,115.49,7976.77,No
7911-CZNEI,Male,0,No,Yes,8,Yes,No,DSL,Yes,No,No,No,Yes,Yes,Month-to-month,No,Electronic check,85.08,708.55,Yes
2663-TDLYK,Female,0,Yes,Yes,70,Yes,Yes,DSL,Yes,Yes,No,No,No,Yes,Month-to-month,No,Electronic check,83.84,5681.7,No
1062-NWSKJ,Female,0,No,No,11,No,No phone service,No,No internet service,No internet service,No internet service,No internet service,No internet service,No internet service,Month-to-month,No,Mailed check,18.25,201.34,No
7556-YWHBY,Female,0,Yes,Yes,4,Yes,Yes,No,No internet service,No internet service,No internet service,No internet service,No internet service,No internet service,Month-to-month,Yes,Bank transfer (automatic),44.77,174.25,No
8240-WKONV,Male,0,No,No,61,Yes,No,Fiber optic,Yes,No,Yes,No,Yes,Yes,One year,Yes,Credit card (automatic),116.17,6790.08,No
5807-MVRPQ,Male,0,No,No,10,Yes,No,No,No internet service,No internet service,No internet service,No internet service,No internet service,No internet service,Month-to-month,Yes,Electronic check,31.35,300.47,Yes
6924-AKYUH,Female,0,No,No,8,Yes,No,No,No internet service,No internet service,No internet service,No internet service,No internet service,No internet service,Month-to-month,Yes,Credit card (automatic),27.32,212.44,No
8919-ZZDIH,Male,0,Yes,No,10,Yes,No,No,No internet service,No internet service,No internet service,No internet service,No internet service,No internet service,Month-to-month,No,Credit card (automatic),33.04,325.18,No
4432-HHKTJ,Male,1,No,No,67,Yes,Yes,No,No internet service,No internet service,No internet service,No internet service,No internet service,No internet service,Month-to-month,Yes,Credit card (automatic),39.49,2571.79,No
3496-YDIQV,Female,1,No,No,61,Yes,Yes,No,No internet service,No internet service,No internet service,No internet service,No internet service,No internet service,Two year,No,Electronic check,41.52,2605.99,No
6837-EGUAK,Female,1,No,Yes,11,Yes,No,No,No internet service,No internet service,No internet service,No internet service,No internet service,No internet service,Month-to-month,No,Electronic check,29.41,309.7,No
5528-UQCDR,Female,1,Yes,Yes,1,Yes,No,Fiber optic,Yes,Yes,Yes,No,Yes,No,Month-to-month,No,Credit card (automatic),106.39,101.52,Yes
9078-UOCDG,Male,0,No,No,1,Yes,Yes,Fiber optic,No,Yes,No,Yes,Yes,Yes,Month-to-month,No,Electronic check,115.59,111.91,Yes
8029-GFRUN,Female,0,Yes,Yes,63,Yes,No,DSL,No,Yes,No,No,Yes,No,One year,Yes,Mailed check,73.59,4511.44,No
9236-USNHU,Female,0,Yes,Yes,8,Yes,Yes,No,No internet service,No internet service,No internet service,No internet service,No internet service,No internet service,Month-to-month,Yes,Mailed check,42.84,348.38,No
9795-AKGUJ,Female,0,Yes,Yes,40,Yes,Yes,No,No internet service,No internet service,No internet service,No internet service,No internet service,No internet service,Two year,Yes,Electronic check,42.76,1625.77,No
2611-VZEEW,Female,0,Yes,No,13,Yes,No,DSL,No,No,No,No,No,Yes,Month-to-month,No,Electronic check,63.24,856.16,No
6095-FTCSG,Female,0,Yes,Yes,47,Yes,No,Fiber optic,Yes,No,Yes,Yes,No,No,Two year,No,Bank transfer (automatic),94.52,4346.29,No
1480-DKITN,Female,0,Yes,No,3,Yes,Yes,DSL,Yes,No,Yes,Yes,No,No,One year,Yes,Electronic check,85.39,246.01,No
1068-VGDSQ,Male,1,Yes,Yes,63,Yes,No,DSL,No,Yes,No,No,Yes,Yes,One year,No,Electronic check,79.4,5228.95,No
9277-KZFBS,Female,0,No,Yes,60,Yes,Yes,Fiber optic,No,No,No,Yes,Yes,Yes,Month-to-month,No,Electronic check,113.32,7073.75,No
2720-POPPY,Female,0,No,No,1,Yes,Yes,Fiber optic,No,Yes,No,No,No,No,Month-to-month,Yes,Mailed check,95.31,91.36,Yes
2313-CHYFX,Female,1,Yes,No,53,Yes,Yes,Fiber optic,No,Yes,Yes,No,Yes,No,One year,No,Electronic check,108.12,5697.89,No
8779-VGTMC,Male,0,No,No,32,Yes,Yes,DSL,No,No,No,No,Yes,No,One year,No,Credit card (automatic),76.38,2476.19,No
8645-TOBTX,Male,0,No,No,27,Yes,Yes,DSL,No,No,Yes,No,No,No,Month-to-month,Yes,Bank transfer (automatic),66.77,1854.23,No
7356-WEZJS,Female,0,No,No,18,Yes,No,Fiber optic,No,No,No,Yes,Yes,No,One year,Yes,Electronic check,87.25,1646.21,No
1834-SGPHZ,Female,0,Yes,Yes,43,No,No phone service,Fiber optic,No,Yes,Yes,No,No,No,Two year,No,Electronic check,76.57,3377.66,No
8645-VIJAD,Female,0,Yes,No,43,Yes,Yes,Fiber optic,No,No,No,No,Yes,No,One year,Yes,Credit card (automatic),89.88,3881.58,No
4375-YIIED,Female,0,No,No,48,Yes,Yes,Fiber optic,No,Yes,No,No,No,No,Two year,Yes,Bank transfer (automatic),91.86,4204.05,No
8742-XORVN,Female,0,Yes,Yes,5,Yes,Yes,DSL,No,No,Yes,Yes,Yes,No,Month-to-month,No,Bank transfer (automatic),94.17,456.96,Yes
1056-MUPBF,Female,0,Yes,No,2,Yes,Yes,Fiber optic,No,Yes,No,No,No,Yes,Month-to-month,Yes,Electronic check,108.23,224.44,No
2834-YCARC,Female,1,Yes,No,66,Yes,No,No,No internet service,No internet service,No internet service,No internet service,No internet service,No internet service,One year,Yes,Credit card (automatic),29.97,1957.09,No
8700-ZEXRW,Female,1,Yes,Yes,61,Yes,No,Fiber optic,No,Yes,No,No,No,No,One year,No,Electronic check,88.26,5169.64,No
7294-GMDFI,Female,0,No,No,66,Yes,No,Fiber optic,Yes,No,No,Yes,No,Yes,One year,Yes,Bank transfer (automatic),98.03,6661.67,No
4714-BWOCX,Male,0,Yes,No,58,Yes,Yes,DSL,Yes,Yes,Yes,Yes,No,Yes,One year,No,Electronic check,99.5,5552.57,No
3982-UORSJ,Male,1,No,No,8,Yes,No,No,No internet service,No internet service,No internet service,No internet service,No internet service,No internet service,Month-to-month,Yes,Credit card (automatic),28.77,225.18,No
6765-MZAEG,Female,1,No,No,5,Yes,No,Fiber optic,No,No,Yes,Yes,No,No,Two year,No,Electronic check,90.73,432.29,No
5803-FTFKE,Male,1,No,No,67,Yes,Yes,DSL,Yes,Yes,Yes,No,No,Yes,Two year,No,Credit card (automatic),97.7,6413.25,No
2991-KAZPT,Male,1,Yes,No,4,Yes,No,DSL,No,Yes,No,Yes,Yes,Yes,Month-to-month,Yes,Electronic check,90.29,372.64,Yes
6773-WGRAU,Male,0,Yes,No,71,Yes,No,DSL,No,No,Yes,Yes,Yes,No,Two year,Yes,Bank transfer (automatic),77.94,5502.65,No
6841-BQDPZ,Male,0,No,No,2,Yes,Yes,DSL,Yes,Yes,Yes,No,Yes,No,Month-to-month,Yes,Credit card (automatic),98.8,191.84,No
6974-SYYCB,Male,0,Yes,Yes,5,Yes,Yes,Fiber optic,No,No,Yes,No,No,Yes,One year,Yes,Mailed check,102.27,510.31,No
2891-VXVKA,Male,0,No,No,3,Yes,Yes,Fiber optic,No,No,No,Yes,Yes,Yes,Two year,No,Mailed check,112.86,321.76,No
1158-FJZYQ,Female,0,Yes,Yes,8,Yes,Yes,No,No internet service,No internet service,No internet service,No internet service,No internet service,No internet service,Month-to-month,Yes,Credit card (automatic),38.7,315.81,No
5227-XEWSS,Female,0,No,No,48,No,No phone service,DSL,Yes,Yes,Yes,No,Yes,Yes,Month-to-month,Yes,Electronic check,85.04,3880.0,No
9817-WPHWN,Male,0,No,No,11,Yes,Yes,No,No internet service,No internet service,No internet service,No internet service,No internet service,No internet service,Month-to-month,Yes,Mailed check,45.6,492.27,No
4610-AHCLV,Male,0,No,No,60,Yes,No,DSL,No,No,Yes,No,Yes,Yes,One year,Yes,Mailed check,75.22,4370.05,No
2222-VIFDJ,Female,0,No,No,67,Yes,No,Fiber optic,No,No,No,No,Yes,No,Two year,No,Mailed check,85.58,5989.13,No
2167-JSTSZ,Male,0,Yes,Yes,61,No,No phone service,Fiber optic,No,Yes,No,No,No,No,Two year,Yes,Electronic check,72.52,4257.65,No
5764-KUGWP,Female,0,Yes,No,4,Yes,Yes,No,No internet service,No internet service,No internet service,No internet service,No internet service,No internet service,Month-to-month,No,Electronic check,40.21,162.64,No
6406-GOCIV,Female,0,Yes,Yes,4,Yes,Yes,Fiber optic,No,No,No,Yes,Yes,No,Month-to-month,Yes,Electronic check,103.18,407.47,Yes
5524-XKTEN,Female,0,Yes,No,71,Yes,No,DSL,Yes,No,Yes,No,Yes,Yes,Two year,No,Electronic check,83.31,6046.02,No
7954-WDMOI,Male,1,No,No,63,Yes,No,No,No internet service,No internet service,No internet service,No internet service,No internet service,No internet service,Two year,Yes,Electronic check,34.89,2162.0,No
2821-DUXXI,Female,0,Yes,Yes,14,Yes,No,No,No internet service,No internet service,No internet service,No internet service,No internet service,No internet service,Two year,No,Electronic check,30.15,405.44,No
2613-DPTMC,Male,0,Yes,Yes,2,Yes,No,Fiber optic,Yes,Yes,No,No,No,Yes,Month-to-month,Yes,Electronic check,100.56,191.88,Yes
6935-GJYBR,Female,0,No,No,70,Yes,Yes,No,No internet service,No internet service,No internet service,No internet service,No internet service,No internet service,One year,No,Mailed check,41.17,3023.24,No
8567-ETAHH,Female,0,Yes,Yes,23,No,No phone service,No,No internet service,No internet service,No internet service,No internet service,No internet service,No internet service,One year,No,Credit card (automatic),18.25,439.2,No
7058-UKMDJ,Male,0,No,No,36,Yes,No,No,No internet service,No internet service,No internet service,No internet service,No internet service,No internet service,Two year,No,Mailed check,22.07,771.89,No
8234-CLBND,Male,0,Yes,Yes,10,Yes,Yes,Fiber optic,Yes,Yes,Yes,No,No,No,One year,Yes,Credit card (automatic),109.56,1050.51,No
7295-UTMZT,Male,0,Yes,No,39,Yes,No,Fiber optic,No,No,No,No,No,No,Two year,Yes,Electronic check,77.61,3059.4,No
8883-RBCIZ,Female,0,No,No,60,Yes,No,DSL,Yes,No,Yes,No,No,Yes,Two year,Yes,Electronic check,79.78,4878.06,No
9684-AELVV,Male,0,No,No,56,Yes,No,DSL,No,No,Yes,Yes,Yes,Yes,One year,Yes,Mailed check,90.07,5162.16,No
9245-WSRJE,Female,1,Yes,Yes,2,Yes,Yes,No,No internet service,No internet service,No internet service,No internet service,No internet service,No internet service,Month-to-month,Yes,Electronic check,43.83,91.28,Yes
3830-IUKNZ,Male,0,Yes,No,1,Yes,No,Fiber optic,Yes,No,Yes,Yes,Yes,No,Month-to-month,No,Credit card (automatic),104.17,101.61,Yes
8387-ENHBK,Female,0,Yes,No,15,Yes,Yes,DSL,No,Yes,No,No,No,No,Month-to-month,No,Electronic check,77.34,1127.81,Yes
5107-DLXRD,Female,0,Yes,No,64,Yes,No,Fiber optic,No,No,Yes,No,Yes,No,Two year,No,Bank transfer (automatic),94.96,5818.74,No
2107-WSYFO,Female,0,Yes,No,32,No,No phone service,Fiber optic,Yes,Yes,No,No,Yes,Yes,One year,Yes,Mailed check,104.1,3214.64,No
7568-MRJDX,Female,0,No,No,1,Yes,No,DSL,No,Yes,Yes,No,Yes,No,Month-to-month,No,Mailed check,76.76,77.91,No
8065-SVPKR,Male,0,Yes,Yes,63,Yes,No,Fiber optic,Yes,No,Yes,No,No,Yes,One year,No,Credit card (automatic),96.23,6054.15,No
1494-UNYZP,Male,0,Yes,No,1,Yes,No,DSL,Yes,No,No,No,No,No,One year,No,Electronic check,63.16,64.53,No
4829-ESUUG,Female,0,No,No,69,Yes,Yes,DSL,No,Yes,Yes,No,No,No,One year,No,Electronic check,76.36,5333.23,No
6682-URYPD,Male,0,Yes,No,11,Yes,No,No,No internet service,No internet service,No internet service,No internet service,No internet service,No internet service,Month-to-month,No,Mailed check,31.38,352.31,Yes
4277-PTYIW,Male,0,Yes,Yes,16,Yes,No,DSL,No,Yes,Yes,Yes,No,Yes,Month-to-month,Yes,Electronic check,86.43,1387.14,No
8029-YUIRT,Male,1,No,No,57,Yes,Yes,Fiber optic,No,Yes,Yes,No,No,Yes,Month-to-month,No,Mailed check,115.29,6866.11,Yes
7741-LTNWM,Male,0,Yes,Yes,27,Yes,No,Fiber optic,No,Yes,No,No,Yes,No,One year,No,Mailed check,87.39,2400.7,No
6554-IEWPW,Male,0,No,No,18,Yes,No,Fiber optic,No,No,Yes,No,No,No,One year,Yes,Credit card (automatic),75.98,1395.8,No
4952-VNDEF,Female,0,Yes,Yes,6,Yes,No,Fiber optic,Yes,Yes,No,Yes,No,No,One year,No,Credit card (automatic),92.29,574.96,No
7593-TDSES,Male,0,Yes,Yes,67,Yes,Yes,DSL,Yes,No,No,Yes,No,Yes,Two year,Yes,Credit card (automatic),89.47,6060.08,No
3874-YDCTV,Female,0,Yes,Yes,63,Yes,No,No,No internet service,No internet service,No internet service,No internet service,No internet service,No internet service,Two year,No,Bank transfer (automatic),30.71,1882.14,No
7078-QMPZC,Male,0,Yes,No,66,Yes,Yes,Fiber optic,Yes,No,Yes,Yes,No,Yes,Two year,Yes,Bank transfer (automatic),118.75,7779.41,No
3693-BHQOC,Female,0,Yes,No,17,Yes,No,Fiber optic,Yes,No,Yes,Yes,No,No,Month-to-month,Yes,Mailed check,96.99,1685.97,No
5394-VKOAE,Male,0,Yes,No,60,Yes,Yes,Fiber optic,Yes,No,No,No,Yes,Yes,One year,Yes,Bank transfer (automatic),110.31,6900.67,No
2696-VYAPU,Female,1,No,No,6,Yes,No,Fiber optic,Yes,No,No,Yes,No,Yes,Month-to-month,No,Credit card (automatic),99.0,592.81,No
4066-AEKYO,Female,0,No,No,63,Yes,No,DSL,Yes,No,Yes,No,No,Yes,Month-to-month,No,Electronic check,75.55,4628.2,No
1227-CZGRG,Male,0,Yes,No,56,No,No phone service,Fiber optic,Yes,No,No,Yes,No,No,Two year,Yes,Electronic check,80.01,4397.48,No
2268-BOWLW,Female,0,No,No,2,Yes,No,Fiber optic,Yes,No,No,No,Yes,No,Month-to-month,No,Electronic check,90.77,180.21,Yes
1316-XUCYL,Female,0,No,No,69,Yes,Yes,Fiber optic,Yes,Yes,No,No,Yes,No,One year,Yes,Mailed check,110.77,7819.24,No
1644-XRYHF,Female,0,No,No,54,Yes,No,DSL,No,Yes,No,Yes,No,Yes,One year,Yes,Credit card (automatic),74.55,3866.91,No
4026-KLGHP,Female,0,Yes,Yes,46,Yes,No,DSL,No,Yes,No,No,Yes,No,Two year,No,Mailed check,70.26,3085.72,No
2853-WLOUL,Male,0,No,Yes,7,No,No phone service,Fiber optic,No,Yes,Yes,No,No,No,Month-to-month,Yes,Credit card (automatic),86.4,634.9,Yes
4959-XAFOT,Female,1,Yes,Yes,27,Yes,Yes,Fiber optic,No,No,No,No,No,No,One year,No,Credit card (automatic),89.93,2391.94,No
6326-GEJSV,Male,1,Yes,No,1,Yes,No,Fiber optic,No,Yes,No,Yes,No,Yes,Month-to-month,Yes,Electronic check,96.31,93.95,Yes
6325-CPTFM,Male,0,No,No,72,Yes,Yes,DSL,No,Yes,Yes,No,Yes,Yes,One year,Yes,Electronic check,95.06,6932.54,No
3588-ZMOCX,Female,0,No,No,2,Yes,No,Fiber optic,Yes,No,Yes,Yes,Yes,Yes,One year,Yes,Mailed check,115.37,240.69,Yes
2931-VFQHU,Male,0,No,No,52,Yes,Yes,DSL,Yes,Yes,No,Yes,No,No,One year,No,Mailed check,85.34,4410.92,No
8032-BVSLQ,Female,0,No,No,3,No,No phone service,Fiber optic,Yes,Yes,No,No,No,Yes,Two year,No,Bank transfer (automatic),85.58,264.72,Yes
3812-LEQJF,Female,0,Yes,Yes,23,No,No phone service,DSL,Yes,Yes,Yes,Yes,Yes,No,One year,Yes,Bank transfer (automatic),83.87,1885.64,No
9015-GTPAS,Female,1,No,No,6,Yes,No,DSL,Yes,Yes,No,Yes,Yes,Yes,Month-to-month,Yes,Electronic check,96.89,583.38,Yes
9284-WLVKM,Female,0,Yes,Yes,3,Yes,Yes,DSL,Yes,No,Yes,No,No,Yes,Month-to-month,No,Mailed check,84.87,255.89,Yes
6953-TWABA,Male,1,Yes,No,14,Yes,No,Fiber optic,No,No,Yes,Yes,Yes,Yes,One year,No,Mailed check,113.17,1542.44,No
2692-OVEBE,Male,0,No,No,63,Yes,No,Fiber optic,No,No,Yes,No,Yes,Yes,One year,Yes,Credit card (automatic),103.91,6593.65,No
2273-XUYWG,Male,1,Yes,No,54,Yes,No,DSL,Yes,No,No,Yes,No,Yes,Two year,Yes,Bank transfer (automatic),78.99,4298.02,No
1533-HOXPE,Male,0,No,No,61,No,No phone service,Fiber optic,No,No,Yes,No,No,Yes,Two year,Yes,Electronic check,79.17,4867.44,No
3570-JFFAE,Male,0,Yes,No,3,Yes,Yes,DSL,No,Yes,No,No,No,Yes,Month-to-month,Yes,Bank transfer (automatic),80.33,238.61,No
6857-BEJQI,Male,0,No,Yes,39,Yes,Yes,No,No internet service,No internet service,No internet service,No internet service,No internet service,No internet service,Two year,Yes,Mailed check,45.37,1793.37,No
1972-CXFII,Female,0,Yes,No,43,Yes,No,No,No internet service,No internet service,No internet service,No internet service,No internet service,No internet service,Two year,Yes,Credit card (automatic),32.88,1391.29,No
1547-FKNOO,Female,0,Yes,Yes,28,No,No phone service,No,No internet service,No internet service,No internet service,No internet service,No internet service,No internet service,One year,Yes,Electronic check,18.25,505.45,No
4410-QTGWH,Male,0,No,No,11,Yes,Yes,No,No internet service,No internet service,No internet service,No internet service,No internet service,No internet service,One year,No,Credit card (automatic),42.38,444.79,No
5035-KELAN,Female,0,Yes,Yes,2,Yes,Yes,No,No internet service,No internet service,No internet service,No internet service,No internet service,No internet service,Month-to-month,Yes,Electronic check,38.45,80.41,Yes
6682-OTZFD,Male,0,No,No,58,Yes,No,No,No internet service,No internet service,No internet service,No internet service,No internet service,No internet service,Two year,No,Bank transfer (automatic),37.22,2205.75,No
5414-TCWBU,Male,1,No,No,62,Yes,Yes,DSL,Yes,Yes,No,No,Yes,Yes,One year,Yes,Electronic check,100.08,6353.48,No
7435-IWPDB,Female,1,No,Yes,3,Yes,Yes,DSL,No,Yes,No,No,Yes,No,Month-to-month,Yes,Mailed check,87.75,270.79,Yes
3337-GMFMI,Female,0,No,Yes,43,Yes,No,No,No internet service,No internet service,No internet service,No internet service,No internet service,No internet service,Two year,Yes,Electronic check,31.43,1380.95,No
7089-HBAEU,Female,0,Yes,No,63,Yes,Yes,Fiber optic,No,No,Yes,Yes,Yes,No,Two year,Yes,Mailed check,110.62,7225.38,No
5394-QOXIZ,Male,0,No,No,18,Yes,No,No,No internet service,No internet service,No internet service,No internet service,No internet service,No internet service,Month-to-month,No,Electronic check,28.16,482.69,No
2602-PELSC,Female,0,Yes,Yes,68,Yes,Yes,No,No internet service,No internet service,No internet service,No internet service,No internet service,No internet service,Two year,Yes,Electronic check,45.16,2949.44,No
7101-GKYWH,Female,0,Yes,Yes,7,Yes,No,No,No internet service,No internet service,No internet service,No internet service,No internet service,No internet service,Month-to-month,No,Bank transfer (automatic),32.35,224.63,No
6218-DWQKJ,Female,0,Yes,Yes,8,Yes,Yes,DSL,No,Yes,No,Yes,Yes,Yes,Month-to-month,Yes,Credit card (automatic),94.98,787.33,No
3324-SXLLT,Female,0,No,No,61,No,No phone service,DSL,No,Yes,No,No,No,No,Two year,Yes,Mailed check,48.36,2887.79,No
1433-APRWX,Female,1,No,No,60,Yes,No,Fiber optic,No,No,Yes,No,No,Yes,Two year,No,Mailed check,92.17,5666.97,No
6167-WHESB,Female,0,No,No,3,Yes,No,Fiber optic,Yes,Yes,Yes,No,Yes,No,Month-to-month,Yes,Electronic check,111.83,327.72,Yes
4772-WJIHS,Female,0,No,No,39,Yes,No,No,No internet service,No internet service,No internet service,No internet service,No internet service,No internet service,One year,No,Mailed check,34.84,1426.52,No
3286-CQHRB,Female,0,No,No,27,Yes,Yes,No,No internet service,No internet service,No internet service,No internet service,No internet service,No internet service,One year,Yes,Bank transfer (automatic),39.56,1104.55,No
8235-MPQGP,Female,0,No,No,65,Yes,Yes,No,No internet service,No internet service,No internet service,No internet service,No internet service,No internet service,One year,No,Electronic check,32.14,2081.02,No
3078-JTWDC,Male,0,Yes,Yes,2,Yes,No,Fiber optic,No,Yes,Yes,No,No,No,Month-to-month,No,Bank transfer (automatic),83.56,173.59,No
9933-GVQRS,Female,0,No,No,2,Yes,No,Fiber optic,Yes,No,Yes,No,No,Yes,Month-to-month,Yes,Mailed check,96.41,194.85,Yes
9842-UPTZH,Male,0,No,No,1,Yes,No,No,No internet service,No internet service,No internet service,No internet service,No internet service,No internet service,Month-to-month,Yes,Bank transfer (automatic),29.5,28.41,No
9892-MBMJO,Male,0,Yes,Yes,1,Yes,Yes,Fiber optic,No,No,No,Yes,No,Yes,One year,No,Electronic check,101.85,103.46,No
4423-WTPZL,Female,0,No,No,45,Yes,No,No,No internet service,No internet service,No internet service,No internet service,No internet service,No internet service,One year,Yes,Electronic check,33.49,1509.53,No
2560-JQBIS,Female,0,Yes,No,30,Yes,Yes,DSL,No,No,Yes,Yes,Yes,No,Month-to-month,Yes,Mailed check,86.51,2518.07,No
5748-YHWIN,Female,0,No,No,7,No,No phone service,Fiber optic,No,No,No,No,Yes,Yes,Month-to-month,No,Mailed check,84.42,566.17,Yes
6886-TNVOZ,Male,0,No,No,42,Yes,No,No,No internet service,No internet service,No internet service,No internet service,No internet service,No internet service,One year,Yes,Credit card (automatic),34.94,1523.79,No
6253-SSMKE,Female,0,No,Yes,72,Yes,Yes,DSL,No,Yes,Yes,Yes,No,No,One year,Yes,Credit card (automatic),92.44,6578.63,No
9321-GMRUJ,Male,1,No,No,27,Yes,No,Fiber optic,No,No,No,Yes,Yes,No,Month-to-month,Yes,Mailed check,88.0,2467.53,Yes
4550-WQIJU,Female,0,No,No,69,No,No phone service,DSL,No,Yes,No,No,Yes,No,Two year,Yes,Electronic check,56.67,4005.85,No
7419-EEEJT,Female,1,No,No,6,Yes,No,DSL,Yes,Yes,No,No,No,Yes,Month-to-month,Yes,Bank transfer (automatic),78.79,450.51,No
9737-ESRQE,Female,0,Yes,No,44,Yes,No,DSL,Yes,Yes,No,Yes,Yes,No,Two year,No,Electronic check,90.25,4095.73,No
5913-LOETW,Female,0,Yes,No,12,Yes,Yes,Fiber optic,Yes,Yes,No,No,Yes,Yes,Month-to-month,Yes,Electronic check,118.75,1386.75,Yes
1208-CYUGH,Female,0,No,No,6,Yes,Yes,Fiber optic,No,No,No,Yes,Yes,No,Month-to-month,No,Mailed check,97.98,583.07,Yes
5709-OEAAS,Female,0,No,No,51,No,No phone service,Fiber optic,No,Yes,No,Yes,Yes,No,Two year,No,Credit card (automatic),87.61,4403.82,No
7840-KVLDK,Male,0,No,Yes,58,Yes,Yes,Fiber optic,No,No,No,No,No,No,Two year,Yes,Electronic check,83.96,4632.9,No
5297-XXVBP,Male,0,Yes,Yes,6,Yes,Yes,Fiber optic,No,Yes,Yes,No,No,Yes,Month-to-month,No,Bank transfer (automatic),112.33,697.88,No
8050-FBVQA,Female,0,No,No,11,Yes,No,Fiber optic,No,Yes,Yes,No,Yes,No,One year,No,Credit card (automatic),97.72,1097.01,No
4794-PBTOG,Female,0,No,Yes,38,No,No phone service,Fiber optic,No,No,Yes,Yes,No,Yes,Two year,Yes,Bank transfer (automatic),87.66,3320.36,No
4289-OEEVC,Male,0,Yes,Yes,1,Yes,No,Fiber optic,Yes,No,No,Yes,No,Yes,Month-to-month,No,Mailed check,100.84,99.72,No
4640-JABZY,Female,0,No,No,5,Yes,Yes,No,No internet service,No internet service,No internet service,No internet service,No internet service,No internet service,Month-to-month,Yes,Credit card (automatic),44.88,234.7,No
3352-LRIHC,Male,0,No,No,60,Yes,Yes,Fiber optic,No,No,No,No,Yes,No,Two year,No,Bank transfer (automatic),92.39,5751.3,No
7848-VBZWK,Male,0,No,No,23,Yes,No,Fiber optic,No,Yes,No,No,Yes,No,Two year,No,Bank transfer (automatic),90.66,2186.33,No
4578-SSJAI,Female,0,No,No,13,No,No phone service,Fiber optic,No,Yes,No,No,No,Yes,Month-to-month,No,Electronic check,80.43,1027.04,Yes
8586-EHCVR,Female,0,Yes,Yes,59,Yes,No,DSL,No,Yes,Yes,Yes,Yes,Yes,Two year,Yes,Bank transfer (automatic),95.83,5728.59,No
4652-RFWFK,Female,0,No,No,6,Yes,Yes,DSL,Yes,Yes,No,No,No,No,Month-to-month,Yes,Electronic check,81.27,477.85,Yes
1203-QUGSZ,Male,0,No,No,1,No,No phone service,No,No internet service,No internet service,No internet service,No internet service,No internet service,No internet service,Month-to-month,Yes,Credit card (automatic),20.85,19.94,No
5909-DFCJX,Male,0,No,No,15,No,No phone service,Fiber optic,Yes,No,Yes,Yes,Yes,No,Month-to-month,Yes,Bank transfer (automatic),95.9,1488.13,Yes
5713-DTLMR,Female,0,No,No,4,Yes,Yes,Fiber optic,Yes,Yes,No,Yes,No,Yes,Month-to-month,No,Credit card (automatic),114.68,455.67,No
7362-NMKXA,Female,0,No,No,25,Yes,No,DSL,No,Yes,Yes,No,No,No,Month-to-month,Yes,Electronic check,65.09,1688.22,No
4414-UPEZV,Male,0,Yes,No,1,Yes,Yes,No,No internet service,No internet service,No internet service,No internet service,No internet service,No internet service,Month-to-month,No,Bank transfer (automatic),35.15,34.94,No
8021-VMWCO,Female,0,Yes,Yes,11,Yes,No,DSL,No,Yes,No,No,Yes,Yes,Month-to-month,Yes,Electronic check,80.09,840.96,Yes
1323-ZVMQE,Male,0,Yes,No,71,Yes,Yes,No,No internet service,No internet service,No internet service,No internet service,No internet service,No internet service,Month-to-month,No,Electronic check,38.83,2632.2,No
5911-SBEOL,Female,0,No,No,1,Yes,Yes,DSL,No,Yes,No,Yes,No,Yes,Month-to-month,No,Mailed check,90.27,92.03,Yes
5368-UCMFI,Female,0,No,No,29,Yes,No,Fiber optic,No,No,No,No,Yes,Yes,One year,No,Electronic check,90.94,2697.55,No
6492-UNKGO,Male,0,Yes,Yes,65,No,No phone service,Fiber optic,Yes,No,No,Yes,No,No,Two year,No,Credit card (automatic),77.85,5305.59,No
1176-EWUJF,Male,0,Yes,Yes,64,Yes,Yes,Fiber optic,Yes,No,No,Yes,Yes,Yes,Two year,Yes,Mailed check,118.75,7544.89,No
3241-KOHMF,Female,0,Yes,No,26,Yes,Yes,Fiber optic,Yes,Yes,Yes,No,No,No,Month-to-month,No,Credit card (automatic),103.14,2765.78,Yes
8108-TGQZA,Female,0,No,No,62,Yes,No,DSL,Yes,No,Yes,Yes,Yes,No,Two year,No,Credit card (automatic),78.4,4761.98,No
6552-FWQIT,Female,0,No,No,22,No,No phone service,DSL,No,Yes,Yes,Yes,Yes,Yes,Month-to-month,No,Credit card (automatic),87.92,1884.18,No
5389-EKHIP,Female,0,No,No,72,Yes,No,Fiber optic,Yes,No,No,No,Yes,Yes,Two year,No,Electronic check,102.73,7047.48,No
1262-VAUMC,Female,0,No,No,5,Yes,Yes,Fiber optic,Yes,No,Yes,No,No,Yes,Month-to-month,Yes,Bank transfer (automatic),112.92,566.42,No
8001-BMQKC,Female,0,No,No,8,Yes,Yes,Fiber optic,No,Yes,No,No,Yes,No,Month-to-month,Yes,Bank transfer (automatic),107.77,839.73,No
4639-LYNHL,Female,0,Yes,Yes,25,Yes,Yes,DSL,No,No,No,Yes,Yes,Yes,Month-to-month,No,Mailed check,94.41,2383.79,No
7491-SCTVZ,Male,0,No,No,70,Yes,No,No,No internet service,No internet service,No internet service,No internet service,No internet service,No internet service,One year,Yes,Electronic check,30.5,2097.87,No
6757-WGKMR,Male,1,No,No,18,Yes,No,No,No internet service,No internet service,No internet service,No internet service,No internet service,No internet service,Month-to-month,Yes,Electronic check,29.52,543.28,No
7352-TKYXU,Male,0,No,No,9,Yes,Yes,No,No internet service,No internet service,No internet service,No internet service,No internet service,No internet service,One year,Yes,Credit card (automatic),39.25,358.43,No
7025-RWCJN,Female,0,No,No,52,Yes,No,DSL,Yes,No,No,No,Yes,Yes,One year,Yes,Electronic check,86.76,4709.91,No
1549-YDMSO,Male,0,No,No,61,Yes,Yes,No,No internet service,No internet service,No internet service,No internet service,No internet service,No internet service,Two year,No,Credit card (automatic),43.94,2675.5,No
2802-ANISQ,Female,0,No,No,40,Yes,No,No,No internet service,No internet service,No internet service,No internet service,No internet service,No internet service,One year,Yes,Electronic check,33.8,1319.34,No
7308-AZJTL,Female,0,No,No,12,Yes,Yes,Fiber optic,No,Yes,No,No,No,Yes,Month-to-month,Yes,Credit card (automatic),104.73,1248.71,Yes
6528-XFGGL,Female,1,No,No,55,Yes,Yes,DSL,No,No,No,No,No,No,Two year,No,Electronic check,61.02,3508.06,No
9342-GAMLF,Male,0,No,No,63,Yes,No,Fiber optic,No,Yes,Yes,No,No,Yes,Month-to-month,Yes,Bank transfer (automatic),96.6,6147.27,No
7628-MUXOD,Male,0,Yes,Yes,4,Yes,No,Fiber optic,Yes,No,Yes,Yes,Yes,No,Month-to-month,Yes,Electronic check,106.94,432.78,No
4004-KXMOH,Male,0,Yes,Yes,9,Yes,Yes,Fiber optic,Yes,No,No,No,Yes,Yes,Month-to-month,Yes,Bank transfer (automatic),114.59,1077.96,Yes
2331-PULQL,Male,1,No,No,45,Yes,No,DSL,No,Yes,No,No,No,Yes,Two year,No,Bank transfer (automatic),66.19,3118.96,No
4572-NIPVK,Male,0,Yes,Yes,4,Yes,No,Fiber optic,No,No,Yes,No,Yes,No,Month-to-month,Yes,Mailed check,96.21,401.74,Yes
4362-OFREN,Female,0,Yes,Yes,66,Yes,No,Fiber optic,No,Yes,No,No,Yes,No,One year,No,Electronic check,87.86,5810.33,No
9252-TZAVU,Female,0,Yes,No,21,Yes,No,Fiber optic,No,No,Yes,Yes,Yes,No,Month-to-month,Yes,Mailed check,101.05,2168.12,Yes
6286-WVQOD,Female,0,No,No,1,Yes,No,Fiber optic,No,Yes,Yes,Yes,Yes,Yes,Month-to-month,Yes,Mailed check,109.67,108.24,No
2932-SBQOT,Female,0,No,No,67,No,No phone service,Fiber optic,No,Yes,Yes,No,No,Yes,Two year,Yes,Electronic check,86.98,6073.86,No
2273-OKSAK,Male,0,Yes,Yes,71,Yes,No,DSL,No,No,Yes,No,Yes,No,One year,Yes,Electronic check,65.45,4825.01,No
4060-VTKEY,Female,0,Yes,Yes,13,Yes,Yes,DSL,Yes,No,No,No,No,Yes,Two year,Yes,Credit card (automatic),81.16,1076.06,No
1242-MYPEV,Female,0,No,No,67,Yes,No,Fiber optic,Yes,Yes,Yes,Yes,No,Yes,Two year,No,Credit card (automatic),105.2,6799.86,No
2312-RONED,Male,0,Yes,Yes,10,Yes,No,Fiber optic,No,No,No,Yes,Yes,Yes,Month-to-month,Yes,Credit card (automatic),106.48,1049.68,Yes
3521-KIWFU,Female,0,Yes,No,7,Yes,Yes,Fiber optic,No,Yes,No,Yes,No,Yes,Month-to-month,No,Electronic check,113.2,826.78,No
8596-CTXNV,Male,0,No,Yes,27,Yes,No,Fiber optic,No,No,Yes,No,Yes,No,One year,No,Mailed check,92.72,2580.6,No
6045-PEPEF,Female,1,No,No,1,Yes,No,Fiber optic,Yes,No,Yes,No,No,No,Month-to-month,Yes,Electronic check,87.19,83.94,Yes
9774-RRZCU,Female,0,Yes,No,6,No,No phone service,DSL,Yes,No,Yes,Yes,Yes,No,Month-to-month,Yes,Electronic check,72.97,457.86,No
6354-HZPAH,Male,1,No,No,67,Yes,Yes,No,No internet service,No internet service,No internet service,No internet service,No internet service,No internet service,Two year,Yes,Credit card (automatic),41.38,2664.81,No
7857-LZPBI,Female,1,Yes,Yes,3,Yes,Yes,Fiber optic,No,Yes,Yes,Yes,No,No,Month-to-month,Yes,Mailed check,106.53,304.11,Yes
9824-LAGPE,Female,0,No,No,1,Yes,Yes,Fiber optic,No,No,No,No,No,Yes,Month-to-month,No,Credit card (automatic),97.31,97.02,Yes
5449-GXTHU,Female,0,Yes,Yes,66,Yes,No,DSL,No,Yes,Yes,No,No,Yes,One year,Yes,Mailed check,76.75,5271.54,No
1889-SUSVB,Male,0,Yes,Yes,72,Yes,No,Fiber optic,Yes,Yes,Yes,No,No,No,Two year,No,Electronic check,94.63,6560.08,No
9827-CMWAQ,Female,0,No,No,10,Yes,Yes,DSL,Yes,No,No,Yes,Yes,No,Month-to-month,Yes,Electronic check,88.45,844.98,No
5441-RRIQP,Male,0,No,No,62,Yes,Yes,Fiber optic,No,Yes,No,Yes,Yes,No,Two year,Yes,Electronic check,109.59,6992.36,No
1848-CQGUX,Male,0,Yes,No,72,Yes,Yes,Fiber optic,No,No,No,No,Yes,No,Two year,Yes,Electronic check,103.31,7420.32,No
3325-XRCAY,Male,0,Yes,Yes,5,Yes,No,Fiber optic,Yes,No,No,Yes,No,Yes,Month-to-month,No,Mailed check,96.88,508.61,No
1759-CBPEQ,Female,0,No,No,67,Yes,No,No,No internet service,No internet service,No internet service,No internet service,No internet service,No internet service,One year,No,Electronic check,31.23,2013.57,No
1696-LBAQA,Female,0,No,No,65,Yes,No,DSL,No,Yes,No,Yes,Yes,Yes,Two year,No,Bank transfer (automatic),90.82,5636.18,No
2074-LKNPK,Female,1,Yes,No,66,Yes,No,DSL,No,Yes,No,Yes,Yes,Yes,Month-to-month,Yes,Electronic check,84.88,5483.23,No
3848-QUVVI,Female,0,No,No,7,Yes,Yes,DSL,Yes,Yes,No,Yes,No,No,Month-to-month,No,Mailed check,88.99,598.21,No
1494-RADNP,Male,1,Yes,No,72,Yes,No,No,No internet service,No internet service,No internet service,No internet service,No internet service,No internet service,One year,No,Electronic check,31.13,2145.93,No
6552-YEQQC,Male,0,No,No,70,Yes,No,DSL,No,No,Yes,No,No,Yes,One year,No,Bank transfer (automatic),70.97,5214.55,No
7864-OKPCP,Male,1,Yes,Yes,24,Yes,No,No,No internet service,No internet service,No internet service,No internet service,No internet service,No internet service,One year,Yes,Bank transfer (automatic),31.42,784.77,No
7305-WEMKA,Male,0,Yes,No,68,Yes,Yes,No,No internet service,No internet service,No internet service,No internet service,No internet service,No internet service,Two year,Yes,Credit card (automatic),43.6,2972.96,No
1542-NVGDB,Male,0,Yes,Yes,22,No,No phone service,No,No internet service,No internet service,No internet service,No internet service,No internet service,No internet service,One year,Yes,Credit card (automatic),18.3,383.92,No
3870-ZKRWH,Male,0,Yes,Yes,56,Yes,Yes,No,No internet service,No internet service,No internet service,No internet service,No internet service,No internet service,One year,No,Mailed check,46.12,2672.1,No
4577-IPQEG,Male,0,Yes,Yes,7,Yes,No,DSL,Yes,Yes,No,Yes,Yes,Yes,Month-to-month,Yes,Mailed check,92.47,638.72,No
9551-RWXCA,Male,1,Yes,Yes,61,No,No phone service,Fiber optic,Yes,Yes,No,No,No,Yes,Two year,No,Electronic check,92.08,5745.19,No
5837-VYDEW,Male,0,Yes,No,10,Yes,No,Fiber optic,No,No,No,No,Yes,Yes,One year,Yes,Bank transfer (automatic),99.21,1016.16,No
4521-KACYY,Male,1,Yes,No,4,Yes,Yes,Fiber optic,No,No,No,Yes,No,No,Month-to-month,No,Mailed check,91.58,380.32,No
8512-JAOGL,Female,0,No,No,65,Yes,Yes,Fiber optic,No,Yes,Yes,No,No,Yes,One year,Yes,Electronic check,114.3,7800.16,No
1963-GJTAX,Female,0,Yes,No,59,No,No phone service,Fiber optic,No,No,Yes,Yes,No,No,Two year,No,Electronic check,76.47,4697.87,No
5811-GIVXI,Female,1,No,No,58,Yes,No,No,No internet service,No internet service,No internet service,No internet service,No internet service,No internet service,One year,No,Electronic check,30.63,1824.65,No
6766-JSLNC,Male,0,Yes,Yes,17,Yes,No,Fiber optic,No,Yes,No,No,Yes,Yes,Month-to-month,Yes,Bank transfer (automatic),103.62,1734.12,Yes
9729-VUUHA,Male,0,Yes,Yes,1,Yes,Yes,Fiber optic,No,Yes,Yes,Yes,Yes,No,Month-to-month,Yes,Credit card (automatic),118.75,123.49,Yes
4982-WVHWN,Female,1,No,No,65,Yes,No,Fiber optic,No,No,No,No,Yes,No,One year,No,Electronic check,81.56,5190.77,No
3406-DWOZG,Male,1,No,No,23,Yes,No,Fiber optic,Yes,Yes,No,No,No,No,Month-to-month,Yes,Credit card (automatic),84.46,1971.54,No
7052-HSKZY,Male,1,Yes,No,19,Yes,No,Fiber optic,Yes,No,No,No,Yes,Yes,Two year,No,Mailed check,100.56,2003.7,No
4781-LJUPQ,Male,1,Yes,No,5,Yes,Yes,DSL,No,No,No,No,Yes,Yes,Month-to-month,Yes,Mailed check,88.0,457.59,Yes
9666-KPDPO,Male,0,No,No,3,Yes,Yes,No,No internet service,No internet service,No internet service,No internet service,No internet service,No internet service,Month-to-month,No,Mailed check,43.55,131.41,No
8939-ZWRET,Male,0,No,No,4,Yes,Yes,DSL,No,Yes,No,No,Yes,No,Month-to-month,Yes,Credit card (automatic),86.42,332.48,No
5203-ENEYO,Male,0,No,No,26,Yes,No,DSL,No,Yes,No,No,No,Yes,One year,No,Mailed check,73.18,1957.45,No
3110-AKBLY,Female,1,No,No,24,Yes,No,DSL,Yes,Yes,Yes,Yes,No,Yes,Two year,Yes,Electronic check,91.38,2207.67,No
7687-EXJZX,Male,0,Yes,Yes,8,Yes,No,No,No internet service,No internet service,No internet service,No internet service,No internet service,No internet service,Month-to-month,No,Mailed check,35.88,289.38,No
3528-PTUTG,Male,0,No,No,14,Yes,Yes,DSL,No,No,No,No,Yes,Yes,One year,No,Credit card (automatic),86.97,1222.72,No
6252-TTWKN,Female,0,No,Yes,10,Yes,Yes,DSL,No,No,No,No,Yes,No,Month-to-month,Yes,Electronic check,75.22,739.39,No
9117-LEXLH,Male,0,No,No,72,Yes,No,DSL,No,Yes,No,Yes,Yes,No,One year,No,Mailed check,76.26,5280.52,No
5047-GENWG,Male,0,No,No,13,Yes,Yes,DSL,Yes,No,Yes,No,Yes,Yes,One year,No,Bank transfer (automatic),97.39,1238.88,No
5047-CFNET,Female,1,No,No,17,Yes,No,Fiber optic,No,No,Yes,No,No,No,Two year,Yes,Mailed check,82.44,1443.45,No
2386-EDAAB,Male,0,No,No,3,Yes,No,No,No internet service,No internet service,No internet service,No internet service,No internet service,No internet service,Month-to-month,No,Bank transfer (automatic),33.31,95.66,No
5874-BZSYD,Male,0,Yes,Yes,4,Yes,Yes,Fiber optic,No,No,No,No,No,No,Month-to-month,No,Electronic check,93.87,381.44,Yes
2103-YHQFA,Male,0,No,No,27,Yes,No,DSL,No,No,Yes,No,Yes,No,Month-to-month,Yes,Electronic check,68.98,1828.56,No
5657-TOFDF,Male,0,Yes,No,67,Yes,No,No,No internet service,No internet service,No internet service,No internet service,No internet service,No internet service,Two year,Yes,Electronic check,33.6,2211.06,No
9121-IXVMA,Female,0,Yes,No,34,Yes,Yes,Fiber optic,No,Yes,No,Yes,No,Yes,One year,Yes,Credit card (automatic),116.06,3955.07,No
9849-LIRHT,Female,0,Yes,No,2,Yes,Yes,DSL,No,No,Yes,No,Yes,Yes,Month-to-month,No,Bank transfer (automatic),89.58,177.28,No
3218-HAQSD,Male,1,Yes,Yes,1,Yes,No,No,No internet service,No internet service,No internet service,No internet service,No internet service,No internet service,Month-to-month,No,Credit card (automatic),30.46,31.46,Yes
9496-EIGOM,Female,0,No,No,28,Yes,Yes,DSL,No,No,Yes,Yes,No,No,Month-to-month,Yes,Electronic check,79.07,2297.16,No
7989-LYCYO,Female,0,No,No,68,Yes,Yes,DSL,No,Yes,No,Yes,Yes,Yes,Two year,Yes,Mailed check,98.59,6907.73,No
7564-DYYVO,Male,0,Yes,Yes,30,Yes,No,Fiber optic,No,No,Yes,No,No,No,Two year,Yes,Mailed check,84.04,2626.1,No
1556-QWKDA,Female,0,No,No,4,Yes,Yes,DSL,No,Yes,Yes,Yes,No,Yes,Month-to-month,Yes,Mailed check,96.93,388.6,No
8763-RGYLK,Male,0,Yes,Yes,11,Yes,No,DSL,No,No,No,No,Yes,No,One year,Yes,Electronic check,68.62,742.69,No
2646-YLIMT,Male,0,Yes,Yes,58,Yes,Yes,Fiber optic,No,Yes,No,No,No,Yes,Two year,Yes,Electronic check,102.43,5796.37,No
5757-WAGYM,Male,0,No,No,1,Yes,Yes,Fiber optic,Yes,No,Yes,No,No,No,Month-to-month,Yes,Mailed check,105.4,108.81,No
2974-SIZRM,Male,0,No,No,2,Yes,Yes,No,No internet service,No internet service,No internet service,No internet service,No internet service,No internet service,Month-to-month,Yes,Credit card (automatic),30.42,59.45,No
6173-WCBMF,Male,1,Yes,No,7,Yes,No,Fiber optic,No,No,No,No,No,Yes,Month-to-month,No,Credit card (automatic),84.59,603.69,Yes
3778-BZJFC,Female,0,No,No,63,Yes,Yes,DSL,No,Yes,No,No,No,No,Two year,No,Electronic check,76.33,4736.36,No
3938-ZDIQV,Male,0,Yes,No,16,Yes,No,DSL,Yes,No,No,No,Yes,Yes,Month-to-month,Yes,Bank transfer (automatic),82.51,1323.99,No
2162-PNFLE,Male,0,No,No,12,Yes,Yes,Fiber optic,Yes,Yes,No,No,Yes,No,One year,Yes,Bank transfer (automatic),112.25,1394.19,No
4012-VWIWH,Male,1,Yes,Yes,69,No,No phone service,Fiber optic,Yes,No,Yes,No,Yes,Yes,One year,Yes,Bank transfer (automatic),97.11,6475.7,No
1001-UMATN,Female,0,Yes,No,64,Yes,No,Fiber optic,Yes,Yes,No,Yes,No,Yes,Two year,No,Bank transfer (automatic),104.06,6530.56,No
3108-UIBZA,Female,1,No,No,63,Yes,Yes,No,No internet service,No internet service,No internet service,No internet service,No internet service,No internet service,Two year,Yes,Electronic check,41.01,2473.82,No
8707-KBTBM,Female,0,No,No,2,Yes,No,No,No internet service,No internet service,No internet service,No internet service,No internet service,No internet service,Month-to-month,No,Mailed check,32.28,63.66,No
1558-ZRWZC,Female,0,Yes,No,2,Yes,No,Fiber optic,Yes,No,No,No,Yes,No,Month-to-month,Yes,Electronic check,98.11,200.1,Yes
4914-YENJG,Female,0,No,No,3,Yes,No,Fiber optic,No,Yes,No,No,Yes,Yes,Month-to-month,No,Credit card (automatic),102.59,309.51,No
7283-FGPBU,Male,0,Yes,Yes,66,Yes,No,Fiber optic,Yes,Yes,No,Yes,No,No,Two year,Yes,Electronic check,90.65,5888.6,No
9337-AJTSV,Female,0,No,No,69,Yes,No,No,No internet service,No internet service,No internet service,No internet service,No internet service,No internet service,Month-to-month,Yes,Bank transfer (automatic),31.55,2163.36,No
6258-XLHUK,Female,0,Yes,No,7,Yes,No,DSL,Yes,Yes,Yes,Yes,No,Yes,Month-to-month,Yes,Electronic check,91.99,626.5,Yes
6992-GRXBM,Female,1,No,No,71,Yes,Yes,Fiber optic,No,No,No,No,Yes,No,Two year,No,Bank transfer (automatic),91.16,6560.59,No
8746-AHPXU,Female,1,No,No,6,Yes,No,Fiber optic,No,Yes,No,No,No,Yes,Month-to-month,No,Mailed check,90.94,527.27,Yes
6103-IIOZZ,Male,0,Yes,No,71,Yes,No,No,No internet service,No internet service,No internet service,No internet service,No internet service,No internet service,One year,Yes,Mailed check,24.68,1713.4,No
5073-PUOEU,Male,0,No,No,69,Yes,No,DSL,No,No,Yes,No,Yes,No,One year,Yes,Bank transfer (automatic),68.86,4854.3,No
1395-RPKEY,Male,0,No,No,8,Yes,Yes,No,No internet service,No internet service,No internet service,No internet service,No internet service,No internet service,Month-to-month,No,Credit card (automatic),44.63,350.43,No
1653-GJVOR,Female,0,No,No,33,Yes,No,Fiber optic,No,Yes,No,No,Yes,Yes,Two year,No,Bank transfer (automatic),106.31,3594.24,No
5566-QSALO,Male,0,Yes,No,39,Yes,No,DSL,Yes,Yes,No,No,Yes,No,One year,No,Credit card (automatic),78.35,2943.9,No
3483-KESCX,Male,1,No,No,4,Yes,Yes,No,No internet service,No internet service,No internet service,No internet service,No internet service,No internet service,Two year,Yes,Credit card (automatic),39.62,161.76,No
5628-RSFFG,Female,1,No,No,56,Yes,Yes,DSL,No,No,No,Yes,Yes,No,One year,Yes,Credit card (automatic),82.2,4590.69,No
7840-DBEZH,Male,0,No,No,63,Yes,Yes,DSL,No,Yes,No,Yes,Yes,Yes,Two year,No,Credit card (automatic),98.38,6205.28,No
1338-NNBTL,Female,0,No,No,3,Yes,Yes,Fiber optic,No,Yes,No,No,No,Yes,Month-to-month,Yes,Bank transfer (automatic),101.39,303.17,Yes
1697-NZOZB,Male,0,Yes,Yes,20,Yes,No,No,No internet service,No internet service,No internet service,No internet service,No internet service,No internet service,Month-to-month,No,Electronic check,28.06,547.79,No
3755-BRDSC,Male,0,No,No,25,Yes,Yes,DSL,No,No,Yes,Yes,Yes,No,Month-to-month,No,Bank transfer (automatic),84.35,2138.87,No
5622-WCFWD,Male,0,No,Yes,33,Yes,Yes,No,No internet service,No internet service,No internet service,No internet service,No internet service,No internet service,Month-to-month,Yes,Electronic check,39.3,1273.06,No
7386-JCNOO,Female,0,Yes,Yes,38,Yes,Yes,DSL,No,Yes,Yes,No,Yes,Yes,Two year,No,Electronic check,101.39,3832.23,No
6618-EKEDP,Male,0,No,No,5,Yes,Yes,Fiber optic,Yes,No,No,No,No,Yes,Month-to-month,No,Electronic check,102.7,502.26,No
7607-AZURE,Male,0,No,No,19,Yes,No,DSL,No,No,Yes,No,No,Yes,Month-to-month,Yes,Credit card (automatic),70.88,1330.57,Yes
1296-IPMAM,Female,0,No,Yes,11,Yes,Yes,DSL,No,No,No,No,Yes,Yes,Month-to-month,Yes,Electronic check,93.42,976.53,No
5466-JHMSU,Male,0,Yes,Yes,71,Yes,Yes,No,No internet service,No internet service,No internet service,No internet service,No internet service,No internet service,Month-to-month,No,Mailed check,41.51,2947.87,No
9713-RRDQF,Female,1,No,No,40,No,No phone service,No,No internet service,No internet service,No internet service,No internet service,No internet service,No internet service,Two year,Yes,Electronic check,25.66,1027.46,No
8271-THTVO,Female,0,Yes,Yes,18,Yes,No,Fiber optic,Yes,Yes,Yes,Yes,No,No,One year,No,Bank transfer (automatic),99.67,1798.46,No
4995-OKUUZ,Male,0,No,No,9,Yes,No,No,No internet service,No internet service,No internet service,No internet service,No internet service,No internet service,Month-to-month,Yes,Credit card (automatic),23.64,212.39,No
3167-WEITJ,Female,0,No,No,51,Yes,No,Fiber optic,No,Yes,Yes,Yes,No,No,Month-to-month,No,Mailed check,96.85,4902.8,No
1045-JZDJT,Male,0,No,Yes,58,Yes,Yes,No,No internet service,No internet service,No internet service,No internet service,No internet service,No internet service,Two year,No,Electronic check,46.4,2735.59,No
5934-AJVXA,Female,0,Yes,No,12,Yes,Yes,DSL,No,Yes,Yes,Yes,No,No,Month-to-month,Yes,Bank transfer (automatic),87.1,1014.01,No
7361-NBYBG,Male,1,No,No,63,Yes,No,Fiber optic,No,No,Yes,No,Yes,No,One year,Yes,Credit card (automatic),92.35,5861.47,No
7491-KLABT,Female,0,No,No,61,Yes,No,Fiber optic,Yes,No,No,No,Yes,Yes,One year,Yes,Electronic check,97.12,6161.45,No
2437-QLVQP,Male,1,Yes,Yes,33,Yes,Yes,Fiber optic,No,Yes,Yes,No,Yes,Yes,One year,No,Bank transfer (automatic),118.75,3769.61,No
1179-WPPZB,Female,0,No,No,65,Yes,Yes,DSL,No,No,No,No,Yes,No,Month-to-month,Yes,Electronic check,77.99,4893.09,No
4887-QDDPI,Male,0,No,Yes,37,Yes,No,No,No internet service,No internet service,No internet service,No internet service,No internet service,No internet service,Two year,Yes,Mailed check,28.27,1084.3,No
4277-TLJMP,Male,1,No,No,64,Yes,No,Fiber optic,No,No,No,No,Yes,No,Month-to-month,No,Electronic check,85.39,5687.14,No
4789-WOVZB,Male,1,Yes,Yes,5,No,No phone service,Fiber optic,No,Yes,Yes,No,No,Yes,Month-to-month,Yes,Credit card (automatic),83.2,427.21,Yes
9739-LDZJV,Male,1,Yes,No,36,Yes,No,DSL,Yes,Yes,No,No,No,Yes,One year,Yes,Electronic check,79.11,2725.5,No
9077-YRGHQ,Female,0,No,Yes,3,Yes,No,Fiber optic,No,Yes,No,Yes,Yes,No,Month-to-month,Yes,Credit card (automatic),106.47,306.75,No
3245-BHOPS,Male,1,Yes,No,25,Yes,No,Fiber optic,Yes,No,No,No,Yes,Yes,One year,Yes,Electronic check,96.96,2514.71,No
6396-FCOQD,Female,0,Yes,No,1,Yes,No,Fiber optic,No,No,No,No,No,Yes,Month-to-month,Yes,Credit card (automatic),82.99,87.12,Yes
9978-PJJFX,Female,1,No,No,3,Yes,No,Fiber optic,No,No,Yes,No,Yes,No,Month-to-month,No,Bank transfer (automatic),92.25,285.97,Yes
5636-TKKWP,Female,0,Yes,No,29,Yes,Yes,Fiber optic,No,Yes,No,No,No,No,One year,Yes,Electronic check,96.4,2918.31,Yes
7078-DMMIK,Male,0,No,No,2,Yes,Yes,No,No internet service,No internet service,No internet service,No internet service,No internet service,No internet service,Month-to-month,No,Electronic check,47.57,99.15,No
1197-GVCKD,Male,1,No,No,30,Yes,No,DSL,No,No,No,Yes,Yes,Yes,Two year,No,Electronic check,86.78,2544.22,No
9876-KLHWE,Female,0,No,No,5,Yes,No,Fiber optic,No,No,No,Yes,No,No,Month-to-month,No,Credit card (automatic),84.67,420.51,No
7907-XKDJZ,Male,0,No,No,67,Yes,No,Fiber optic,No,Yes,Yes,Yes,No,No,Two year,No,Mailed check,92.11,6391.38,No
6996-NAJFA,Male,0,Yes,No,12,Yes,Yes,No,No internet service,No internet service,No internet service,No internet service,No internet service,No internet service,Two year,Yes,Bank transfer (automatic),36.54,434.71,No
8228-FSYLV,Female,0,Yes,No,61,Yes,No,Fiber optic,No,No,Yes,Yes,Yes,Yes,Two year,No,Credit card (automatic),102.67,6146.87,No
6177-LJLBD,Female,0,No,Yes,35,No,No phone service,No,No internet service,No internet service,No internet service,No internet service,No internet service,No internet service,Month-to-month,Yes,Bank transfer (automatic),19.33,648.0,No
5188-HFPHO,Female,0,Yes,No,66,No,No phone service,No,No internet service,No internet service,No internet service,No internet service,No internet service,No internet service,One year,No,Electronic check,19.59,1265.68,No
1927-SZTJC,Male,1,No,No,18,Yes,No,DSL,Yes,No,No,No,No,No,Month-to-month,Yes,Bank transfer (automatic),60.81,1147.56,No
6240-SZMBS,Female,0,No,No,6,Yes,Yes,Fiber optic,Yes,Yes,No,No,No,No,One year,Yes,Bank transfer (automatic),101.9,637.65,No
3017-OTTYQ,Male,0,Yes,No,5,Yes,No,No,No internet service,No internet service,No internet service,No internet service,No internet service,No internet service,Month-to-month,No,Electronic check,34.74,179.65,No
9708-KZYWK,Male,0,No,No,11,Yes,No,No,No internet service,No internet service,No internet service,No internet service,No internet service,No internet service,Month-to-month,Yes,Credit card (automatic),30.66,346.0,No
4519-LKDGW,Female,0,Yes,Yes,61,Yes,No,DSL,No,No,Yes,No,Yes,Yes,One year,No,Electronic check,87.43,5210.23,No
9108-GRLOA,Male,0,Yes,Yes,5,Yes,Yes,Fiber optic,No,No,No,Yes,Yes,No,Month-to-month,No,Bank transfer (automatic),105.91,516.78,Yes
8679-BEGTM,Male,0,No,No,10,Yes,No,DSL,No,Yes,Yes,No,No,No,Month-to-month,No,Credit card (automatic),64.52,645.03,No
8766-UCGWU,Male,0,No,No,6,Yes,Yes,No,No internet service,No internet service,No internet service,No internet service,No internet service,No internet service,Month-to-month,No,Electronic check,36.89,222.75,Yes
2642-OEPLG,Female,1,No,No,72,Yes,No,DSL,No,No,No,No,No,Yes,Two year,No,Credit card (automatic),65.86,4696.15,No
4107-WDSSF,Female,0,Yes,Yes,1,Yes,Yes,DSL,No,No,No,Yes,No,No,Month-to-month,No,Bank transfer (automatic),72.22,72.65,No
3183-FZKGE,Female,0,Yes,Yes,65,Yes,No,Fiber optic,No,No,Yes,No,Yes,Yes,Month-to-month,No,Electronic check,100.24,6501.96,No
3185-ITVYX,Female,0,Yes,No,12,Yes,No,DSL,No,No,Yes,Yes,No,Yes,One year,No,Bank transfer (automatic),79.31,962.86,No
8539-JWQGL,Male,0,Yes,Yes,2,No,No phone service,No,No internet service,No internet service,No internet service,No internet service,No internet service,No internet service,Month-to-month,Yes,Mailed check,29.35,58.86,No
4879-QSFNI,Male,0,Yes,Yes,14,Yes,Yes,DSL,No,No,No,No,No,Yes,Month-to-month,Yes,Electronic check,78.2,1063.86,Yes
3305-BGEOG,Male,1,No,No,1,Yes,Yes,Fiber optic,No,Yes,No,No,Yes,No,Month-to-month,No,Credit card (automatic),96.38,96.65,Yes
1002-BQFUN,Male,0,No,No,18,Yes,No,DSL,No,Yes,No,Yes,Yes,Yes,One year,Yes,Mailed check,84.53,1525.89,No
5806-DYMBP,Male,0,Yes,No,57,Yes,No,No,No internet service,No internet service,No internet service,No internet service,No internet service,No internet service,Two year,Yes,Credit card (automatic),27.8,1515.3,No
3446-XARII,Female,0,Yes,No,24,Yes,No,Fiber optic,Yes,No,No,No,Yes,Yes,Month-to-month,Yes,Credit card (automatic),105.56,2472.98,No
2377-IGIXB,Male,0,No,No,7,Yes,Yes,DSL,No,Yes,No,No,Yes,Yes,Month-to-month,No,Bank transfer (automatic),94.88,670.77,No
8250-IOPBO,Male,1,No,No,15,Yes,No,DSL,Yes,Yes,No,No,No,No,One year,Yes,Mailed check,72.61,1080.42,No
4623-DAVUZ,Male,0,No,No,12,Yes,Yes,Fiber optic,No,Yes,Yes,No,No,Yes,One year,No,Credit card (automatic),106.66,1318.62,No
4497-RETZS,Male,0,Yes,No,9,No,No phone service,No,No internet service,No internet service,No internet service,No internet service,No internet service,No internet service,Month-to-month,Yes,Bank transfer (automatic),18.25,157.06,No
3466-XMMFY,Female,0,Yes,Yes,72,Yes,No,No,No internet service,No internet service,No internet service,No internet service,No internet service,No internet service,Month-to-month,Yes,Electronic check,32.01,2218.79,No
7785-XNYYK,Male,0,No,Yes,6,Yes,No,No,No internet service,No internet service,No internet service,No internet service,No internet service,No internet service,Month-to-month,Yes,Bank transfer (automatic),22.95,144.34,No
5894-SAUAO,Male,0,No,No,2,Yes,No,Fiber optic,No,Yes,Yes,Yes,No,No,Month-to-month,No,Electronic check,100.5,203.59,Yes
1857-GUIIQ,Female,0,No,No,69,Yes,No,No,No internet service,No internet service,No internet service,No internet service,No internet service,No internet service,Two year,No,Credit card (automatic),34.26,2388.97,No
5984-DHSAM,Male,0,No,Yes,67,Yes,No,Fiber optic,No,No,No,Yes,No,No,Two year,Yes,Mailed check,80.82,5559.49,No
5874-SDMAQ,Male,0,Yes,No,3,Yes,No,Fiber optic,No,No,No,No,Yes,No,Month-to-month,Yes,Electronic check,87.65,258.29,Yes
8116-MTNLK,Male,0,Yes,No,50,Yes,No,Fiber optic,No,Yes,Yes,No,Yes,No,One year,Yes,Electronic check,99.26,5040.99,No
7082-OAYVA,Female,0,No,No,3,Yes,No,DSL,No,Yes,Yes,No,No,Yes,Month-to-month,No,Bank transfer (automatic),78.08,233.18,Yes
1655-GKURJ,Female,1,Yes,No,6,Yes,Yes,DSL,Yes,No,No,Yes,Yes,No,Month-to-month,Yes,Electronic check,90.73,536.85,No
7611-WUYSH,Female,0,No,No,59,No,No phone service,No,No internet service,No internet service,No internet service,No internet service,No internet service,No internet service,One year,No,Mailed check,18.25,1041.27,No
8337-GPQFN,Male,1,Yes,No,68,Yes,Yes,No,No internet service,No internet service,No internet service,No internet service,No internet service,No internet service,One year,Yes,Electronic check,41.19,2684.34,No
4564-ZSOMO,Female,0,Yes,No,17,Yes,No,DSL,No,No,No,Yes,No,No,Month-to-month,No,Bank transfer (automatic),65.96,1067.01,No
9874-SVPCP,Male,1,Yes,No,5,Yes,Yes,DSL,Yes,No,No,No,No,No,Month-to-month,No,Electronic check,75.57,370.37,Yes
9291-LPQII,Male,0,Yes,Yes,49,Yes,Yes,No,No internet service,No internet service,No internet service,No internet service,No internet service,No internet service,One year,No,Credit card (automatic),36.91,1721.25,No
5621-PUFVU,Male,0,Yes,Yes,26,Yes,Yes,DSL,Yes,No,Yes,No,No,Yes,Month-to-month,No,Bank transfer (automatic),89.99,2286.86,No
8151-HDTZG,Male,0,No,No,42,Yes,Yes,No,No internet service,No internet service,No internet service,No internet service,No internet service,No internet service,Two year,No,Electronic check,47.44,2017.43,No
7242-CCSPY,Female,0,No,No,11,Yes,No,No,No internet service,No internet service,No internet service,No internet service,No internet service,No internet service,Month-to-month,No,Bank transfer (automatic),25.96,275.68,No
9743-UBWCQ,Female,0,Yes,No,15,Yes,No,No,No internet service,No internet service,No internet service,No internet service,No internet service,No internet service,Month-to-month,Yes,Mailed check,28.86,430.79,Yes
6561-FASEL,Female,0,Yes,Yes,1,Yes,No,No,No internet service,No internet service,No internet service,No internet service,No internet service,No internet service,Month-to-month,Yes,Electronic check,30.77,29.68,Yes
3676-DFPNX,Female,1,No,No,71,Yes,No,No,No internet service,No internet service,No internet service,No internet service,No internet service,No internet service,One year,Yes,Mailed check,31.68,2218.25,No
9154-HVYEK,Male,0,Yes,Yes,1,No,No phone service,No,No internet service,No internet service,No internet service,No internet service,No internet service,No internet service,Month-to-month,Yes,Electronic check,22.49,23.32,No
8554-TSBNN,Male,0,Yes,Yes,68,Yes,No,No,No internet service,No internet service,No internet service,No internet service,No internet service,No internet service,Two year,No,Electronic check,32.91,2280.02,No
3315-XDLQQ,Male,0,Yes,No,26,Yes,No,Fiber optic,No,No,Yes,No,Yes,Yes,Month-to-month,Yes,Electronic check,101.65,2706.01,No
1947-IOWBN,Female,0,No,No,1,Yes,Yes,DSL,No,Yes,Yes,No,No,Yes,One year,Yes,Mailed check,89.86,89.64,No
7298-SZFSO,Male,0,Yes,No,12,Yes,No,Fiber optic,No,Yes,No,Yes,Yes,No,One year,No,Credit card (automatic),103.24,1289.93,No
7063-KMZPZ,Female,0,No,No,32,Yes,No,No,No internet service,No internet service,No internet service,No internet service,No internet service,No internet service,Two year,No,Bank transfer (automatic),33.08,1021.28,No
5440-KTILL,Male,0,Yes,No,47,Yes,Yes,No,No internet service,No internet service,No internet service,No internet service,No internet service,No internet service,One year,Yes,Credit card (automatic),42.96,1942.35,No
5412-OUFRG,Male,0,Yes,No,63,Yes,No,Fiber optic,No,No,No,No,No,No,Month-to-month,No,Bank transfer (automatic),73.35,4536.84,No
1060-WWLFU,Male,1,Yes,No,9,Yes,No,Fiber optic,No,No,Yes,Yes,No,Yes,Month-to-month,Yes,Credit card (automatic),98.94,854.72,No
1830-VBWKJ,Male,0,No,No,59,Yes,No,No,No internet service,No internet service,No internet service,No internet service,No internet service,No internet service,Month-to-month,No,Bank transfer (automatic),31.23,1806.02,No
3169-AKJIL,Male,1,No,No,66,No,No phone service,DSL,No,No,Yes,No,No,No,Two year,No,Credit card (automatic),53.35,3544.64,No
9299-KHMYY,Female,0,Yes,No,9,Yes,Yes,DSL,Yes,No,Yes,Yes,Yes,Yes,Month-to-month,Yes,Credit card (automatic),103.43,921.98,No
6283-ITXJZ,Male,0,Yes,No,65,Yes,Yes,DSL,No,No,Yes,Yes,No,Yes,One year,No,Bank transfer (automatic),88.56,5720.14,No
3820-GLABN,Female,0,No,No,29,Yes,Yes,No,No internet service,No internet service,No internet service,No internet service,No internet service,No internet service,Two year,No,Electronic check,39.7,1112.35,No
6530-NVVWH,Male,0,No,No,1,Yes,Yes,DSL,No,Yes,No,Yes,Yes,Yes,Month-to-month,No,Credit card (automatic),100.49,99.94,No
1941-JKJIE,Male,0,Yes,No,7,Yes,Yes,DSL,No,No,No,Yes,No,No,Month-to-month,Yes,Mailed check,69.89,509.83,No
5205-WGUPM,Male,0,No,No,70,Yes,No,DSL,No,Yes,No,Yes,Yes,No,One year,No,Credit card (automatic),80.29,5374.68,No
5851-AUVFK,Female,0,Yes,Yes,59,Yes,Yes,Fiber optic,Yes,Yes,Yes,No,No,Yes,Month-to-month,Yes,Credit card (automatic),118.75,7133.78,No
9755-ZAUVV,Male,0,Yes,Yes,7,Yes,No,No,No internet service,No internet service,No internet service,No internet service,No internet service,No internet service,One year,No,Mailed check,30.2,214.24,No
1686-SLYKB,Female,1,Yes,No,4,Yes,Yes,Fiber optic,No,No,No,No,Yes,Yes,Month-to-month,No,Credit card (automatic),105.16,433.48,Yes
5887-VGXNK,Male,0,No,Yes,68,Yes,Yes,DSL,No,No,No,No,No,No,Two year,Yes,Electronic check,71.89,4938.84,No
3840-BSTOT,Female,0,Yes,No,63,Yes,Yes,Fiber optic,No,No,Yes,No,No,Yes,Month-to-month,Yes,Mailed check,101.82,6348.8,Yes
4659-APWTF,Male,0,No,No,68,Yes,No,Fiber optic,No,No,No,No,No,Yes,Two year,Yes,Electronic check,88.02,6160.0,No
1198-PLBPP,Female,0,No,No,10,Yes,Yes,Fiber optic,No,Yes,Yes,No,No,No,Month-to-month,Yes,Electronic check,102.86,1014.13,Yes
8978-DHZOC,Female,0,No,No,41,No,No phone service,No,No internet service,No internet service,No internet service,No internet service,No internet service,No internet service,Two year,Yes,Electronic check,18.25,729.74,No
6940-KHAIB,Female,0,Yes,No,61,No,No phone service,Fiber optic,Yes,No,Yes,Yes,No,No,Two year,No,Bank transfer (automatic),86.82,5317.79,No
4352-JUTMZ,Male,0,Yes,No,1,No,No phone service,Fiber optic,Yes,Yes,Yes,No,Yes,No,Month-to-month,Yes,Bank transfer (automatic),94.48,98.69,Yes
1232-OMQFG,Male,1,No,No,7,No,No phone service,DSL,Yes,No,No,Yes,No,Yes,Month-to-month,Yes,Mailed check,68.79,483.91,No
1308-XPQOD,Male,0,No,No,56,Yes,Yes,Fiber optic,No,No,Yes,No,Yes,Yes,One year,No,Bank transfer (automatic),107.41,6312.57,No
8081-ASGDW,Female,0,No,No,13,Yes,Yes,DSL,No,Yes,Yes,Yes,No,Yes,Month-to-month,No,Electronic check,95.8,1283.42,No
1725-UZJNZ,Female,0,Yes,Yes,5,Yes,Yes,Fiber optic,No,Yes,No,No,No,No,One year,No,Bank transfer (automatic),89.72,464.79,No
3292-IHVAE,Female,0,Yes,Yes,21,Yes,No,Fiber optic,Yes,No,Yes,No,Yes,No,Month-to-month,Yes,Credit card (automatic),94.74,2032.71,Yes
6114-DFOLL,Male,0,No,No,17,Yes,No,DSL,No,No,Yes,No,Yes,No,One year,No,Credit card (automatic),67.28,1127.3,No
5680-NLPYC,Male,0,Yes,Yes,5,Yes,No,No,No internet service,No internet service,No internet service,No internet service,No internet service,No internet service,Month-to-month,Yes,Credit card (automatic),28.93,144.42,Yes
6058-BXTZR,Male,0,No,No,69,Yes,No,Fiber optic,Yes,Yes,Yes,Yes,No,Yes,Two year,Yes,Bank transfer (automatic),113.5,7997.45,No
3604-FNTDP,Female,0,Yes,Yes,22,Yes,No,No,No internet service,No internet service,No internet service,No internet service,No internet service,No internet service,One year,Yes,Mailed check,29.58,637.58,No
9519-WSUHO,Female,0,Yes,Yes,4,Yes,Yes,Fiber optic,No,No,Yes,No,Yes,No,Month-to-month,Yes,Electronic check,106.36,440.52,Yes
3607-GTEXA,Female,0,Yes,Yes,32,Yes,No,DSL,No,No,Yes,No,Yes,Yes,One year,No,Electronic check,78.66,2514.17,No
6907-SJQHL,Male,0,Yes,No,1,Yes,Yes,Fiber optic,Yes,Yes,No,No,No,Yes,Month-to-month,Yes,Electronic check,109.52,111.48,Yes
8873-HNCZF,Female,0,Yes,Yes,63,Yes,Yes,DSL,Yes,No,No,No,Yes,No,Two year,Yes,Electronic check,79.12,4982.54,No
1040-JEPRQ,Female,0,No,Yes,50,Yes,No,No,No internet service,No internet service,No internet service,No internet service,No internet service,No internet service,Two year,Yes,Bank transfer (automatic),31.15,1630.03,No
2416-JZNXT,Male,0,Yes,No,61,Yes,No,No,No internet service,No internet service,No internet service,No internet service,No internet service,No internet service,Two year,No,Bank transfer (automatic),28.2,1709.51,No
8679-ODUXV,Female,1,Yes,No,3,Yes,Yes,Fiber optic,No,No,Yes,No,No,Yes,Month-to-month,Yes,Mailed check,103.95,309.4,Yes
6568-OKOVY,Female,1,No,No,21,Yes,No,No,No internet service,No internet service,No internet service,No internet service,No internet service,No internet service,One year,No,Bank transfer (automatic),28.84,613.65,No
3502-GLDQD,Female,0,Yes,No,65,Yes,No,DSL,Yes,Yes,No,No,No,No,Two year,Yes,Mailed check,65.59,4100.99,No
9234-YADEM,Female,0,Yes,Yes,65,Yes,Yes,Fiber optic,No,No,Yes,No,Yes,Yes,One year,Yes,Mailed check,118.75,7882.73,No
1927-AVTLV,Male,0,No,No,55,Yes,No,Fiber optic,Yes,No,Yes,No,No,Yes,One year,Yes,Electronic check,102.33,5373.73,No
9882-QLROV,Male,0,No,No,38,Yes,No,DSL,No,No,No,Yes,No,Yes,Two year,No,Mailed check,72.03,2854.1,No
8317-PSBUK,Female,0,Yes,No,17,Yes,Yes,No,No internet service,No internet service,No internet service,No internet service,No internet service,No internet service,Month-to-month,No,Mailed check,49.71,847.94,Yes
6143-IPCVW,Male,0,Yes,No,23,Yes,Yes,Fiber optic,No,No,No,No,Yes,Yes,One year,No,Electronic check,109.84,2474.06,No
9860-QBLFN,Female,0,No,No,3,Yes,No,Fiber optic,No,No,No,Yes,No,Yes,Month-to-month,Yes,Electronic check,90.21,264.09,Yes
6779-PIPOH,Female,0,Yes,Yes,8,Yes,Yes,Fiber optic,Yes,No,No,Yes,No,No,Month-to-month,No,Bank transfer (automatic),105.15,860.64,Yes
9354-ZTQEV,Female,0,No,No,11,Yes,No,DSL,Yes,Yes,Yes,No,No,Yes,Month-to-month,Yes,Bank transfer (automatic),83.62,881.67,No
4442-NOLFA,Female,0,No,No,65,Yes,No,No,No internet service,No internet service,No internet service,No internet service,No internet service,No internet service,One year,Yes,Electronic check,34.02,2305.76,No
3548-YRKDP,Male,0,No,Yes,1,Yes,No,Fiber optic,No,Yes,Yes,No,No,No,Month-to-month,Yes,Bank transfer (automatic),87.68,87.74,No
2782-EYUPQ,Male,0,Yes,Yes,72,Yes,Yes,DSL,Yes,Yes,No,No,Yes,No,Two year,Yes,Credit card (automatic),92.46,6779.25,No
6467-TOUCY,Male,0,Yes,No,1,Yes,Yes,DSL,Yes,Yes,Yes,No,Yes,Yes,Month-to-month,No,Mailed check,110.1,105.42,No
9847-NKRTN,Male,0,No,Yes,3,No,No phone service,DSL,No,Yes,Yes,No,No,Yes,Month-to-month,No,Mailed check,68.66,200.72,Yes
3192-VAVAK,Male,0,Yes,Yes,70,Yes,No,DSL,No,Yes,No,No,No,Yes,Month-to-month,No,Mailed check,74.4,4950.22,No
1600-WBPFU,Male,0,Yes,Yes,45,Yes,No,DSL,Yes,No,Yes,No,Yes,Yes,Month-to-month,No,Electronic check,88.64,3863.47,No
3358-KPGHS,Female,0,No,No,72,Yes,Yes,No,No internet service,No internet service,No internet service,No internet service,No internet service,No internet service,One year,Yes,Credit card (automatic),44.38,3212.48,No
8154-RPLBS,Female,0,Yes,No,63,Yes,No,Fiber optic,No,No,Yes,No,No,Yes,Month-to-month,Yes,Credit card (automatic),90.9,5726.05,No
1724-KINKN,Male,0,Yes,No,59,Yes,No,Fiber optic,No,No,Yes,No,No,Yes,Month-to-month,Yes,Mailed check,94.82,5751.13,No
4691-ZEJLU,Male,0,No,No,59,Yes,Yes,DSL,Yes,Yes,No,No,Yes,Yes,Two year,Yes,Electronic check,100.4,6007.76,No
8245-GCEUX,Female,0,Yes,Yes,3,Yes,No,DSL,No,No,No,No,No,No,Month-to-month,Yes,Credit card (automatic),48.34,148.22,No
4572-CIQRT,Male,0,Yes,Yes,3,Yes,No,DSL,No,Yes,Yes,No,Yes,Yes,Month-to-month,Yes,Bank transfer (automatic),88.3,258.16,Yes
8208-RADCM,Male,0,Yes,No,70,Yes,No,Fiber optic,Yes,Yes,No,Yes,No,No,Two year,No,Credit card (automatic),96.28,6747.02,No
4647-NSHBJ,Male,0,No,Yes,63,Yes,Yes,Fiber optic,Yes,Yes,Yes,No,No,Yes,Two year,Yes,Credit card (automatic),117.07,7683.05,No
9341-NCBBX,Female,0,Yes,Yes,58,Yes,Yes,DSL,Yes,Yes,No,No,No,Yes,Two year,No,Electronic check,87.88,5091.97,No
1842-QSTYZ,Male,0,Yes,No,2,Yes,No,No,No internet service,No internet service,No internet service,No internet service,No internet service,No internet service,Month-to-month,Yes,Electronic check,29.7,57.73,Yes
6287-WFNLI,Female,0,No,Yes,67,Yes,Yes,DSL,No,Yes,Yes,No,No,No,One year,No,Mailed check,82.04,5545.55,No
7447-VUPTP,Male,0,No,No,21,Yes,No,Fiber optic,No,No,Yes,Yes,Yes,Yes,Month-to-month,Yes,Mailed check,110.81,2245.35,Yes
8174-WLLBW,Male,0,Yes,No,16,Yes,Yes,No,No internet service,No internet service,No internet service,No internet service,No internet service,No internet service,One year,Yes,Electronic check,36.36,591.67,No
4803-QHUGL,Male,0,No,No,23,Yes,Yes,DSL,No,Yes,No,No,Yes,No,Month-to-month,Yes,Bank transfer (automatic),80.45,1842.03,No
5782-GZOHX,Male,0,Yes,Yes,19,Yes,No,No,No internet service,No internet service,No internet service,No internet service,No internet service,No internet service,Two year,Yes,Bank transfer (automatic),35.8,668.24,No
4799-VLWYV,Female,0,No,No,70,Yes,Yes,No,No internet service,No internet service,No internet service,No internet service,No internet service,No internet service,Two year,Yes,Mailed check,41.3,2815.56,No
2087-LYPMT,Female,1,Yes,No,63,Yes,Yes,Fiber optic,No,No,No,No,No,No,One year,Yes,Mailed check,84.64,5401.83,No
9290-RWJYJ,Female,0,Yes,No,14,Yes,Yes,No,No internet service,No internet service,No internet service,No internet service,No internet service,No internet service,One year,No,Mailed check,52.21,723.9,No
3624-PSDLC,Female,1,No,No,1,Yes,Yes,DSL,Yes,Yes,No,No,No,Yes,Month-to-month,No,Credit card (automatic),83.21,86.03,Yes
7447-ZUFAO,Female,0,Yes,No,60,Yes,Yes,DSL,Yes,No,Yes,Yes,No,No,One year,No,Mailed check,87.39,5011.85,No
2453-IJSHE,Female,0,Yes,No,72,Yes,No,DSL,No,No,Yes,No,Yes,Yes,One year,No,Bank transfer (automatic),84.73,6024.63,No
4715-FHJZJ,Female,0,Yes,No,45,Yes,No,Fiber optic,Yes,Yes,Yes,No,Yes,No,One year,No,Credit card (automatic),100.17,4326.22,No
6684-QGGLK,Male,0,No,Yes,45,Yes,No,DSL,Yes,Yes,No,No,Yes,Yes,One year,Yes,Bank transfer (automatic),88.37,4114.38,No
8644-XHUWS,Male,0,Yes,Yes,20,Yes,Yes,Fiber optic,Yes,No,Yes,Yes,No,Yes,Two year,Yes,Mailed check,117.06,2301.23,No
7369-EDTOO,Male,0,Yes,Yes,2,Yes,Yes,DSL,No,No,No,No,Yes,Yes,Month-to-month,No,Mailed check,83.44,168.3,Yes
2348-XMTYP,Female,0,Yes,Yes,63,Yes,No,DSL,Yes,No,No,No,No,No,Two year,No,Electronic check,64.84,4130.69,No
7958-BAAEE,Male,0,Yes,No,3,Yes,No,DSL,No,Yes,No,No,Yes,No,Month-to-month,No,Bank transfer (automatic),74.27,229.95,No
9415-RKOQY,Male,0,Yes,Yes,41,Yes,Yes,DSL,No,No,Yes,Yes,No,No,One year,Yes,Bank transfer (automatic),73.32,3148.47,No
2620-FTVRK,Female,0,Yes,No,58,Yes,No,No,No internet service,No internet service,No internet service,No internet service,No internet service,No internet service,One year,Yes,Credit card (automatic),33.27,1888.09,No
1959-SGOSV,Female,0,Yes,Yes,47,Yes,No,Fiber optic,Yes,Yes,No,No,No,No,One year,No,Mailed check,88.71,4152.8,No
5715-AZPSD,Female,0,Yes,No,60,Yes,Yes,Fiber optic,No,No,No,No,Yes,Yes,One year,Yes,Bank transfer (automatic),103.13,6214.97,No
7636-HQGFY,Male,0,No,No,70,Yes,No,Fiber optic,No,No,Yes,No,Yes,Yes,Two year,No,Credit card (automatic),105.16,7161.21,No
3483-LWJYA,Female,0,No,No,14,No,No phone service,Fiber optic,No,No,No,No,No,No,Two year,Yes,Bank transfer (automatic),63.02,852.93,No
7299-SEOEJ,Male,0,No,No,17,No,No phone service,DSL,Yes,No,Yes,No,Yes,Yes,One year,Yes,Credit card (automatic),72.6,1173.55,No
8531-DTZKY,Male,0,Yes,No,13,Yes,No,DSL,Yes,No,No,Yes,No,No,Month-to-month,No,Mailed check,68.14,846.18,No
1024-DIKGE,Male,0,No,Yes,64,Yes,Yes,Fiber optic,No,No,No,Yes,Yes,Yes,Two year,Yes,Electronic check,114.24,7500.41,No
1525-DWDRZ,Male,0,Yes,Yes,11,No,No phone service,Fiber optic,Yes,No,No,No,No,Yes,Month-to-month,No,Credit card (automatic),76.89,864.39,No
5401-POBZS,Male,0,No,Yes,3,Yes,Yes,DSL,No,Yes,No,Yes,No,No,Month-to-month,No,Mailed check,83.32,238.13,Yes
7936-OXMQA,Female,0,Yes,No,72,Yes,No,Fiber optic,Yes,No,Yes,No,No,No,Two year,No,Bank transfer (automatic),96.58,6935.2,No
8771-WPIQH,Male,1,Yes,No,35,Yes,No,No,No internet service,No internet service,No internet service,No internet service,No internet service,No internet service,Month-to-month,Yes,Mailed check,30.34,1023.5,Yes
7612-DHQFU,Female,1,Yes,No,9,Yes,No,Fiber optic,No,Yes,No,Yes,Yes,Yes,Month-to-month,Yes,Mailed check,107.72,941.62,Yes
6741-BHKJW,Female,0,Yes,No,5,Yes,Yes,Fiber optic,No,No,Yes,Yes,Yes,Yes,Month-to-month,No,Electronic check,113.63,591.74,Yes
3295-WJBOG,Male,0,No,No,53,Yes,No,DSL,Yes,Yes,No,Yes,Yes,Yes,Two year,Yes,Bank transfer (automatic),102.52,5523.61,No
3101-JBPTT,Male,0,No,No,10,Yes,No,Fiber optic,Yes,No,No,No,Yes,Yes,Month-to-month,Yes,Electronic check,103.25,1016.28,Yes
7248-XQJTQ,Male,0,No,No,5,Yes,No,Fiber optic,Yes,Yes,No,Yes,Yes,No,Two year,Yes,Mailed check,105.03,548.72,No
8962-RJWVH,Female,0,No,No,3,Yes,No,No,No internet service,No internet service,No internet service,No internet service,No internet service,No internet service,Month-to-month,No,Mailed check,23.49,73.53,No
1736-AYZXO,Male,0,Yes,No,64,Yes,Yes,DSL,No,No,Yes,No,Yes,Yes,Month-to-month,Yes,Bank transfer (automatic),92.65,5873.4,No
1040-ZTIBS,Male,0,Yes,No,6,Yes,No,DSL,No,No,No,No,No,No,Month-to-month,Yes,Bank transfer (automatic),59.1,346.35,No
4412-VUHHR,Male,0,No,Yes,59,Yes,No,No,No internet service,No internet service,No internet service,No internet service,No internet service,No internet service,Two year,Yes,Credit card (automatic),33.42,2059.8,No
7542-MEXFA,Female,0,No,Yes,30,Yes,Yes,Fiber optic,No,No,Yes,Yes,Yes,Yes,Two year,No,Bank transfer (automatic),118.75,3685.6,No
8681-TYBYH,Female,0,No,No,46,Yes,No,Fiber optic,No,Yes,Yes,Yes,Yes,Yes,One year,No,Credit card (automatic),113.72,5185.19,No
2371-JMPFJ,Male,0,Yes,No,13,Yes,No,No,No internet service,No internet service,No internet service,No internet service,No internet service,No internet service,One year,Yes,Electronic check,30.83,395.26,No
2875-GULNP,Female,1,No,Yes,3,Yes,No,DSL,No,Yes,Yes,No,No,Yes,Month-to-month,Yes,Mailed check,76.28,232.13,Yes
6190-FDRHP,Female,0,No,No,37,Yes,No,Fiber optic,No,No,No,No,Yes,No,One year,Yes,Credit card (automatic),83.08,3177.78,No
5676-GMLCF,Female,0,Yes,No,15,Yes,No,DSL,No,No,No,No,No,Yes,Month-to-month,Yes,Electronic check,70.11,1010.84,Yes
9656-UNBSN,Female,0,Yes,No,15,Yes,Yes,Fiber optic,No,No,Yes,No,No,No,Month-to-month,No,Bank transfer (automatic),90.39,1367.96,No
4984-CFCCB,Female,0,Yes,No,61,Yes,Yes,No,No internet service,No internet service,No internet service,No internet service,No internet service,No internet service,Two year,No,Electronic check,44.3,2657.55,No
4749-LNECU,Female,0,No,No,5,Yes,No,DSL,No,No,No,No,Yes,Yes,Month-to-month,Yes,Mailed check,75.39,371.35,Yes
8960-UCLBR,Female,1,Yes,Yes,58,Yes,Yes,DSL,No,No,No,No,Yes,Yes,Two year,No,Mailed check,86.58,5063.35,No
9593-IHILB,Male,0,Yes,Yes,2,Yes,No,No,No internet service,No internet service,No internet service,No internet service,No internet service,No internet service,One year,Yes,Credit card (automatic),33.27,69.5,No
9977-QAWVR,Male,0,Yes,No,12,Yes,Yes,DSL,Yes,Yes,No,No,Yes,Yes,Month-to-month,Yes,Bank transfer (automatic),96.66,1173.1,No
5004-YSJGS,Male,0,No,Yes,5,Yes,Yes,DSL,No,No,No,Yes,No,No,Month-to-month,Yes,Electronic check,74.69,373.57,Yes
4214-AAEBY,Female,0,Yes,Yes,59,Yes,Yes,DSL,Yes,No,No,No,No,Yes,Two year,No,Electronic check,84.63,5075.77,No
8073-WZRIS,Female,1,Yes,Yes,2,Yes,No,Fiber optic,No,Yes,No,No,Yes,Yes,Month-to-month,Yes,Mailed check,96.98,188.48,Yes
6348-XDHCH,Male,1,No,No,2,Yes,Yes,Fiber optic,No,Yes,Yes,Yes,No,Yes,Month-to-month,No,Mailed check,113.14,228.49,Yes
3513-AKAIG,Female,0,No,No,70,Yes,No,Fiber optic,No,Yes,No,No,Yes,Yes,Two year,No,Credit card (automatic),107.7,7322.44,No
3321-AZKXF,Male,0,Yes,No,7,Yes,No,Fiber optic,No,No,Yes,Yes,Yes,No,Month-to-month,Yes,Credit card (automatic),95.21,666.54,Yes
9508-DDDAZ,Male,0,No,No,62,Yes,No,No,No internet service,No internet service,No internet service,No internet service,No internet service,No internet service,Two year,No,Mailed check,28.23,1770.37,No
4802-WPEEJ,Female,0,No,No,13,Yes,No,Fiber optic,No,Yes,No,No,No,No,One year,Yes,Bank transfer (automatic),81.67,1053.15,No
3291-RCRPB,Male,0,Yes,Yes,21,Yes,No,Fiber optic,No,No,Yes,No,No,No,Two year,No,Mailed check,80.15,1704.66,No
2237-CFNFO,Male,0,Yes,No,3,Yes,Yes,Fiber optic,Yes,Yes,Yes,Yes,Yes,No,Month-to-month,No,Electronic check,118.75,369.81,Yes
4152-FEEJZ,Female,1,No,No,4,Yes,No,Fiber optic,Yes,No,No,No,No,Yes,Month-to-month,Yes,Mailed check,91.82,350.58,No
4517-ETGVK,Female,0,Yes,Yes,67,Yes,No,Fiber optic,No,Yes,Yes,No,No,Yes,Two year,No,Credit card (automatic),100.97,7004.71,No
5641-IFEKU,Male,1,Yes,No,67,Yes,No,No,No internet service,No internet service,No internet service,No internet service,No internet service,No internet service,One year,Yes,Mailed check,25.33,1707.65,No
5881-PLAGN,Female,0,No,Yes,62,Yes,No,No,No internet service,No internet service,No internet service,No internet service,No internet service,No internet service,Two year,Yes,Mailed check,35.05,2219.57,No
8035-FEBVY,Female,0,No,No,35,Yes,Yes,DSL,No,Yes,Yes,No,No,Yes,One year,No,Electronic check,85.57,3083.71,No
5055-LLRQW,Male,1,No,No,72,Yes,No,DSL,No,No,No,No,No,No,Two year,Yes,Bank transfer (automatic),57.71,4010.78,No
4973-HOQJQ,Male,0,Yes,Yes,1,Yes,No,DSL,No,Yes,No,Yes,No,No,Month-to-month,Yes,Mailed check,66.01,63.06,No
4801-JVCRZ,Female,1,No,No,61,Yes,Yes,Fiber optic,No,Yes,Yes,No,Yes,Yes,Two year,No,Bank transfer (automatic),118.75,7268.57,No
7623-JIWGT,Male,0,Yes,Yes,6,Yes,Yes,DSL,No,No,No,Yes,No,Yes,Month-to-month,No,Credit card (automatic),88.31,526.07,No
7391-YJGQB,Female,0,No,No,72,Yes,Yes,No,No internet service,No internet service,No internet service,No internet service,No internet service,No internet service,Two year,Yes,Electronic check,44.97,3258.94,No
7824-KCMZF,Female,1,No,No,5,Yes,Yes,DSL,No,No,Yes,No,Yes,No,Month-to-month,No,Credit card (automatic),87.23,449.47,No
7624-WSEWU,Female,0,No,No,66,Yes,No,Fiber optic,No,Yes,No,No,Yes,No,Two year,No,Electronic check,86.59,5661.9,No
5436-YKSRI,Male,1,Yes,Yes,4,Yes,Yes,DSL,Yes,No,No,Yes,No,No,Month-to-month,Yes,Credit card (automatic),82.6,336.48,Yes
7680-DQTOI,Female,1,No,No,8,No,No phone service,Fiber optic,No,No,No,No,No,Yes,Month-to-month,Yes,Bank transfer (automatic),67.36,534.76,Yes
5093-EFXTK,Male,0,No,No,53,Yes,No,Fiber optic,Yes,No,Yes,No,Yes,Yes,Two year,Yes,Mailed check,110.44,5999.62,No
3469-HICQW,Male,0,No,No,69,Yes,No,No,No internet service,No internet service,No internet service,No internet service,No internet service,No internet service,One year,Yes,Mailed check,33.04,2380.47,No
7854-YTOFH,Male,0,Yes,No,10,Yes,No,Fiber optic,No,No,No,No,No,No,Month-to-month,Yes,Electronic check,77.73,756.6,Yes
5695-KITGP,Male,0,No,No,13,Yes,No,No,No internet service,No internet service,No internet service,No internet service,No internet service,No internet service,Month-to-month,Yes,Bank transfer (automatic),26.48,329.31,No
7765-UKNHM,Female,0,Yes,Yes,23,Yes,Yes,Fiber optic,Yes,Yes,Yes,No,Yes,Yes,Month-to-month,No,Credit card (automatic),118.75,2725.73,No
4872-QTTUC,Male,0,No,Yes,20,Yes,Yes,No,No internet service,No internet service,No internet service,No internet service,No internet service,No internet service,Two year,No,Bank transfer (automatic),43.08,855.29,No
2575-JFYCK,Male,0,No,No,61,Yes,Yes,Fiber optic,Yes,No,No,No,No,Yes,Two year,Yes,Electronic check,103.27,6132.78,No
9442-RSCGM,Female,0,Yes,No,59,Yes,Yes,Fiber optic,Yes,Yes,Yes,Yes,No,Yes,Two year,Yes,Bank transfer (automatic),118.75,7132.0,No
4411-MJMEV,Male,0,Yes,No,65,Yes,No,Fiber optic,Yes,No,No,Yes,No,Yes,One year,No,Electronic check,96.64,6006.66,No
1066-YHPVY,Female,0,Yes,Yes,63,Yes,Yes,Fiber optic,No,No,Yes,No,No,No,Two year,No,Electronic check,92.64,5904.25,No
1312-ODTOD,Male,0,No,No,7,Yes,No,Fiber optic,No,No,Yes,No,No,Yes,Month-to-month,Yes,Bank transfer (automatic),95.5,640.5,No
3006-ZKFTU,Female,1,Yes,Yes,5,Yes,No,DSL,No,No,No,No,Yes,Yes,Month-to-month,Yes,Electronic check,72.56,377.09,Yes
8242-KIHDP,Female,0,Yes,No,59,Yes,Yes,Fiber optic,Yes,No,Yes,Yes,Yes,No,One year,No,Mailed check,114.41,6798.34,No
3694-KSIKX,Male,0,No,No,55,Yes,Yes,DSL,Yes,Yes,Yes,No,Yes,Yes,Two year,No,Mailed check,114.39,6330.01,No
4133-PLTPU,Male,0,Yes,No,2,No,No phone service,Fiber optic,No,No,No,No,No,No,Month-to-month,Yes,Electronic check,64.34,132.22,Yes
5924-AKONR,Male,0,Yes,Yes,1,Yes,No,DSL,Yes,Yes,No,No,No,No,Two year,Yes,Credit card (automatic),65.23,66.83,No
2799-EKXSO,Female,1,No,No,62,Yes,No,No,No internet service,No internet service,No internet service,No internet service,No internet service,No internet service,Two year,No,Credit card (automatic),33.84,1996.44,No
2448-QLRKX,Male,0,Yes,Yes,63,Yes,No,DSL,No,Yes,No,No,Yes,Yes,Two year,No,Mailed check,77.76,5090.91,No
4673-FFCCK,Male,0,Yes,Yes,66,Yes,Yes,DSL,No,No,No,No,No,No,One year,Yes,Mailed check,71.33,4743.84,No
3782-JUAKS,Male,0,Yes,Yes,22,No,No phone service,No,No internet service,No internet service,No internet service,No internet service,No internet service,No internet service,Month-to-month,No,Electronic check,29.0,659.44,No
5458-TATFG,Male,0,No,No,26,Yes,Yes,Fiber optic,No,No,Yes,Yes,No,No,Two year,No,Mailed check,97.39,2590.27,No
5454-FXKMU,Male,0,No,No,61,Yes,Yes,Fiber optic,No,Yes,Yes,Yes,No,Yes,One year,Yes,Mailed check,118.75,6904.38,No
5483-NCBOU,Female,0,Yes,No,19,Yes,Yes,No,No internet service,No internet service,No internet service,No internet service,No internet service,No internet service,Month-to-month,No,Credit card (automatic),37.84,691.72,No
5346-CBBLP,Male,0,Yes,No,12,Yes,No,Fiber optic,No,No,No,No,Yes,Yes,Month-to-month,Yes,Bank transfer (automatic),96.61,1122.29,No
1617-BGOCA,Male,0,Yes,No,2,Yes,No,Fiber optic,No,No,No,Yes,Yes,Yes,Month-to-month,Yes,Electronic check,107.91,212.58,No
5635-PSRCA,Female,1,No,Yes,2,Yes,Yes,DSL,No,No,Yes,No,Yes,Yes,Month-to-month,Yes,Electronic check,93.44,185.44,Yes
6104-RXXBN,Female,0,Yes,No,17,Yes,Yes,DSL,No,Yes,No,Yes,Yes,No,Two year,Yes,Electronic check,88.55,1540.44,No
7835-WYKOA,Male,0,No,No,8,Yes,No,Fiber optic,Yes,No,No,No,Yes,Yes,One year,No,Electronic check,107.92,852.19,No
2185-WPGDY,Male,0,Yes,No,20,Yes,No,Fiber optic,No,No,Yes,No,Yes,No,Month-to-month,Yes,Electronic check,96.54,1994.48,Yes
4286-GXYHG,Male,0,No,No,3,Yes,No,DSL,Yes,Yes,No,No,No,Yes,One year,Yes,Mailed check,72.12,216.03,No
3554-ZFFLS,Female,1,No,No,8,Yes,No,DSL,No,Yes,No,No,No,No,One year,Yes,Bank transfer (automatic),64.65,509.31,No
2575-MYPFO,Male,0,No,No,10,Yes,Yes,No,No internet service,No internet service,No internet service,No internet service,No internet service,No internet service,Month-to-month,Yes,Credit card (automatic),39.89,411.32,No
1962-CUCSC,Female,0,Yes,Yes,6,No,No phone service,Fiber optic,Yes,No,Yes,No,Yes,Yes,Month-to-month,Yes,Mailed check,97.06,561.77,Yes
9118-DWUCR,Female,0,No,No,51,Yes,No,No,No internet service,No internet service,No internet service,No internet service,No internet service,No internet service,Month-to-month,No,Credit card (automatic),34.03,1751.4,No
1265-ZHMWE,Female,0,Yes,Yes,30,Yes,No,Fiber optic,Yes,No,No,Yes,Yes,No,Month-to-month,Yes,Electronic check,93.44,2670.57,Yes
9532-ORHDV,Male,0,Yes,Yes,11,Yes,No,No,No internet service,No internet service,No internet service,No internet service,No internet service,No internet service,Month-to-month,Yes,Electronic check,29.36,330.86,No
8526-WHDMS,Male,0,Yes,Yes,1,Yes,Yes,Fiber optic,No,No,Yes,No,Yes,Yes,Month-to-month,No,Mailed check,111.9,113.13,Yes
4491-ZMNMH,Male,0,No,No,62,Yes,No,Fiber optic,No,No,Yes,No,No,Yes,One year,No,Mailed check,89.46,5724.56,No
8023-EBOZA,Male,0,No,Yes,1,Yes,Yes,DSL,Yes,Yes,Yes,No,No,Yes,Month-to-month,No,Electronic check,97.89,95.61,Yes
9180-HZRJU,Female,0,No,No,1,No,No phone service,DSL,No,Yes,No,No,No,Yes,Month-to-month,No,Electronic check,61.24,62.97,Yes
5690-EQDHB,Female,0,No,No,1,Yes,No,No,No internet service,No internet service,No internet service,No internet service,No internet service,No internet service,Month-to-month,Yes,Electronic check,25.92,25.4,No
4890-CIIKR,Female,1,Yes,Yes,39,Yes,Yes,No,No internet service,No internet service,No internet service,No internet service,No internet service,No internet service,Two year,No,Electronic check,48.6,1868.34,No
4039-KKGIE,Female,0,No,No,1,Yes,No,Fiber optic,No,Yes,Yes,No,No,No,Month-to-month,Yes,Electronic check,90.37,94.36,Yes
6294-ERTXA,Male,0,No,No,2,Yes,Yes,DSL,No,Yes,No,No,Yes,Yes,Month-to-month,No,Mailed check,91.1,181.43,Yes
6952-HSBSP,Male,0,No,No,29,Yes,No,No,No internet service,No internet service,No internet service,No internet service,No internet service,No internet service,One year,Yes,Electronic check,25.97,754.83,No
5520-NXJKH,Male,0,Yes,No,51,Yes,No,No,No internet service,No internet service,No internet service,No internet service,No internet service,No internet service,One year,No,Mailed check,36.08,1920.35,No
4619-ZACZS,Female,0,No,No,69,Yes,Yes,DSL,No,No,No,Yes,Yes,Yes,Two year,No,Electronic check,98.13,7074.5,No
6582-LJRKJ,Female,0,No,No,14,No,No phone service,DSL,No,No,No,Yes,Yes,Yes,One year,Yes,Mailed check,78.05,1075.54,No
9271-HDZLS,Female,0,No,No,2,Yes,No,DSL,No,No,Yes,Yes,No,Yes,Month-to-month,Yes,Bank transfer (automatic),75.46,150.32,No
8465-EKTJJ,Male,0,Yes,Yes,23,Yes,Yes,Fiber optic,No,No,Yes,Yes,Yes,Yes,One year,Yes,Credit card (automatic),118.75,2739.68,No
5243-JAABH,Male,0,No,No,31,Yes,Yes,Fiber optic,No,Yes,No,Yes,No,No,Month-to-month,No,Credit card (automatic),100.78,3064.31,No
5496-CFZJQ,Female,0,No,No,2,No,No phone service,DSL,Yes,No,Yes,No,No,Yes,Month-to-month,Yes,Bank transfer (automatic),65.6,133.56,Yes
7897-WGUNU,Male,0,Yes,Yes,7,Yes,No,DSL,No,No,Yes,No,No,No,Month-to-month,No,Credit card (automatic),67.45,460.75,No
2681-WAQVK,Female,0,Yes,No,72,Yes,No,No,No internet service,No internet service,No internet service,No internet service,No internet service,No internet service,Month-to-month,Yes,Mailed check,29.92,2080.51,No
1966-RZUCD,Female,0,Yes,No,72,Yes,Yes,Fiber optic,No,No,No,Yes,No,No,One year,No,Bank transfer (automatic),94.57,7103.52,No
3305-AKESD,Female,0,No,No,6,Yes,Yes,No,No internet service,No internet service,No internet service,No internet service,No internet service,No internet service,Month-to-month,Yes,Credit card (automatic),41.78,238.44,No
3643-DDDEE,Male,0,Yes,Yes,28,Yes,Yes,No,No internet service,No internet service,No internet service,No internet service,No internet service,No internet service,One year,Yes,Bank transfer (automatic),38.54,1091.67,No
1215-NMWNJ,Male,0,Yes,No,65,Yes,No,No,No internet service,No internet service,No internet service,No internet service,No internet service,No internet service,Two year,Yes,Electronic check,27.7,1835.42,No
5868-AHBTG,Male,0,No,No,65,Yes,Yes,DSL,No,Yes,Yes,No,Yes,No,Month-to-month,No,Credit card (automatic),89.13,5936.62,No
2897-FXCDG,Male,1,No,Yes,62,Yes,Yes,DSL,No,No,No,No,Yes,No,One year,No,Mailed check,70.04,4348.4,No
1486-VYIIU,Male,0,Yes,Yes,15,No,No phone service,Fiber optic,No,Yes,No,Yes,No,Yes,Month-to-month,No,Electronic check,89.22,1304.67,No
8258-YEQPY,Female,0,Yes,No,18,Yes,No,Fiber optic,Yes,No,No,No,Yes,No,Month-to-month,Yes,Credit card (automatic),89.28,1655.83,Yes
1125-ULDSR,Female,0,No,No,9,Yes,No,Fiber optic,No,No,No,No,No,Yes,Month-to-month,No,Mailed check,81.08,699.38,Yes
9017-OBTNA,Male,0,No,No,31,Yes,Yes,DSL,No,No,No,Yes,No,Yes,Month-to-month,Yes,Bank transfer (automatic),84.32,2733.12,No
9854-ABXCH,Male,1,Yes,No,58,Yes,Yes,DSL,Yes,Yes,No,Yes,Yes,Yes,Two year,No,Credit card (automatic),110.4,6283.98,No
6397-GCITU,Male,1,No,Yes,16,Yes,Yes,Fiber optic,No,No,No,Yes,No,No,One year,No,Electronic check,98.31,1505.68,No
9364-TCRHO,Male,0,Yes,Yes,30,Yes,No,DSL,Yes,Yes,Yes,No,Yes,Yes,One year,Yes,Bank transfer (automatic),93.64,2697.38,No
8440-HWDAC,Female,0,No,No,10,Yes,Yes,No,No internet service,No internet service,No internet service,No internet service,No internet service,No internet service,Month-to-month,No,Electronic check,43.15,452.66,No
9354-RYFKT,Male,0,Yes,No,63,Yes,Yes,No,No internet service,No internet service,No internet service,No internet service,No internet service,No internet service,One year,No,Bank transfer (automatic),45.33,2886.73,No
9154-ZOSAZ,Male,0,Yes,Yes,2,Yes,Yes,DSL,No,Yes,No,No,No,Yes,Month-to-month,Yes,Mailed check,84.46,170.78,Yes
8612-OURCV,Male,0,Yes,Yes,2,Yes,No,Fiber optic,Yes,No,Yes,No,Yes,Yes,Month-to-month,Yes,Credit card (automatic),104.97,216.74,Yes
8284-GXGSP,Female,0,Yes,Yes,67,Yes,Yes,DSL,No,No,No,No,No,Yes,Month-to-month,Yes,Credit card (automatic),74.32,4974.84,No
1225-IIIIM,Female,0,No,No,66,Yes,No,Fiber optic,No,Yes,Yes,No,No,No,Month-to-month,No,Bank transfer (automatic),91.23,5871.46,No
7096-PHTOH,Male,0,No,No,58,Yes,No,Fiber optic,No,Yes,No,No,Yes,No,Two year,No,Bank transfer (automatic),88.74,4966.75,No
1010-VPLQR,Male,0,No,Yes,6,Yes,No,DSL,No,Yes,Yes,No,Yes,Yes,Month-to-month,Yes,Electronic check,85.33,492.99,Yes
6886-XNULJ,Female,0,Yes,No,1,Yes,No,Fiber optic,No,No,Yes,No,Yes,Yes,Month-to-month,Yes,Mailed check,100.17,103.12,Yes
1794-KKGLH,Female,0,Yes,No,38,Yes,No,No,No internet service,No internet service,No internet service,No internet service,No internet service,No internet service,One year,No,Electronic check,31.2,1229.6,No
8275-XCILC,Male,0,Yes,No,9,Yes,Yes,DSL,No,Yes,No,No,Yes,No,Month-to-month,Yes,Electronic check,82.19,764.58,No
4648-KOHXB,Female,0,Yes,Yes,8,Yes,No,DSL,No,No,No,No,Yes,No,Month-to-month,Yes,Mailed check,64.69,541.77,Yes
6860-FAHMK,Female,0,No,Yes,68,Yes,No,Fiber optic,Yes,Yes,No,No,No,No,Two year,Yes,Electronic check,89.66,6324.51,No
3633-QWHHU,Female,1,Yes,No,42,Yes,No,Fiber optic,Yes,Yes,Yes,No,No,No,Month-to-month,No,Electronic check,94.2,3921.34,No
9173-WEUVN,Female,1,No,No,36,Yes,Yes,No,No internet service,No internet service,No internet service,No internet service,No internet service,No internet service,One year,Yes,Electronic check,43.15,1501.3,No
4017-GDGFN,Female,0,No,No,52,Yes,No,Fiber optic,No,No,No,No,No,No,Two year,No,Electronic check,71.89,3845.09,No
1522-HLDCI,Male,0,Yes,No,72,Yes,Yes,Fiber optic,No,No,No,Yes,Yes,No,Two year,No,Electronic check,108.27,7801.1,No
5040-YKCNI,Female,0,No,No,63,Yes,Yes,Fiber optic,No,No,Yes,Yes,Yes,No,Two year,No,Electronic check,112.93,7009.09,No
5616-VPAEM,Female,0,Yes,Yes,54,Yes,No,DSL,No,No,No,Yes,Yes,Yes,Month-to-month,No,Mailed check,75.48,3881.48,No
7206-AHJBZ,Female,0,Yes,Yes,10,Yes,No,DSL,Yes,No,No,No,No,No,Month-to-month,Yes,Electronic check,62.39,642.38,Yes
4488-FDURH,Male,1,No,No,4,Yes,No,Fiber optic,Yes,No,Yes,Yes,Yes,Yes,Month-to-month,Yes,Mailed check,118.04,489.91,Yes
3970-YWINV,Female,0,Yes,Yes,1,No,No phone service,DSL,No,Yes,Yes,Yes,No,Yes,Month-to-month,Yes,Electronic check,75.12,75.63,No
9607-KBAVP,Female,0,Yes,Yes,15,Yes,No,No,No internet service,No internet service,No internet service,No internet service,No internet service,No internet service,One year,No,Electronic check,39.79,623.97,No
7427-EWQCE,Male,0,No,No,59,No,No phone service,Fiber optic,No,Yes,Yes,Yes,No,Yes,Month-to-month,Yes,Credit card (automatic),98.72,5558.64,No
8952-HEDDH,Female,0,Yes,Yes,10,Yes,Yes,Fiber optic,No,No,Yes,Yes,Yes,Yes,Month-to-month,Yes,Electronic check,118.75,1137.32,Yes
7672-MYEDR,Female,0,No,No,69,Yes,No,DSL,No,No,Yes,No,Yes,Yes,One year,Yes,Electronic check,80.95,5373.27,No
3885-XJFWV,Female,0,Yes,Yes,62,Yes,Yes,Fiber optic,No,Yes,Yes,No,Yes,Yes,Month-to-month,No,Bank transfer (automatic),116.68,7137.06,No
7491-FDJAF,Male,0,Yes,Yes,10,Yes,No,DSL,Yes,Yes,No,No,Yes,No,Month-to-month,No,Electronic check,77.37,762.37,No
4778-PNHUV,Male,0,No,No,26,Yes,No,DSL,No,No,Yes,No,Yes,Yes,Month-to-month,Yes,Bank transfer (automatic),82.81,2178.57,No
1124-EBCPC,Female,0,No,No,61,Yes,No,Fiber optic,Yes,Yes,No,Yes,Yes,No,One year,Yes,Mailed check,104.5,6598.02,No
4921-QFQMM,Male,0,Yes,No,3,Yes,Yes,DSL,Yes,Yes,No,No,No,Yes,One year,No,Bank transfer (automatic),92.28,265.67,No
2012-AQEPI,Female,1,Yes,No,61,Yes,No,No,No internet service,No internet service,No internet service,No internet service,No internet service,No internet service,Two year,No,Electronic check,29.92,1828.46,No
2629-JEISR,Male,0,No,No,1,No,No phone service,No,No internet service,No internet service,No internet service,No internet service,No internet service,No internet service,Month-to-month,Yes,Bank transfer (automatic),22.54,21.57,No
9064-BTJPA,Female,1,Yes,No,1,Yes,No,DSL,Yes,No,No,No,No,No,Month-to-month,Yes,Credit card (automatic),67.2,64.66,No
8364-PQXFH,Male,0,No,No,61,Yes,No,Fiber optic,Yes,No,Yes,Yes,Yes,No,One year,Yes,Credit card (automatic),103.83,6501.95,No
6638-SZDGZ,Female,0,No,No,5,Yes,Yes,DSL,Yes,Yes,Yes,No,No,Yes,Month-to-month,Yes,Bank transfer (automatic),97.55,490.29,No
8679-MUTHJ,Male,0,No,No,68,Yes,No,Fiber optic,Yes,No,No,Yes,Yes,No,Two year,Yes,Electronic check,97.31,6479.51,No
8226-TVLUD,Male,0,No,No,5,No,No phone service,DSL,Yes,No,No,No,No,No,Month-to-month,No,Credit card (automatic),48.85,239.72,No
5844-YJRSC,Male,1,No,No,4,No,No phone service,No,No internet service,No internet service,No internet service,No internet service,No internet service,No internet service,Month-to-month,No,Credit card (automatic),19.01,76.12,No
2315-RZLKL,Male,1,No,No,32,Yes,No,No,No internet service,No internet service,No internet service,No internet service,No internet service,No internet service,Month-to-month,Yes,Electronic check,26.57,844.13,No
1957-IRQTB,Female,0,No,No,67,Yes,Yes,Fiber optic,Yes,No,Yes,No,Yes,No,Month-to-month,Yes,Credit card (automatic),108.02,6937.52,No
1434-UECSI,Female,0,No,Yes,1,Yes,No,DSL,No,Yes,No,No,Yes,No,Month-to-month,No,Electronic check,71.83,70.84,Yes
9969-BRUQE,Male,0,Yes,Yes,54,Yes,Yes,No,No internet service,No internet service,No internet service,No internet service,No internet service,No internet service,Two year,No,Mailed check,46.03,2503.38,No
5028-BCMOY,Female,1,Yes,Yes,14,No,No phone service,Fiber optic,Yes,No,Yes,Yes,Yes,Yes,One year,No,Credit card (automatic),107.13,1552.51,No
1393-KVQFG,Male,0,No,Yes,69,Yes,No,Fiber optic,No,No,No,No,Yes,No,Two year,Yes,Credit card (automatic),85.41,5785.66,No
3476-FMOPB,Female,0,No,No,63,Yes,No,Fiber optic,Yes,Yes,No,Yes,No,Yes,One year,Yes,Mailed check,103.11,6320.79,No
3261-JQSQJ,Female,0,Yes,Yes,67,Yes,No,Fiber optic,No,No,No,No,No,Yes,One year,No,Credit card (automatic),89.54,5886.26,No
4615-XCHDI,Female,0,Yes,No,7,Yes,Yes,DSL,No,No,No,Yes,Yes,No,Month-to-month,No,Electronic check,81.65,566.98,No
1353-BYGVU,Male,1,No,No,21,Yes,Yes,Fiber optic,No,No,No,No,Yes,No,Month-to-month,Yes,Bank transfer (automatic),96.52,2045.29,Yes
5024-ONXDG,Female,0,No,No,72,Yes,Yes,Fiber optic,No,Yes,Yes,No,Yes,No,Month-to-month,No,Mailed check,113.54,8458.11,No
2198-FGIRN,Male,0,Yes,Yes,13,Yes,No,Fiber optic,Yes,Yes,No,Yes,No,No,One year,Yes,Mailed check,88.79,1114.12,No
7227-JFZTN,Female,0,No,No,1,Yes,Yes,No,No internet service,No internet service,No internet service,No internet service,No internet service,No internet service,Month-to-month,Yes,Electronic check,45.51,46.52,No
5224-CRFRK,Male,0,No,No,3,No,No phone service,DSL,No,No,Yes,No,Yes,No,Two year,No,Electronic check,59.13,182.3,Yes
2172-WIFNB,Female,0,No,Yes,1,Yes,No,Fiber optic,No,No,No,Yes,Yes,No,Two year,No,Bank transfer (automatic),89.6,91.09,No
2611-URAKJ,Female,0,No,No,59,Yes,No,DSL,Yes,No,No,No,Yes,Yes,Two year,No,Bank transfer (automatic),81.48,5000.16,No
8011-KELUF,Female,1,Yes,Yes,52,Yes,No,Fiber optic,No,No,Yes,No,No,Yes,One year,Yes,Bank transfer (automatic),84.87,4574.78,No
7042-BDEHY,Male,0,No,No,43,Yes,No,DSL,No,No,Yes,No,Yes,Yes,Month-to-month,Yes,Mailed check,87.96,3944.68,No
4614-ZXMVR,Female,0,No,Yes,66,Yes,No,DSL,No,Yes,No,No,Yes,Yes,Two year,Yes,Bank transfer (automatic),81.06,5413.66,No
6144-YKMKN,Male,0,No,Yes,59,Yes,No,Fiber optic,No,No,No,No,Yes,No,Month-to-month,No,Mailed check,81.9,4595.07,No
9377-HLEVP,Female,0,Yes,Yes,50,Yes,No,No,No internet service,No internet service,No internet service,No internet service,No internet service,No internet service,Two year,Yes,Bank transfer (automatic),29.36,1520.81,No
7022-VAKDA,Male,1,Yes,No,8,Yes,No,Fiber optic,No,Yes,No,No,No,No,Month-to-month,Yes,Electronic check,81.99,663.46,Yes
7771-PZKJY,Male,0,Yes,Yes,63,Yes,Yes,DSL,Yes,No,Yes,Yes,No,No,Month-to-month,Yes,Mailed check,90.69,5682.7,No
2799-DRWTT,Female,0,Yes,No,72,Yes,Yes,DSL,Yes,Yes,No,No,Yes,Yes,Two year,No,Electronic check,98.91,7267.93,No
7846-SEYTS,Male,0,No,No,16,Yes,No,No,No internet service,No internet service,No internet service,No internet service,No internet service,No internet service,Month-to-month,Yes,Credit card (automatic),24.47,394.7,No
8222-PFRHD,Male,0,No,No,55,Yes,Yes,DSL,Yes,No,Yes,No,Yes,No,Two year,Yes,Credit card (automatic),90.08,4852.56,No
3146-OHWRX,Male,0,No,No,17,Yes,Yes,Fiber optic,No,No,No,No,No,No,One year,Yes,Mailed check,87.69,1550.02,Yes
4048-DFXLZ,Male,1,No,No,8,Yes,No,DSL,Yes,No,No,Yes,Yes,Yes,Month-to-month,Yes,Mailed check,86.84,678.37,No
1102-HIMOW,Female,0,Yes,No,34,Yes,No,DSL,No,No,Yes,No,Yes,Yes,Month-to-month,Yes,Mailed check,82.93,2687.58,No
3243-JWHRL,Female,0,No,No,64,No,No phone service,Fiber optic,No,No,Yes,No,No,No,Month-to-month,Yes,Electronic check,71.46,4416.38,No
4335-FPDHO,Male,0,No,No,45,Yes,Yes,No,No internet service,No internet service,No internet service,No internet service,No internet service,No internet service,Two year,Yes,Electronic check,38.31,1668.56,No
3359-UFQWS,Male,0,No,No,8,Yes,Yes,DSL,No,Yes,Yes,Yes,No,No,Month-to-month,Yes,Credit card (automatic),88.33,741.1,No
5419-ISKKS,Male,0,No,No,72,Yes,No,DSL,No,Yes,Yes,No,No,No,Two year,No,Electronic check,63.0,4510.01,No
1192-KKFDW,Male,1,No,No,5,Yes,No,DSL,Yes,Yes,No,No,No,Yes,Month-to-month,Yes,Credit card (automatic),73.96,372.08,Yes
9523-LABDU,Female,0,No,No,72,Yes,Yes,Fiber optic,Yes,Yes,No,Yes,No,No,One year,No,Electronic check,110.93,8348.76,No
3482-AYBXR,Female,0,Yes,No,64,Yes,No,Fiber optic,Yes,No,No,No,Yes,No,Two year,Yes,Bank transfer (automatic),91.7,5805.64,No
5787-NGKGZ,Male,0,No,No,68,Yes,No,DSL,Yes,Yes,No,Yes,Yes,No,Month-to-month,No,Electronic check,85.7,5757.27,No
9898-FZFWR,Male,1,No,No,8,Yes,No,DSL,No,No,No,Yes,Yes,No,Month-to-month,Yes,Bank transfer (automatic),74.03,566.24,No
7242-AUEZO,Male,0,Yes,No,54,Yes,Yes,DSL,Yes,No,No,No,Yes,Yes,Month-to-month,No,Bank transfer (automatic),95.84,5208.95,No
7643-MTCFA,Female,1,No,No,58,Yes,No,Fiber optic,Yes,Yes,No,No,Yes,Yes,Two year,No,Credit card (automatic),108.72,6348.35,No
6497-QGXXW,Female,0,No,No,66,No,No phone service,DSL,Yes,No,No,Yes,No,No,One year,Yes,Electronic check,57.2,3830.18,No
3180-AZXHS,Male,1,No,No,9,Yes,Yes,Fiber optic,No,No,No,No,Yes,Yes,Month-to-month,No,Bank transfer (automatic),104.04,902.46,No
1851-CEGJW,Male,0,No,No,6,Yes,No,DSL,Yes,No,Yes,No,No,Yes,Two year,Yes,Electronic check,76.4,462.08,No
4525-JVZWC,Female,0,No,No,72,Yes,Yes,No,No internet service,No internet service,No internet service,No internet service,No internet service,No internet service,Two year,No,Credit card (automatic),40.76,2793.04,No
6436-HCIXS,Female,0,Yes,No,39,Yes,No,Fiber optic,Yes,Yes,No,Yes,No,Yes,One year,Yes,Mailed check,100.88,3918.97,No
1983-OBYTP,Male,0,Yes,No,10,No,No phone service,DSL,No,No,Yes,No,Yes,Yes,Month-to-month,Yes,Electronic check,73.51,744.63,No
1585-HQBBG,Male,0,No,No,11,Yes,No,No,No internet service,No internet service,No internet service,No internet service,No internet service,No internet service,Month-to-month,No,Bank transfer (automatic),30.12,326.75,Yes
6710-KXIRV,Male,0,No,No,12,Yes,Yes,No,No internet service,No internet service,No internet service,No internet service,No internet service,No internet service,Month-to-month,Yes,Mailed check,43.99,544.27,No
4128-NRHQM,Female,0,No,No,24,Yes,Yes,DSL,Yes,No,Yes,No,Yes,No,One year,Yes,Electronic check,82.37,1908.38,No
8505-INFQA,Male,0,Yes,No,23,Yes,Yes,No,No internet service,No internet service,No internet service,No internet service,No internet service,No internet service,One year,No,Mailed check,40.47,952.52,No
7607-NIHCV,Male,1,Yes,No,61,Yes,No,No,No internet service,No internet service,No internet service,No internet service,No internet service,No internet service,One year,Yes,Credit card (automatic),31.54,1869.63,No
8385-OAZPE,Female,0,No,No,33,Yes,No,Fiber optic,Yes,No,Yes,No,Yes,No,Two year,No,Electronic check,97.15,3365.22,No
8579-URKPS,Male,1,Yes,Yes,30,Yes,Yes,DSL,No,Yes,No,No,No,Yes,Two year,Yes,Credit card (automatic),78.73,2400.71,No
4345-MCCJY,Female,0,No,No,69,Yes,No,No,No internet service,No internet service,No internet service,No internet service,No internet service,No internet service,One year,No,Credit card (automatic),32.08,2126.97,No
7951-ZNKCO,Male,0,No,No,66,Yes,Yes,DSL,No,Yes,No,Yes,No,Yes,Two year,No,Mailed check,86.17,5532.79,No
7314-LPSFF,Male,0,No,No,1,Yes,Yes,Fiber optic,No,No,No,Yes,No,Yes,Month-to-month,Yes,Mailed check,106.18,109.85,Yes
7780-BWSWI,Female,0,Yes,No,22,No,No phone service,Fiber optic,No,Yes,Yes,Yes,No,No,One year,Yes,Mailed check,85.54,1801.96,No
9786-FEJOP,Male,1,No,No,70,Yes,No,Fiber optic,No,No,Yes,No,Yes,Yes,Two year,Yes,Bank transfer (automatic),106.8,7389.17,No
7913-ISOGY,Female,0,No,No,68,Yes,Yes,No,No internet service,No internet service,No internet service,No internet service,No internet service,No internet service,Month-to-month,No,Electronic check,48.9,3185.85,No
5054-PPTEE,Female,1,Yes,Yes,1,No,No phone service,No,No internet service,No internet service,No internet service,No internet service,No internet service,No internet service,Month-to-month,Yes,Electronic check,18.25,18.37,Yes
7556-RCXSI,Male,1,Yes,No,59,Yes,Yes,No,No internet service,No internet service,No internet service,No internet service,No internet service,No internet service,One year,Yes,Mailed check,41.09,2322.15,No
1709-BIVYL,Female,0,Yes,No,66,Yes,No,Fiber optic,Yes,Yes,No,Yes,No,No,Month-to-month,Yes,Mailed check,97.98,6617.61,No
8944-PFVUA,Male,1,Yes,Yes,43,Yes,Yes,DSL,No,No,No,No,Yes,Yes,Two year,Yes,Bank transfer (automatic),83.4,3725.79,No
9444-IEVET,Female,0,No,No,61,Yes,No,DSL,Yes,No,Yes,No,No,Yes,One year,No,Electronic check,82.95,4970.98,No
8045-PVFIQ,Male,1,No,No,9,No,No phone service,Fiber optic,No,No,Yes,No,No,Yes,One year,Yes,Bank transfer (automatic),85.11,747.49,No
2003-EDNYL,Female,0,No,Yes,1,Yes,No,No,No internet service,No internet service,No internet service,No internet service,No internet service,No internet service,Month-to-month,Yes,Electronic check,28.52,29.17,No
4908-AOVYA,Male,0,No,No,14,Yes,No,Fiber optic,No,No,Yes,No,No,Yes,Month-to-month,No,Mailed check,83.74,1116.66,No
8731-DSALV,Male,1,No,No,31,Yes,No,Fiber optic,No,No,Yes,No,No,No,Month-to-month,No,Electronic check,85.42,2561.19,Yes
3734-YUMXY,Female,0,Yes,Yes,2,Yes,Yes,DSL,No,No,Yes,No,No,No,Month-to-month,No,Credit card (automatic),75.55,144.18,No
2899-DTHIS,Female,0,No,No,39,Yes,Yes,Fiber optic,No,Yes,Yes,No,No,No,One year,Yes,Mailed check,97.93,3951.0,No
8876-QXFUB,Male,0,No,No,3,Yes,No,DSL,No,Yes,Yes,No,Yes,No,Month-to-month,No,Electronic check,82.93,254.39,Yes
8251-XDBDW,Male,0,No,No,26,Yes,Yes,No,No internet service,No internet service,No internet service,No internet service,No internet service,No internet service,One year,Yes,Electronic check,44.92,1212.75,No
3307-FRMXZ,Female,0,No,No,66,No,No phone service,No,No internet service,No internet service,No internet service,No internet service,No internet service,No internet service,Two year,No,Credit card (automatic),18.25,1163.28,No
6714-TMVRZ,Female,0,No,Yes,59,Yes,No,DSL,Yes,No,No,Yes,Yes,Yes,Month-to-month,Yes,Credit card (automatic),85.89,4969.9,No
2539-TVUXY,Male,0,No,No,5,Yes,No,Fiber optic,No,No,No,No,No,No,Month-to-month,Yes,Bank transfer (automatic),73.49,351.89,No
8778-CJPJK,Male,0,No,Yes,6,Yes,No,DSL,No,No,No,Yes,No,Yes,Month-to-month,No,Bank transfer (automatic),72.32,450.59,No
8458-KBPRN,Male,0,Yes,Yes,72,Yes,Yes,Fiber optic,Yes,No,Yes,Yes,No,Yes,Two year,No,Electronic check,118.56,8312.28,No
4842-FUAPJ,Female,0,No,No,45,Yes,No,DSL,No,No,Yes,Yes,Yes,No,Two year,Yes,Bank transfer (automatic),80.79,3713.33,No
3645-YVYZJ,Male,0,No,No,16,Yes,No,No,No internet service,No internet service,No internet service,No internet service,No internet service,No internet service,Month-to-month,Yes,Electronic check,28.89,446.25,No
6972-FLFSD,Male,0,Yes,Yes,3,No,No phone service,DSL,No,No,No,Yes,Yes,Yes,Month-to-month,Yes,Credit card (automatic),71.36,203.4,No
2445-PTGQA,Female,1,Yes,No,5,Yes,Yes,Fiber optic,No,Yes,Yes,No,No,Yes,Month-to-month,No,Mailed check,116.93,605.25,No
1348-JHRKT,Male,0,No,No,58,Yes,Yes,Fiber optic,No,Yes,Yes,No,No,Yes,Two year,No,Credit card (automatic),109.93,6655.1,No
6481-MQCXI,Male,0,Yes,No,19,Yes,Yes,DSL,No,No,No,No,Yes,Yes,Two year,Yes,Mailed check,93.41,1844.84,No
2575-BKVDA,Male,1,Yes,No,5,Yes,Yes,DSL,Yes,Yes,No,No,No,No,One year,Yes,Electronic check,82.02,396.16,No
9256-AKOSR,Male,0,No,No,72,Yes,No,DSL,No,Yes,Yes,No,No,Yes,One year,No,Credit card (automatic),75.49,5624.82,No
8679-XPWXF,Male,0,No,No,24,Yes,No,Fiber optic,No,Yes,No,No,No,No,One year,No,Credit card (automatic),84.51,2058.59,No
6220-HNFMC,Female,0,No,No,9,Yes,Yes,No,No internet service,No internet service,No internet service,No internet service,No internet service,No internet service,Month-to-month,No,Electronic check,36.35,342.5,No
4062-COMCG,Male,1,Yes,Yes,61,Yes,No,Fiber optic,Yes,No,Yes,No,Yes,Yes,Two year,Yes,Electronic check,116.99,6913.68,No
4972-ZSYZK,Female,0,Yes,Yes,4,Yes,No,DSL,No,Yes,Yes,Yes,No,Yes,Month-to-month,Yes,Electronic check,81.58,317.36,No
5647-RGEWC,Female,0,Yes,Yes,60,Yes,No,DSL,No,No,No,No,No,Yes,One year,Yes,Bank transfer (automatic),58.08,3626.04,No
9107-SVKJU,Female,0,Yes,No,48,Yes,Yes,DSL,No,No,No,No,No,Yes,One year,No,Electronic check,78.59,3944.14,No
3326-IOGXX,Male,0,Yes,No,61,Yes,Yes,Fiber optic,No,Yes,No,Yes,No,Yes,Two year,Yes,Credit card (automatic),118.75,7177.09,No
9160-RHBAW,Male,0,No,No,44,Yes,No,DSL,Yes,Yes,No,Yes,No,No,One year,Yes,Credit card (automatic),74.53,3437.25,No
3314-AKBHT,Male,0,No,Yes,16,Yes,No,DSL,Yes,No,No,No,No,No,Month-to-month,No,Bank transfer (automatic),59.09,905.22,No
1286-IPOIF,Male,0,Yes,Yes,33,Yes,No,DSL,Yes,Yes,No,No,Yes,No,Month-to-month,Yes,Credit card (automatic),85.52,2874.32,No
3346-MCYFB,Male,0,Yes,Yes,6,Yes,Yes,Fiber optic,Yes,Yes,No,No,No,Yes,Month-to-month,No,Electronic check,108.32,669.58,No
4246-ZIKRF,Female,0,No,No,23,Yes,No,Fiber optic,Yes,No,No,Yes,Yes,No,One year,Yes,Electronic check,96.22,2298.07,Yes
4289-VCBSP,Male,0,No,No,64,Yes,Yes,Fiber optic,No,Yes,Yes,No,No,No,One year,Yes,Mailed check,99.09,6253.09,No
9623-VPBLC,Male,0,Yes,No,67,Yes,No,DSL,Yes,No,Yes,Yes,No,No,Two year,No,Credit card (automatic),73.57,5014.95,No
1058-VIVZE,Male,1,No,No,1,No,No phone service,DSL,No,No,Yes,No,Yes,Yes,Month-to-month,Yes,Bank transfer (automatic),76.25,79.38,Yes
4778-IYBOY,Female,0,Yes,No,47,Yes,No,No,No internet service,No internet service,No internet service,No internet service,No internet service,No internet service,One year,Yes,Bank transfer (automatic),30.63,1510.78,No
3944-QBTBG,Male,0,Yes,No,22,Yes,No,DSL,No,Yes,No,No,No,No,One year,Yes,Credit card (automatic),66.31,1519.49,No
4614-QKCUK,Female,1,Yes,No,65,Yes,No,DSL,Yes,No,Yes,No,Yes,No,Month-to-month,Yes,Bank transfer (automatic),75.1,4999.53,No
9745-XAUCZ,Male,0,No,Yes,4,Yes,No,DSL,No,Yes,Yes,No,No,Yes,Month-to-month,No,Mailed check,72.52,293.99,Yes
8030-NJZTH,Female,0,Yes,Yes,2,Yes,No,DSL,Yes,Yes,Yes,Yes,Yes,No,Month-to-month,Yes,Bank transfer (automatic),90.73,185.89,No
8518-XZTWW,Female,0,Yes,Yes,34,Yes,Yes,DSL,Yes,No,Yes,No,Yes,No,One year,Yes,Bank transfer (automatic),90.77,3035.73,No
4609-BVZAJ,Male,0,Yes,No,11,Yes,Yes,Fiber optic,No,Yes,No,Yes,No,Yes,Month-to-month,Yes,Credit card (automatic),109.4,1230.48,Yes
9986-YRTAP,Male,1,No,No,4,Yes,Yes,DSL,No,No,Yes,No,Yes,No,Month-to-month,No,Bank transfer (automatic),78.34,299.87,No
9146-YPQHD,Male,0,Yes,Yes,11,Yes,Yes,Fiber optic,No,No,Yes,Yes,No,No,Month-to-month,No,Electronic check,94.77,1093.15,Yes
3044-TDKGZ,Male,0,Yes,No,6,Yes,No,Fiber optic,No,Yes,Yes,No,Yes,No,Month-to-month,No,Electronic check,100.79,620.99,Yes
6832-QTCVL,Female,0,Yes,No,40,Yes,Yes,DSL,No,Yes,No,No,No,Yes,Two year,Yes,Mailed check,85.34,3458.58,No
2610-NMWDN,Female,0,Yes,No,65,Yes,No,DSL,No,No,Yes,No,No,Yes,One year,No,Bank transfer (automatic),76.27,4916.53,No
4551-KGOXR,Female,0,No,No,7,Yes,No,Fiber optic,No,No,No,No,Yes,No,Month-to-month,Yes,Bank transfer (automatic),84.26,564.85,No
1402-CRWUE,Female,0,Yes,No,5,Yes,No,No,No internet service,No internet service,No internet service,No internet service,No internet service,No internet service,One year,No,Bank transfer (automatic),31.76,156.23,No
7578-EELLN,Male,0,Yes,No,2,Yes,Yes,Fiber optic,No,Yes,No,Yes,No,No,Month-to-month,No,Electronic check,102.7,212.5,Yes
9435-ASFQC,Male,0,No,No,57,Yes,No,Fiber optic,Yes,No,Yes,No,No,No,One year,Yes,Credit card (automatic),89.15,5025.24,No
7474-ZIEXP,Female,1,Yes,Yes,69,No,No phone service,DSL,Yes,Yes,No,Yes,No,No,One year,No,Electronic check,64.49,4652.58,No
9810-ZAHPV,Male,0,Yes,No,6,Yes,No,Fiber optic,No,Yes,Yes,No,Yes,Yes,Month-to-month,No,Bank transfer (automatic),107.34,645.43,Yes
9772-CIQMD,Female,0,Yes,No,13,Yes,Yes,DSL,No,No,No,No,Yes,No,Month-to-month,Yes,Electronic check,78.5,1059.52,Yes
6287-ZVJAV,Male,0,No,No,17,Yes,No,Fiber optic,Yes,Yes,Yes,No,No,No,Month-to-month,No,Bank transfer (automatic),104.8,1843.76,No
7051-YNIYX,Male,0,No,No,54,Yes,No,Fiber optic,No,No,Yes,No,Yes,No,Month-to-month,No,Mailed check,89.69,4718.72,No
5766-DLXUI,Female,0,No,No,1,No,No phone service,DSL,No,No,No,No,No,Yes,Month-to-month,No,Electronic check,54.08,53.03,Yes
4087-OYDYW,Male,0,No,Yes,5,Yes,Yes,DSL,No,Yes,No,No,Yes,No,Month-to-month,Yes,Electronic check,83.61,405.55,Yes
7495-JCNCC,Female,0,No,No,42,Yes,Yes,Fiber optic,Yes,Yes,No,No,No,Yes,Two year,No,Mailed check,113.92,4621.33,No
6052-NBWJB,Female,0,No,No,28,Yes,Yes,Fiber optic,No,No,No,Yes,No,No,One year,Yes,Mailed check,92.97,2530.78,No
4008-GPQNL,Female,1,No,No,65,Yes,No,Fiber optic,No,No,Yes,No,Yes,No,Two year,No,Mailed check,88.98,5953.41,No
9049-JMBGA,Female,0,Yes,Yes,56,Yes,Yes,Fiber optic,No,No,No,No,Yes,Yes,Two year,Yes,Bank transfer (automatic),105.02,5638.88,No
3314-PACWI,Female,0,Yes,No,72,Yes,No,DSL,Yes,No,Yes,Yes,Yes,Yes,One year,No,Bank transfer (automatic),91.19,6722.45,No
1216-BNVAH,Female,0,No,Yes,69,Yes,Yes,No,No internet service,No internet service,No internet service,No internet service,No internet service,No internet service,One year,No,Credit card (automatic),42.29,2844.07,No
1376-KQIZE,Male,0,No,No,72,No,No phone service,DSL,Yes,No,Yes,Yes,No,Yes,Two year,Yes,Electronic check,79.21,5703.63,No
4097-KFDOJ,Male,0,Yes,Yes,62,Yes,No,DSL,No,No,Yes,Yes,Yes,No,One year,Yes,Electronic check,80.41,4756.08,No
1685-AYQAD,Female,1,No,Yes,27,Yes,Yes,DSL,No,Yes,No,No,Yes,Yes,Month-to-month,Yes,Electronic check,91.45,2520.28,No
5287-UXQLG,Male,0,No,No,6,Yes,No,No,No internet service,No internet service,No internet service,No internet service,No internet service,No internet service,Month-to-month,No,Electronic check,27.93,161.73,Yes
8392-JMUQZ,Male,0,Yes,No,16,No,No phone service,DSL,No,No,No,No,Yes,Yes,Month-to-month,Yes,Electronic check,61.51,1013.55,Yes
6351-MUCQH,Male,0,Yes,No,2,Yes,Yes,Fiber optic,No,No,Yes,Yes,Yes,Yes,Month-to-month,Yes,Mailed check,115.83,222.41,Yes
7406-YYJKU,Female,1,No,No,64,Yes,No,DSL,Yes,No,Yes,No,Yes,No,Two year,Yes,Electronic check,76.98,4774.62,No
9127-GSOMF,Female,0,Yes,No,8,Yes,Yes,Fiber optic,No,Yes,Yes,No,No,Yes,Month-to-month,Yes,Mailed check,106.59,888.75,No
5979-GJGSH,Male,0,No,No,67,Yes,No,DSL,No,No,Yes,No,Yes,Yes,One year,No,Bank transfer (automatic),81.6,5572.38,No
8030-XZRKY,Female,0,No,No,12,Yes,No,Fiber optic,No,No,Yes,No,No,No,Two year,No,Bank transfer (automatic),84.48,972.51,No
9423-FTGFH,Female,0,No,No,40,Yes,No,DSL,Yes,Yes,Yes,No,No,No,One year,Yes,Mailed check,75.42,2935.78,No
4746-RYRYQ,Female,0,Yes,Yes,9,Yes,Yes,DSL,No,No,No,No,Yes,Yes,Month-to-month,Yes,Credit card (automatic),85.64,783.92,No
7823-VFZVN,Female,0,No,No,1,Yes,Yes,Fiber optic,Yes,Yes,No,No,Yes,Yes,Month-to-month,Yes,Electronic check,118.75,116.93,No
4937-EWVMN,Female,0,Yes,Yes,47,Yes,No,DSL,No,Yes,Yes,Yes,Yes,No,One year,Yes,Credit card (automatic),92.81,4488.97,No
1074-YXHEW,Male,0,Yes,Yes,6,Yes,No,DSL,Yes,No,No,Yes,Yes,No,Month-to-month,Yes,Electronic check,74.7,469.22,No
7693-UPFVG,Female,1,No,No,19,Yes,Yes,DSL,No,No,No,No,Yes,Yes,Two year,Yes,Mailed check,83.52,1616.03,No
4995-WSZRW,Male,0,Yes,No,1,Yes,Yes,Fiber optic,No,No,No,Yes,Yes,Yes,Month-to-month,Yes,Electronic check,109.32,110.36,Yes
1518-JTUIB,Female,1,Yes,No,69,Yes,No,DSL,No,No,No,Yes,No,Yes,One year,No,Credit card (automatic),72.09,4866.6,No
1522-PNKEV,Female,0,Yes,Yes,29,Yes,No,No,No internet service,No internet service,No internet service,No internet service,No internet service,No internet service,Two year,Yes,Bank transfer (automatic),30.17,907.97,No
1837-LHXTT,Male,0,No,No,71,Yes,No,No,No internet service,No internet service,No internet service,No internet service,No internet service,No internet service,Two year,No,Bank transfer (automatic),24.58,1675.99,No
1748-SLXMD,Male,0,Yes,No,1,Yes,No,DSL,No,No,No,No,No,No,Month-to-month,No,Credit card (automatic),47.75,46.74,No
6156-HUIQR,Female,0,No,No,51,Yes,Yes,DSL,No,Yes,Yes,Yes,Yes,No,One year,Yes,Bank transfer (automatic),95.49,4838.62,No
4959-OAKIZ,Male,0,No,No,7,Yes,No,No,No internet service,No internet service,No internet service,No internet service,No internet service,No internet service,Month-to-month,Yes,Credit card (automatic),33.4,224.67,No
2801-JRRQH,Female,0,No,No,56,Yes,No,DSL,Yes,Yes,Yes,No,No,Yes,Two year,No,Mailed check,83.1,4511.1,No
6627-AEOII,Male,0,No,No,59,No,No phone service,Fiber optic,No,No,No,No,Yes,No,Two year,Yes,Bank transfer (automatic),67.97,4023.28,No
2060-DMGRR,Male,0,Yes,Yes,60,Yes,No,Fiber optic,No,No,No,No,Yes,No,Two year,Yes,Electronic check,85.33,4917.12,No
4809-VTQVI,Female,0,Yes,Yes,66,Yes,Yes,Fiber optic,No,No,Yes,No,Yes,Yes,Month-to-month,No,Electronic check,110.51,7203.01,No
2288-USCDR,Female,0,Yes,Yes,49,Yes,No,No,No internet service,No internet service,No internet service,No internet service,No internet service,No internet service,One year,No,Mailed check,26.32,1342.96,No
1478-HWKEL,Female,0,Yes,No,71,Yes,Yes,Fiber optic,Yes,No,No,No,Yes,No,Two year,No,Electronic check,101.87,7213.86,No
5328-DLRXU,Male,0,No,No,59,Yes,No,Fiber optic,Yes,No,Yes,No,No,No,Two year,Yes,Mailed check,85.99,5125.27,No
6635-CBJFF,Female,0,Yes,Yes,25,Yes,Yes,Fiber optic,Yes,No,Yes,Yes,Yes,Yes,Month-to-month,No,Mailed check,118.75,2880.14,Yes
6735-JICQL,Female,1,Yes,Yes,49,Yes,No,DSL,No,No,Yes,Yes,No,No,Two year,Yes,Electronic check,68.77,3485.3,No
1671-UVQPI,Female,1,No,No,33,Yes,Yes,No,No internet service,No internet service,No internet service,No internet service,No internet service,No internet service,Month-to-month,Yes,Credit card (automatic),35.29,1176.87,No
2284-MXHVI,Female,0,No,No,29,Yes,Yes,Fiber optic,No,Yes,No,No,No,Yes,One year,Yes,Credit card (automatic),103.55,3141.81,No
4603-RSYKM,Female,0,No,No,69,Yes,No,DSL,No,No,No,Yes,Yes,Yes,One year,No,Electronic check,82.87,5580.09,No
9909-VKFLK,Male,0,No,Yes,1,Yes,No,No,No internet service,No internet service,No internet service,No internet service,No internet service,No internet service,Month-to-month,Yes,Mailed check,31.81,32.13,No
3300-VRVJL,Male,0,No,No,3,No,No phone service,Fiber optic,No,Yes,No,No,No,No,Month-to-month,Yes,Bank transfer (automatic),64.97,196.62,No
3732-TGCTA,Female,0,No,No,5,Yes,No,DSL,No,No,No,No,No,Yes,Month-to-month,No,Mailed check,65.19,338.58,Yes
5219-NNULE,Male,0,Yes,No,47,Yes,Yes,DSL,Yes,No,No,Yes,Yes,Yes,Month-to-month,Yes,Credit card (automatic),98.74,4752.74,No
1970-LGPLA,Female,0,No,No,51,Yes,Yes,Fiber optic,Yes,Yes,Yes,No,Yes,Yes,Two year,Yes,Credit card (automatic),118.75,5853.24,No
4848-XPYLM,Male,0,No,No,4,Yes,No,DSL,No,Yes,Yes,Yes,No,No,Month-to-month,No,Electronic check,76.6,317.04,Yes
1971-IAIQP,Female,0,Yes,Yes,72,Yes,No,No,No internet service,No internet service,No internet service,No internet service,No internet service,No internet service,One year,No,Mailed check,34.16,2551.09,No
3340-XDRSL,Female,0,Yes,Yes,8,Yes,No,No,No internet service,No internet service,No internet service,No internet service,No internet service,No internet service,Month-to-month,No,Mailed check,29.3,235.19,No
2637-YYFUV,Male,0,No,No,5,Yes,Yes,Fiber optic,No,No,No,Yes,No,Yes,Month-to-month,No,Electronic check,103.43,516.59,Yes
9700-XNBNW,Male,0,No,Yes,1,Yes,Yes,Fiber optic,No,Yes,No,No,No,No,Month-to-month,No,Credit card (automatic),92.21,92.74,No
2481-RQBJV,Male,1,Yes,Yes,3,Yes,No,No,No internet service,No internet service,No internet service,No internet service,No internet service,No internet service,Month-to-month,No,Electronic check,32.54,93.23,No
7565-HBROU,Female,0,Yes,No,1,No,No phone service,DSL,Yes,Yes,Yes,Yes,No,Yes,One year,No,Electronic check,80.76,81.9,No
4891-CGMTL,Female,0,No,No,13,Yes,Yes,Fiber optic,Yes,No,No,No,Yes,No,Month-to-month,Yes,Electronic check,99.51,1240.75,Yes
8644-EPCIP,Male,0,No,No,54,Yes,No,DSL,No,Yes,Yes,No,Yes,Yes,One year,Yes,Mailed check,85.82,4714.03,No
5673-QFCWF,Female,0,Yes,Yes,8,Yes,No,Fiber optic,Yes,Yes,No,No,Yes,No,One year,No,Mailed check,93.88,784.08,No
5901-GWJXC,Male,0,Yes,No,44,Yes,No,No,No internet service,No internet service,No internet service,No internet service,No internet service,No internet service,Two year,Yes,Credit card (automatic),26.44,1184.09,No
1624-RWRPM,Male,0,No,No,67,Yes,Yes,DSL,No,Yes,No,No,Yes,No,One year,No,Electronic check,85.47,5711.9,No
2756-IKRCR,Female,0,Yes,Yes,3,Yes,No,No,No internet service,No internet service,No internet service,No internet service,No internet service,No internet service,One year,Yes,Credit card (automatic),33.37,101.91,No
8662-PKUIB,Male,1,No,No,9,Yes,Yes,Fiber optic,No,No,Yes,Yes,No,Yes,Month-to-month,No,Mailed check,113.94,1042.43,No
8404-FECLR,Male,0,Yes,No,3,Yes,Yes,No,No internet service,No internet service,No internet service,No internet service,No internet service,No internet service,Month-to-month,No,Electronic check,41.32,124.28,No
2366-TTMVE,Male,1,Yes,No,19,Yes,Yes,No,No internet service,No internet service,No internet service,No internet service,No internet service,No internet service,Month-to-month,Yes,Credit card (automatic),38.55,754.11,No
2604-PGOBI,Male,0,Yes,Yes,4,Yes,No,No,No internet service,No internet service,No internet service,No internet service,No internet service,No internet service,Month-to-month,No,Credit card (automatic),30.84,128.64,No
4568-RLMUJ,Male,1,Yes,No,6,Yes,No,No,No internet service,No internet service,No internet service,No internet service,No internet service,No internet service,Month-to-month,No,Bank transfer (automatic),25.97,148.73,No
9418-RMLHW,Male,0,Yes,No,29,Yes,No,DSL,No,No,No,No,No,Yes,Month-to-month,Yes,Electronic check,68.06,2055.89,No
2326-JFGIA,Female,0,Yes,Yes,10,No,No phone service,Fiber optic,Yes,Yes,No,No,No,No,Month-to-month,No,Bank transfer (automatic),78.59,777.21,No
3909-AUJUG,Male,0,No,No,19,Yes,No,DSL,Yes,Yes,No,No,No,No,Month-to-month,No,Electronic check,74.95,1377.85,No
9099-OAFYQ,Female,0,Yes,Yes,3,Yes,No,Fiber optic,Yes,Yes,Yes,No,No,Yes,One year,Yes,Electronic check,104.12,298.72,No
1905-EIKTB,Male,0,No,No,1,Yes,Yes,Fiber optic,No,Yes,Yes,No,Yes,No,Month-to-month,No,Bank transfer (automatic),115.78,119.4,No
1778-HPSFK,Male,0,Yes,Yes,7,Yes,Yes,No,No internet service,No internet service,No internet service,No internet service,No internet service,No internet service,Month-to-month,Yes,Electronic check,40.94,297.44,No
8524-RHBSD,Female,1,No,No,65,Yes,No,Fiber optic,No,No,No,No,Yes,No,One year,Yes,Electronic check,88.0,5980.04,No
7946-OCBGO,Female,1,Yes,Yes,24,Yes,No,Fiber optic,No,Yes,Yes,Yes,No,No,Month-to-month,No,Mailed check,91.04,2211.3,No
3165-LBWIG,Male,0,Yes,No,13,Yes,No,DSL,No,No,Yes,Yes,No,No,One year,Yes,Electronic check,65.48,813.88,Yes
5600-JCIDC,Female,0,No,No,62,Yes,No,No,No internet service,No internet service,No internet service,No internet service,No internet service,No internet service,One year,Yes,Mailed check,23.66,1452.77,No
9772-REUEU,Female,0,No,No,72,Yes,Yes,Fiber optic,No,Yes,Yes,No,Yes,Yes,Two year,Yes,Bank transfer (automatic),118.75,8273.68,No
4227-RBTKD,Female,0,No,No,10,No,No phone service,Fiber optic,No,No,No,Yes,No,No,One year,No,Electronic check,68.17,699.8,Yes
7735-FVGOR,Male,0,No,No,8,No,No phone service,No,No internet service,No internet service,No internet service,No internet service,No internet service,No internet service,Month-to-month,No,Mailed check,22.85,189.86,No
2408-QSZTP,Male,0,No,No,41,Yes,No,No,No internet service,No internet service,No internet service,No internet service,No internet service,No internet service,Two year,Yes,Electronic check,38.28,1519.08,No
8632-TPHMM,Male,1,Yes,Yes,1,No,No phone service,Fiber optic,No,No,No,Yes,Yes,Yes,Month-to-month,No,Mailed check,92.53,88.17,Yes
1756-BJCSC,Female,0,No,No,68,Yes,No,No,No internet service,No internet service,No internet service,No internet service,No internet service,No internet service,Month-to-month,Yes,Credit card (automatic),27.93,1937.72,No
1825-ZXLLG,Male,0,No,Yes,5,Yes,No,Fiber optic,No,Yes,No,Yes,Yes,No,Month-to-month,No,Mailed check,97.91,478.8,No
6983-WARNP,Female,0,No,No,13,Yes,No,Fiber optic,No,Yes,No,No,Yes,No,One year,Yes,Electronic check,94.81,1236.0,Yes
2707-ELNCC,Male,0,No,No,42,Yes,Yes,Fiber optic,No,Yes,No,No,No,Yes,Two year,Yes,Electronic check,101.92,4454.37,No
2318-QUHGJ,Male,0,Yes,No,64,Yes,No,DSL,No,Yes,No,Yes,Yes,Yes,One year,Yes,Mailed check,89.34,5740.96,No
8743-DKIVP,Female,0,Yes,Yes,5,Yes,No,DSL,No,No,No,No,No,Yes,Month-to-month,No,Electronic check,64.35,306.25,No
8430-LCLTV,Male,0,No,No,22,Yes,Yes,Fiber optic,Yes,Yes,No,No,No,No,One year,Yes,Electronic check,97.37,2187.25,No
9208-NTWGJ,Female,0,No,No,3,Yes,No,No,No internet service,No internet service,No internet service,No internet service,No internet service,No internet service,Month-to-month,Yes,Bank transfer (automatic),29.55,92.8,Yes
2745-DKVYL,Female,0,No,No,51,Yes,Yes,Fiber optic,Yes,Yes,No,No,Yes,No,Two year,No,Electronic check,105.92,5619.29,No
4584-YJMLF,Female,0,No,No,9,Yes,No,Fiber optic,No,Yes,No,Yes,No,Yes,Month-to-month,Yes,Electronic check,96.07,906.56,No
9597-MHZED,Female,0,Yes,No,72,Yes,No,Fiber optic,No,No,Yes,No,No,Yes,One year,Yes,Bank transfer (automatic),88.17,6089.14,No
5729-RYHUX,Female,0,Yes,Yes,36,Yes,No,DSL,No,No,No,Yes,Yes,Yes,Two year,No,Credit card (automatic),77.17,2902.47,No
3882-MFFHR,Female,0,Yes,No,33,Yes,No,Fiber optic,Yes,Yes,Yes,Yes,No,Yes,One year,Yes,Credit card (automatic),113.56,3894.91,No
2173-UKCHQ,Female,1,No,No,68,Yes,Yes,Fiber optic,Yes,No,No,No,No,No,Two year,No,Bank transfer (automatic),87.8,5808.01,No
2675-JHFPZ,Male,0,No,No,1,No,No phone service,No,No internet service,No internet service,No internet service,No internet service,No internet service,No internet service,Month-to-month,Yes,Electronic check,20.87,20.01,Yes
7905-FYGAG,Male,1,Yes,Yes,51,Yes,Yes,Fiber optic,Yes,No,No,No,No,No,One year,Yes,Credit card (automatic),90.68,4827.98,No
6131-JZKNM,Male,0,No,No,41,Yes,Yes,Fiber optic,No,No,No,Yes,No,Yes,Month-to-month,Yes,Bank transfer (automatic),107.5,4297.88,No
1357-FOUGA,Male,1,Yes,No,66,Yes,No,DSL,Yes,Yes,No,Yes,Yes,Yes,Two year,Yes,Credit card (automatic),90.66,6058.87,No
9868-FRXFS,Female,0,Yes,Yes,24,Yes,Yes,DSL,No,No,Yes,No,No,No,One year,No,Electronic check,73.86,1738.29,No
2290-TOEYU,Female,0,No,No,2,Yes,Yes,Fiber optic,No,No,Yes,No,No,No,Month-to-month,No,Mailed check,97.6,194.07,No
2861-REYJP,Female,1,Yes,No,71,Yes,Yes,No,No internet service,No internet service,No internet service,No internet service,No internet service,No internet service,One year,Yes,Mailed check,50.26,3607.17,No
5590-BXBTR,Male,0,No,No,52,Yes,Yes,No,No internet service,No internet service,No internet service,No internet service,No internet service,No internet service,One year,Yes,Bank transfer (automatic),34.11,1710.43,No
2543-CLDEM,Female,0,No,Yes,63,Yes,Yes,Fiber optic,Yes,No,Yes,No,Yes,No,Two year,No,Electronic check,115.14,7078.11,No
9496-FCCSU,Male,0,No,No,3,Yes,No,Fiber optic,Yes,Yes,Yes,No,No,Yes,Month-to-month,Yes,Mailed check,103.54,302.08,Yes
7561-QWMRN,Female,1,Yes,Yes,6,Yes,No,DSL,Yes,Yes,No,Yes,No,Yes,Month-to-month,Yes,Credit card (automatic),80.92,505.37,Yes
9530-RVMHP,Female,0,No,No,3,Yes,Yes,DSL,Yes,No,Yes,No,Yes,No,Month-to-month,Yes,Bank transfer (automatic),91.2,262.45,Yes
1931-IYDMC,Male,0,No,No,59,Yes,No,No,No internet service,No internet service,No internet service,No internet service,No internet service,No internet service,Two year,No,Bank transfer (automatic),28.44,1761.01,No
9950-WUZJT,Male,0,No,No,60,Yes,No,No,No internet service,No internet service,No internet service,No internet service,No internet service,No internet service,Two year,No,Electronic check,26.18,1582.5,No
9757-RZXAC,Male,1,No,No,14,Yes,No,DSL,No,Yes,No,Yes,Yes,Yes,Month-to-month,Yes,Electronic check,85.55,1223.51,Yes
4461-QRYSK,Female,0,Yes,Yes,9,Yes,Yes,Fiber optic,No,Yes,No,Yes,Yes,Yes,Month-to-month,No,Bank transfer (automatic),118.75,1092.92,Yes
4985-CKVEL,Female,0,Yes,No,22,Yes,Yes,Fiber optic,Yes,No,Yes,No,Yes,Yes,One year,Yes,Mailed check,116.41,2667.48,No
7005-VLEWK,Female,0,No,No,71,Yes,No,DSL,No,No,Yes,Yes,Yes,No,Two year,No,Credit card (automatic),80.43,5524.14,No
7857-PPFXN,Male,0,No,No,65,Yes,No,No,No internet service,No internet service,No internet service,No internet service,No internet service,No internet service,Two year,Yes,Credit card (automatic),24.98,1700.06,No
2452-OXNRP,Male,0,Yes,Yes,57,Yes,Yes,DSL,No,No,No,No,Yes,No,Two year,No,Bank transfer (automatic),75.36,4234.84,No
1877-KZEBT,Female,0,Yes,No,61,Yes,Yes,No,No internet service,No internet service,No internet service,No internet service,No internet service,No internet service,Month-to-month,Yes,Electronic check,44.4,2689.33,No
1212-MLMER,Female,0,No,No,7,Yes,Yes,No,No internet service,No internet service,No internet service,No internet service,No internet service,No internet service,Month-to-month,Yes,Electronic check,37.69,256.55,No
3813-CFZFX,Male,0,Yes,Yes,72,Yes,Yes,Fiber optic,No,No,No,No,Yes,No,One year,No,Mailed check,100.25,7087.77,No
4966-BPNGA,Male,0,Yes,No,47,Yes,Yes,No,No internet service,No internet service,No internet service,No internet service,No internet service,No internet service,One year,Yes,Electronic check,40.47,1830.47,No
1743-IPBME,Female,0,Yes,Yes,50,Yes,No,DSL,No,Yes,No,Yes,No,Yes,Two year,Yes,Bank transfer (automatic),72.04,3635.29,No
6853-TJUNI,Male,0,Yes,Yes,30,Yes,No,Fiber optic,No,Yes,Yes,No,No,Yes,One year,Yes,Electronic check,98.67,3099.7,Yes
7899-XVGPP,Male,0,No,No,5,Yes,Yes,Fiber optic,Yes,No,Yes,No,No,No,Month-to-month,Yes,Credit card (automatic),100.31,521.48,Yes
3026-DWZFQ,Male,0,Yes,Yes,66,Yes,No,No,No internet service,No internet service,No internet service,No internet service,No internet service,No internet service,Two year,Yes,Credit card (automatic),28.44,1872.65,No
3383-XUXCV,Female,1,Yes,Yes,14,Yes,Yes,Fiber optic,No,No,No,No,No,No,Month-to-month,No,Bank transfer (automatic),87.04,1210.62,No
2142-VSEOW,Female,0,Yes,No,30,Yes,No,Fiber optic,No,Yes,No,No,No,Yes,Two year,No,Electronic check,94.06,2837.82,No
5162-VWXXC,Female,0,Yes,No,9,Yes,No,DSL,Yes,No,No,Yes,Yes,No,Month-to-month,Yes,Electronic check,72.0,653.74,No
3985-SKASK,Female,0,No,No,32,Yes,Yes,No,No internet service,No internet service,No internet service,No internet service,No internet service,No internet service,Month-to-month,No,Electronic check,43.09,1410.38,No
5278-JCFUG,Female,0,Yes,Yes,66,Yes,Yes,No,No internet service,No internet service,No internet service,No internet service,No internet service,No internet service,Two year,Yes,Electronic check,42.36,2664.41,No
4829-CKUPA,Male,1,No,Yes,72,Yes,Yes,Fiber optic,No,Yes,Yes,No,No,Yes,Two year,No,Electronic check,117.53,8200.05,No
8705-PNTUQ,Female,1,Yes,Yes,1,Yes,No,No,No internet service,No internet service,No internet service,No internet service,No internet service,No internet service,Month-to-month,Yes,Bank transfer (automatic),27.74,26.47,Yes
8022-SHWPM,Male,0,Yes,No,53,Yes,No,DSL,No,Yes,No,No,No,No,Month-to-month,Yes,Bank transfer (automatic),62.78,3407.68,No
5547-XAZPW,Female,0,Yes,No,65,Yes,No,DSL,Yes,Yes,No,No,No,No,Two year,Yes,Electronic check,70.22,4525.62,No
2763-LQXIY,Male,0,Yes,Yes,7,Yes,Yes,No,No internet service,No internet service,No internet service,No internet service,No internet service,No internet service,Month-to-month,Yes,Bank transfer (automatic),40.16,267.46,No
2522-KNBFZ,Male,0,No,No,22,Yes,No,No,No internet service,No internet service,No internet service,No internet service,No internet service,No internet service,Month-to-month,No,Electronic check,27.33,622.31,No
8708-ELASD,Male,0,Yes,No,16,Yes,No,Fiber optic,Yes,No,Yes,No,Yes,No,Month-to-month,Yes,Electronic check,97.66,1517.66,No
4708-SZSED,Male,0,No,No,69,Yes,No,Fiber optic,No,Yes,Yes,Yes,No,Yes,Two year,Yes,Bank transfer (automatic),105.26,7024.18,No
3812-QTYCQ,Male,0,Yes,Yes,9,Yes,Yes,Fiber optic,No,Yes,Yes,No,No,No,Month-to-month,Yes,Credit card (automatic),100.92,886.03,No
4760-VBRGT,Male,0,Yes,No,66,Yes,No,Fiber optic,Yes,Yes,No,No,Yes,No,One year,No,Bank transfer (automatic),97.66,6473.87,No
8108-IXCOQ,Female,0,Yes,No,61,Yes,No,DSL,No,No,Yes,No,No,No,Two year,Yes,Electronic check,63.23,3861.84,No
6079-HETOW,Male,0,No,No,1,Yes,Yes,DSL,Yes,Yes,No,No,Yes,No,Month-to-month,No,Electronic check,86.97,87.96,Yes
3544-RREHV,Female,0,Yes,No,72,Yes,Yes,DSL,Yes,Yes,No,Yes,No,Yes,Two year,Yes,Bank transfer (automatic),98.19,7293.39,No
7026-APLJX,Female,0,Yes,Yes,66,Yes,No,Fiber optic,No,No,Yes,No,No,No,One year,No,Credit card (automatic),82.34,5240.1,No
2488-DTLBI,Female,0,Yes,No,59,Yes,No,DSL,Yes,Yes,Yes,No,Yes,Yes,Two year,Yes,Credit card (automatic),96.26,5690.71,No
5488-AUHIJ,Female,0,Yes,Yes,67,Yes,No,No,No internet service,No internet service,No internet service,No internet service,No internet service,No internet service,Month-to-month,Yes,Bank transfer (automatic),33.26,2324.35,No
9833-QBFBI,Female,0,No,No,70,No,No phone service,No,No internet service,No internet service,No internet service,No internet service,No internet service,No internet service,Month-to-month,No,Mailed check,24.18,1632.95,No
3199-HICQB,Male,0,No,No,2,Yes,No,Fiber optic,No,No,No,No,No,Yes,Month-to-month,Yes,Electronic check,82.4,169.36,Yes
3934-KBXUA,Male,0,No,No,50,Yes,Yes,DSL,Yes,No,Yes,Yes,Yes,No,One year,Yes,Electronic check,98.15,5100.97,No
4270-IIGTP,Male,1,No,No,69,No,No phone service,Fiber optic,Yes,No,No,No,No,No,Two year,No,Electronic check,68.09,4485.62,No
3874-AYGJJ,Female,0,No,No,1,Yes,No,Fiber optic,Yes,Yes,No,No,Yes,No,Month-to-month,Yes,Mailed check,103.63,102.13,Yes
7937-PUOGN,Female,0,Yes,Yes,22,Yes,No,DSL,No,Yes,Yes,No,No,No,Two year,No,Bank transfer (automatic),63.76,1339.89,No
2528-OCBVU,Male,0,No,No,1,Yes,No,Fiber optic,Yes,Yes,No,Yes,No,No,Month-to-month,Yes,Electronic check,91.6,95.41,No
4143-PAQFU,Male,1,Yes,No,5,Yes,No,DSL,Yes,Yes,Yes,Yes,No,No,Month-to-month,No,Credit card (automatic),82.42,405.33,No
3077-HQDAL,Female,0,Yes,No,67,Yes,No,No,No internet service,No internet service,No internet service,No internet service,No internet service,No internet service,Two year,Yes,Electronic check,32.17,2065.41,No
3911-NEKFH,Male,0,No,No,68,Yes,Yes,Fiber optic,No,No,No,No,Yes,No,One year,Yes,Bank transfer (automatic),94.79,6178.26,No
9476-OFGFJ,Female,0,No,No,14,Yes,No,Fiber optic,Yes,No,Yes,No,No,No,One year,No,Mailed check,86.85,1237.95,No
9631-JXGAL,Female,0,No,No,11,Yes,Yes,No,No internet service,No internet service,No internet service,No internet service,No internet service,No internet service,Month-to-month,No,Bank transfer (automatic),48.68,561.96,No
6930-VEGOJ,Female,0,No,Yes,67,Yes,Yes,Fiber optic,No,No,Yes,No,Yes,No,One year,Yes,Credit card (automatic),99.2,6711.03,No
3188-OILFV,Female,0,Yes,No,41,No,No phone service,No,No internet service,No internet service,No internet service,No internet service,No internet service,No internet service,Month-to-month,Yes,Bank transfer (automatic),20.04,780.83,No
1355-PJZWQ,Female,0,Yes,Yes,48,Yes,No,DSL,No,No,No,No,No,Yes,One year,No,Bank transfer (automatic),64.03,3010.82,No
9569-UZPWX,Male,0,Yes,Yes,2,Yes,No,Fiber optic,No,Yes,Yes,No,No,Yes,One year,Yes,Electronic check,94.24,180.79,No
1135-GLXWK,Female,0,No,No,30,Yes,No,DSL,No,Yes,Yes,No,No,Yes,One year,Yes,Electronic check,83.35,2439.26,No
6353-FPVMI,Female,1,No,No,12,No,No phone service,Fiber optic,No,No,No,No,No,No,One year,Yes,Bank transfer (automatic),63.06,775.09,No
5237-LUNAT,Male,0,Yes,No,4,Yes,Yes,No,No internet service,No internet service,No internet service,No internet service,No internet service,No internet service,Month-to-month,Yes,Credit card (automatic),37.4,148.1,No
6574-HOYFH,Male,0,Yes,No,3,Yes,Yes,No,No internet service,No internet service,No internet service,No internet service,No internet service,No internet service,Month-to-month,Yes,Mailed check,44.4,129.81,Yes
5666-TPKJZ,Male,0,Yes,Yes,10,Yes,Yes,No,No internet service,No internet service,No internet service,No internet service,No internet service,No internet service,One year,No,Credit card (automatic),40.11,396.66,No
8040-LOPLK,Male,1,No,Yes,1,Yes,Yes,Fiber optic,No,No,No,No,No,Yes,One year,Yes,Credit card (automatic),93.97,92.7,No
2744-LWQWW,Female,0,No,Yes,34,Yes,No,DSL,No,Yes,Yes,No,Yes,Yes,Two year,No,Electronic check,86.46,2859.97,No
8098-PCGLC,Female,0,Yes,Yes,72,Yes,Yes,DSL,Yes,No,No,No,No,Yes,Two year,Yes,Mailed check,80.44,5567.92,No
1431-ZFNUY,Male,0,No,Yes,71,Yes,No,DSL,No,Yes,No,Yes,No,No,One year,No,Bank transfer (automatic),67.4,4934.52,No
8340-CKVKS,Male,0,No,No,9,Yes,Yes,Fiber optic,No,Yes,Yes,No,No,Yes,One year,Yes,Mailed check,106.08,970.46,Yes
1000-QBSKA,Female,0,Yes,Yes,32,No,No phone service,Fiber optic,No,No,No,Yes,No,No,Month-to-month,Yes,Electronic check,72.69,2272.81,No
2571-JRGXR,Male,0,No,No,4,Yes,Yes,Fiber optic,Yes,No,No,No,No,No,Month-to-month,Yes,Credit card (automatic),88.16,337.34,No
4349-HFZPQ,Male,0,Yes,Yes,72,Yes,No,No,No internet service,No internet service,No internet service,No internet service,No internet service,No internet service,One year,Yes,Bank transfer (automatic),31.23,2295.88,No
8126-OIWZH,Female,1,Yes,Yes,22,Yes,No,Fiber optic,Yes,No,No,No,No,No,Month-to-month,Yes,Bank transfer (automatic),80.23,1713.88,Yes
1272-QUKSU,Female,0,Yes,No,6,Yes,Yes,DSL,Yes,Yes,No,Yes,No,Yes,One year,Yes,Bank transfer (automatic),96.41,587.14,No
4757-MIDSX,Male,0,No,No,70,Yes,No,DSL,No,No,Yes,No,No,Yes,Two year,No,Credit card (automatic),72.98,5072.85,No
3915-ULMSP,Male,1,No,No,24,Yes,No,No,No internet service,No internet service,No internet service,No internet service,No internet service,No internet service,One year,Yes,Bank transfer (automatic),33.91,798.15,No
6425-UDYVI,Male,1,Yes,No,65,Yes,No,No,No internet service,No internet service,No internet service,No internet service,No internet service,No internet service,Month-to-month,No,Electronic check,28.61,1809.92,No
4943-OWZLE,Female,0,No,No,3,Yes,No,DSL,No,No,No,Yes,No,Yes,Month-to-month,No,Credit card (automatic),74.16,216.46,No
7166-WHZBK,Female,1,Yes,No,65,Yes,Yes,No,No internet service,No internet service,No internet service,No internet service,No internet service,No internet service,Two year,Yes,Electronic check,44.15,2755.56,No
5085-NHGTW,Male,0,No,No,23,Yes,No,Fiber optic,No,No,No,No,Yes,No,Two year,Yes,Credit card (automatic),82.89,1990.43,No
1848-RFNFS,Female,0,No,No,47,Yes,No,No,No internet service,No internet service,No internet service,No internet service,No internet service,No internet service,One year,Yes,Mailed check,28.65,1322.39,No
2385-ACTLP,Female,1,Yes,Yes,24,Yes,No,Fiber optic,No,No,No,No,No,Yes,Month-to-month,Yes,Credit card (automatic),76.35,1918.6,No
6463-CUQAH,Male,0,Yes,Yes,1,Yes,No,No,No internet service,No internet service,No internet service,No internet service,No internet service,No internet service,Month-to-month,No,Mailed check,31.88,31.4,Yes
9252-WDWSL,Male,0,No,No,1,Yes,No,Fiber optic,No,No,Yes,No,Yes,Yes,Month-to-month,No,Bank transfer (automatic),102.45,107.5,Yes
9588-JMXKK,Female,0,Yes,Yes,51,Yes,No,DSL,No,No,No,No,Yes,No,Two year,No,Mailed check,62.05,3162.24,No
1845-YTFHH,Male,0,No,No,12,Yes,No,DSL,Yes,No,No,No,No,Yes,One year,Yes,Bank transfer (automatic),77.01,882.63,No
5229-KUJTG,Male,0,No,No,17,Yes,Yes,Fiber optic,Yes,Yes,Yes,No,Yes,Yes,Month-to-month,Yes,Credit card (automatic),118.75,1989.94,No
2719-NRDFL,Female,0,No,No,58,Yes,No,DSL,Yes,Yes,No,Yes,No,No,Month-to-month,Yes,Credit card (automatic),76.33,4577.63,No
7908-CSTBW,Female,1,Yes,No,60,Yes,Yes,DSL,No,No,No,No,Yes,No,Month-to-month,No,Electronic check,71.87,4175.63,No
3032-XHWLX,Female,0,Yes,No,29,Yes,Yes,DSL,No,No,Yes,No,Yes,Yes,Two year,No,Credit card (automatic),93.69,2718.97,No
3835-RXKYL,Female,0,Yes,No,1,Yes,No,Fiber optic,Yes,Yes,No,No,No,Yes,Month-to-month,Yes,Mailed check,94.1,97.43,Yes
6130-SNXOX,Female,1,No,No,21,Yes,No,Fiber optic,Yes,No,No,No,Yes,Yes,Month-to-month,Yes,Bank transfer (automatic),99.96,2179.03,No
9001-VGMUJ,Male,0,Yes,Yes,63,Yes,Yes,No,No internet service,No internet service,No internet service,No internet service,No internet service,No internet service,Month-to-month,Yes,Electronic check,40.86,2522.1,No
5466-RQYVS,Female,0,Yes,Yes,44,Yes,Yes,No,No internet service,No internet service,No internet service,No internet service,No internet service,No internet service,Month-to-month,Yes,Bank transfer (automatic),35.86,1499.52,No
3266-PWLLG,Male,0,No,No,72,Yes,No,No,No internet service,No internet service,No internet service,No internet service,No internet service,No internet service,One year,No,Credit card (automatic),28.37,2040.22,No
1450-ZUMMO,Male,0,No,No,5,Yes,No,Fiber optic,No,No,Yes,No,No,No,Month-to-month,No,Electronic check,77.45,398.5,Yes
5610-AWAWK,Female,0,Yes,Yes,60,Yes,Yes,No,No internet service,No internet service,No internet service,No internet service,No internet service,No internet service,Two year,Yes,Mailed check,44.69,2606.51,No
6811-CPJHB,Female,0,No,No,58,Yes,No,No,No internet service,No internet service,No internet service,No internet service,No internet service,No internet service,One year,No,Credit card (automatic),30.64,1715.97,No
8719-TQFQB,Male,0,No,No,47,No,No phone service,No,No internet service,No internet service,No internet service,No internet service,No internet service,No internet service,One year,No,Electronic check,18.25,849.03,No
1529-QBWTU,Female,0,Yes,Yes,63,Yes,No,DSL,No,No,No,Yes,Yes,Yes,Month-to-month,No,Credit card (automatic),81.84,5049.15,No
7104-KSDTS,Male,0,Yes,No,8,Yes,No,No,No internet service,No internet service,No internet service,No internet service,No internet service,No internet service,Month-to-month,No,Electronic check,30.99,241.65,Yes
6626-GZURK,Male,0,No,No,4,Yes,No,DSL,No,Yes,No,No,No,No,Month-to-month,No,Mailed check,60.41,250.04,Yes
5030-IEFRY,Male,0,No,No,2,Yes,No,Fiber optic,No,No,Yes,Yes,No,No,One year,No,Bank transfer (automatic),88.78,171.19,No
8042-ZQXRA,Female,0,Yes,No,8,Yes,No,Fiber optic,No,Yes,No,Yes,Yes,Yes,Month-to-month,No,Mailed check,112.92,864.72,Yes
1603-GAZTB,Female,0,Yes,Yes,29,Yes,No,Fiber optic,Yes,Yes,Yes,Yes,No,Yes,Month-to-month,Yes,Mailed check,114.9,3211.9,Yes
5022-VPTJK,Male,1,Yes,No,5,Yes,No,Fiber optic,No,No,Yes,No,No,Yes,One year,No,Bank transfer (automatic),92.71,463.28,Yes
2288-PTNPK,Female,0,No,No,8,Yes,Yes,Fiber optic,No,Yes,No,No,Yes,Yes,One year,Yes,Credit card (automatic),117.29,979.04,No
6150-ZCCXN,Male,1,Yes,No,66,Yes,Yes,Fiber optic,No,No,No,No,Yes,No,Two year,Yes,Bank transfer (automatic),97.17,6186.18,No
8337-UHLIH,Female,0,Yes,No,55,Yes,Yes,Fiber optic,Yes,No,Yes,No,No,Yes,Two year,Yes,Bank transfer (automatic),112.61,6446.72,No
8351-LCQQN,Male,1,No,No,66,Yes,Yes,DSL,No,Yes,Yes,Yes,No,No,Two year,Yes,Bank transfer (automatic),85.89,5887.84,No
1000-HMPKQ,Male,0,No,No,67,Yes,Yes,Fiber optic,No,Yes,Yes,Yes,Yes,No,Month-to-month,No,Mailed check,117.47,7818.96,No
7281-ODPTS,Female,0,No,Yes,31,No,No phone service,Fiber optic,No,No,Yes,Yes,No,Yes,Month-to-month,Yes,Electronic check,90.94,2943.88,Yes
7043-KZPAQ,Male,0,Yes,No,18,Yes,No,Fiber optic,No,No,Yes,Yes,No,No,One year,No,Credit card (automatic),88.31,1576.66,No
2110-HEGGS,Male,0,Yes,No,21,Yes,No,DSL,No,Yes,No,No,Yes,No,Two year,No,Electronic check,74.79,1526.27,Yes
4046-MXWIV,Female,0,Yes,No,9,Yes,Yes,Fiber optic,No,Yes,No,Yes,Yes,Yes,Month-to-month,Yes,Bank transfer (automatic),118.75,1102.34,No
4964-QKXBB,Female,0,No,No,22,Yes,No,No,No internet service,No internet service,No internet service,No internet service,No internet service,No internet service,One year,No,Bank transfer (automatic),28.36,625.91,No
2101-FCKAM,Male,0,No,No,68,Yes,No,DSL,No,Yes,Yes,No,Yes,No,Month-to-month,Yes,Bank transfer (automatic),82.83,5652.07,No
8390-WFPCL,Male,0,Yes,Yes,2,Yes,No,Fiber optic,Yes,No,Yes,No,Yes,Yes,Month-to-month,Yes,Credit card (automatic),111.85,225.79,No
9197-IGHHD,Male,0,Yes,No,12,Yes,No,DSL,Yes,No,No,Yes,No,Yes,Month-to-month,No,Mailed check,85.08,971.94,No
4079-IGCYT,Female,0,No,No,42,Yes,Yes,Fiber optic,No,No,Yes,No,Yes,No,One year,Yes,Electronic check,102.17,4116.0,Yes
3727-XFNQV,Male,0,No,No,70,Yes,No,Fiber optic,No,No,Yes,No,Yes,No,Two year,No,Credit card (automatic),91.99,6130.07,No
2344-NTSWK,Female,0,Yes,No,26,Yes,Yes,No,No internet service,No internet service,No internet service,No internet service,No internet service,No internet service,Month-to-month,No,Credit card (automatic),45.96,1193.39,No
9141-MCCFJ,Female,0,No,No,68,Yes,No,DSL,No,No,No,Yes,Yes,No,One year,No,Bank transfer (automatic),73.92,4977.28,No
9281-RAJJG,Male,0,No,No,64,Yes,Yes,No,No internet service,No internet service,No internet service,No internet service,No internet service,No internet service,Month-to-month,No,Credit card (automatic),43.6,2920.01,No
7855-UNCFQ,Male,0,No,No,51,Yes,No,Fiber optic,Yes,No,No,No,No,Yes,One year,Yes,Credit card (automatic),96.86,5046.75,No
9638-UJEDO,Male,0,No,No,7,Yes,No,Fiber optic,No,Yes,No,Yes,No,Yes,One year,Yes,Credit card (automatic),96.84,694.21,No
6371-IQQVN,Male,0,No,No,14,Yes,No,No,No internet service,No internet service,No internet service,No internet service,No internet service,No internet service,One year,Yes,Electronic check,29.36,402.12,Yes
2244-XZOJJ,Female,0,No,No,10,Yes,No,DSL,No,Yes,No,No,No,Yes,Two year,No,Bank transfer (automatic),77.33,784.33,No
9500-VZCLT,Male,0,No,No,4,Yes,No,DSL,Yes,No,No,No,No,No,Month-to-month,Yes,Electronic check,58.97,227.15,Yes
3913-FFWPI,Male,1,Yes,Yes,72,Yes,Yes,No,No internet service,No internet service,No internet service,No internet service,No internet service,No internet service,Two year,No,Electronic check,41.43,2976.63,No
2502-OSBBF,Female,0,Yes,No,66,Yes,No,No,No internet service,No internet service,No internet service,No internet service,No internet service,No internet service,Two year,Yes,Electronic check,27.34,1843.95,No
9730-BGKGS,Male,0,No,No,67,Yes,Yes,No,No internet service,No internet service,No internet service,No internet service,No internet service,No internet service,Month-to-month,No,Bank transfer (automatic),42.06,2909.38,No
3835-IERWO,Female,0,No,No,22,Yes,No,DSL,Yes,No,No,No,Yes,No,Two year,Yes,Credit card (automatic),70.65,1600.36,No
4967-ZWVTC,Male,0,No,No,8,Yes,No,Fiber optic,Yes,No,No,No,No,No,One year,No,Bank transfer (automatic),82.57,636.27,No
2037-NEXHZ,Female,0,Yes,Yes,64,Yes,No,Fiber optic,No,No,Yes,No,No,Yes,Two year,No,Bank transfer (automatic),91.8,5802.31,No
5845-SCGIQ,Female,0,No,No,6,Yes,No,No,No internet service,No internet service,No internet service,No internet service,No internet service,No internet service,Month-to-month,No,Electronic check,28.18,166.33,Yes
6938-FBBFE,Female,1,Yes,No,20,Yes,Yes,DSL,No,No,Yes,No,No,No,Month-to-month,No,Electronic check,72.52,1455.87,No
6034-HLNRC,Female,1,No,No,9,Yes,Yes,No,No internet service,No internet service,No internet service,No internet service,No internet service,No internet service,Month-to-month,Yes,Mailed check,41.14,364.11,No
1777-QXKPH,Male,0,Yes,No,27,Yes,Yes,DSL,No,Yes,No,Yes,No,Yes,One year,Yes,Mailed check,85.16,2292.22,No
6125-IKVLT,Male,0,Yes,Yes,25,Yes,Yes,DSL,No,No,Yes,No,No,No,One year,Yes,Bank transfer (automatic),73.75,1808.56,No
6004-IXDOZ,Female,0,Yes,No,70,Yes,Yes,DSL,No,No,Yes,Yes,Yes,Yes,One year,Yes,Mailed check,97.74,6681.37,No
2610-DYWPI,Female,0,No,No,43,Yes,Yes,DSL,No,Yes,No,Yes,No,Yes,Two year,Yes,Mailed check,89.76,3730.1,No
1902-KRYXU,Male,1,Yes,Yes,2,Yes,No,DSL,No,No,Yes,Yes,Yes,Yes,Month-to-month,Yes,Credit card (automatic),83.52,164.73,No
1375-KCSJQ,Male,0,Yes,Yes,62,Yes,No,DSL,Yes,Yes,No,Yes,No,No,Month-to-month,Yes,Credit card (automatic),74.1,4480.19,No
2528-AXXWS,Male,0,Yes,No,2,Yes,No,Fiber optic,No,Yes,Yes,No,Yes,Yes,Month-to-month,Yes,Credit card (automatic),105.99,207.79,Yes
3169-EGUDN,Male,0,Yes,Yes,8,Yes,No,Fiber optic,Yes,No,Yes,Yes,Yes,No,Month-to-month,No,Electronic check,105.14,827.6,Yes
7838-VYDCV,Male,0,No,No,71,Yes,No,No,No internet service,No internet service,No internet service,No internet service,No internet service,No internet service,Two year,Yes,Electronic check,27.32,1861.34,No
6830-YKQJQ,Female,1,Yes,Yes,3,Yes,No,DSL,No,Yes,No,No,No,No,Month-to-month,No,Electronic check,62.02,179.44,No
7249-YAFHO,Male,0,Yes,Yes,60,Yes,No,Fiber optic,No,Yes,No,Yes,No,No,Two year,Yes,Credit card (automatic),82.51,4803.48,No
2414-TAODU,Male,0,No,No,15,Yes,Yes,DSL,No,Yes,Yes,No,No,No,Month-to-month,Yes,Mailed check,79.84,1205.82,No
6762-MTOLS,Female,0,No,No,6,No,No phone service,Fiber optic,Yes,No,No,Yes,No,No,Month-to-month,Yes,Bank transfer (automatic),73.36,436.85,Yes
3587-DBQMV,Female,0,No,No,28,Yes,No,No,No internet service,No internet service,No internet service,No internet service,No internet service,No internet service,Month-to-month,Yes,Electronic check,26.0,692.87,Yes
6564-QTGEM,Female,0,No,No,13,Yes,Yes,Fiber optic,No,Yes,No,No,Yes,No,Month-to-month,No,Bank transfer (automatic),99.02,1347.58,Yes
3000-DJHES,Female,0,No,No,65,Yes,No,No,No internet service,No internet service,No internet service,No internet service,No internet service,No internet service,One year,Yes,Bank transfer (automatic),31.42,2016.05,No
1732-IZWUA,Male,0,Yes,No,6,Yes,No,No,No internet service,No internet service,No internet service,No internet service,No internet service,No internet service,Month-to-month,No,Bank transfer (automatic),34.32,205.0,No
3415-XYKUB,Female,1,No,No,13,Yes,Yes,DSL,Yes,No,Yes,No,No,Yes,One year,No,Electronic check,91.83,1161.01,No
1469-EYEAU,Female,0,No,No,66,Yes,Yes,DSL,No,No,No,No,Yes,No,Two year,No,Electronic check,76.07,4964.28,No
5922-XGYKZ,Male,0,No,No,64,No,No phone service,Fiber optic,No,No,No,No,No,No,One year,Yes,Bank transfer (automatic),63.27,4012.0,No
6588-BPGCN,Female,0,No,No,3,No,No phone service,Fiber optic,Yes,No,No,No,No,No,Month-to-month,Yes,Bank transfer (automatic),62.17,184.59,No
9274-IKRFC,Female,0,No,No,67,Yes,Yes,Fiber optic,Yes,No,Yes,Yes,No,Yes,Two year,No,Mailed check,109.59,7026.86,No
7372-IVLDN,Male,0,Yes,Yes,65,Yes,No,Fiber optic,No,No,No,No,Yes,Yes,Month-to-month,No,Mailed check,97.55,6574.77,No
9063-NYLWJ,Male,1,Yes,No,3,Yes,Yes,DSL,No,Yes,Yes,No,No,Yes,Month-to-month,No,Electronic check,89.92,256.96,Yes
4893-BKYKD,Male,0,No,No,65,Yes,Yes,No,No internet service,No internet service,No internet service,No internet service,No internet service,No internet service,Two year,Yes,Mailed check,46.29,3057.86,No
3261-VACCS,Male,0,No,Yes,5,No,No phone service,DSL,No,Yes,Yes,No,Yes,Yes,Month-to-month,No,Electronic check,76.61,371.04,Yes
4170-OAHVH,Male,0,Yes,Yes,1,No,No phone service,DSL,No,No,Yes,No,No,No,Month-to-month,Yes,Credit card (automatic),42.23,44.18,Yes
8327-XCPAN,Female,0,No,No,70,Yes,Yes,Fiber optic,Yes,Yes,Yes,No,No,No,Two year,No,Electronic check,103.12,7057.9,No
4396-ITSWN,Male,1,No,No,46,Yes,Yes,Fiber optic,No,Yes,No,No,Yes,Yes,Two year,Yes,Credit card (automatic),113.03,5107.43,No
6286-SOYOI,Female,0,Yes,Yes,21,Yes,Yes,Fiber optic,No,No,Yes,No,No,Yes,One year,Yes,Electronic check,104.53,2204.41,Yes
2999-GVTYG,Female,1,No,Yes,72,Yes,No,No,No internet service,No internet service,No internet service,No internet service,No internet service,No internet service,Two year,Yes,Electronic check,32.9,2387.22,No
8217-DGJCT,Female,1,No,No,38,No,No phone service,Fiber optic,No,No,Yes,No,No,Yes,Two year,No,Bank transfer (automatic),79.82,3047.07,No
8769-FBOSD,Female,0,Yes,Yes,61,Yes,Yes,DSL,No,No,No,Yes,No,No,Two year,Yes,Bank transfer (automatic),80.97,4773.55,No
7452-MVGNN,Male,0,No,No,57,Yes,No,DSL,Yes,No,Yes,No,No,Yes,One year,Yes,Credit card (automatic),74.37,4197.19,No
9662-TKUJR,Male,1,Yes,Yes,7,Yes,No,DSL,No,Yes,No,No,No,No,Month-to-month,Yes,Bank transfer (automatic),61.64,419.92,No
3732-JRRRW,Female,0,Yes,Yes,69,No,No phone service,DSL,No,No,No,Yes,No,Yes,Two year,No,Bank transfer (automatic),58.86,3890.26,No
3602-NENAT,Female,0,Yes,Yes,1,Yes,No,No,No internet service,No internet service,No internet service,No internet service,No internet service,No internet service,Month-to-month,Yes,Electronic check,37.58,36.63,Yes
9633-FGFLN,Female,0,No,No,8,Yes,Yes,No,No internet service,No internet service,No internet service,No internet service,No internet service,No internet service,Month-to-month,Yes,Credit card (automatic),44.66,361.57,Yes
6617-LSRVM,Male,0,Yes,No,66,Yes,No,Fiber optic,No,No,No,No,No,Yes,Month-to-month,No,Bank transfer (automatic),79.08,5159.53,No
7709-QNPKI,Female,0,Yes,Yes,50,Yes,Yes,Fiber optic,No,No,Yes,No,No,No,One year,Yes,Electronic check,91.18,4742.95,No
4584-MGHIO,Male,0,No,No,63,Yes,No,Fiber optic,No,No,Yes,No,Yes,No,One year,No,Bank transfer (automatic),96.08,6126.63,No
6484-DGQCM,Female,0,Yes,Yes,1,Yes,Yes,DSL,No,No,Yes,Yes,Yes,Yes,Month-to-month,No,Credit card (automatic),108.03,106.61,No
6646-RSPEN,Female,1,No,No,66,Yes,Yes,DSL,No,Yes,Yes,Yes,Yes,Yes,Two year,Yes,Mailed check,104.46,7210.04,No
9004-HSZCR,Male,0,No,No,24,Yes,Yes,Fiber optic,No,No,No,No,Yes,No,Month-to-month,Yes,Electronic check,93.72,2333.25,Yes
5769-ZKXYL,Female,0,No,No,44,Yes,No,DSL,No,No,Yes,Yes,No,Yes,Month-to-month,Yes,Credit card (automatic),74.47,3254.65,No
6295-TVQUQ,Male,0,No,No,35,Yes,No,No,No internet service,No internet service,No internet service,No internet service,No internet service,No internet service,One year,No,Credit card (automatic),32.34,1164.27,No
7953-GFPJI,Male,0,Yes,No,37,Yes,No,Fiber optic,No,Yes,No,No,No,No,Month-to-month,No,Bank transfer (automatic),85.25,3208.01,No
6868-ULXPL,Female,0,Yes,Yes,60,Yes,No,DSL,Yes,Yes,Yes,Yes,Yes,Yes,One year,No,Electronic check,100.71,6029.89,No
7992-GSXBY,Female,0,No,No,64,Yes,No,Fiber optic,Yes,No,No,No,Yes,No,One year,Yes,Mailed check,92.94,6007.36,No
6750-TVBCU,Female,0,No,No,1,Yes,Yes,Fiber optic,No,No,No,No,Yes,No,Month-to-month,Yes,Mailed check,99.39,100.04,Yes
1616-CTOQE,Female,0,Yes,No,63,Yes,No,Fiber optic,No,Yes,No,Yes,No,Yes,Two year,No,Bank transfer (automatic),95.01,5824.99,No
5600-DNTUF,Male,0,No,No,67,Yes,No,No,No internet service,No internet service,No internet service,No internet service,No internet service,No internet service,Two year,Yes,Credit card (automatic),38.09,2475.64,No
3742-MKBQT,Female,1,No,No,51,Yes,No,DSL,No,No,Yes,No,Yes,No,One year,Yes,Electronic check,75.19,3891.44,No
8141-RBCQN,Female,0,No,No,10,Yes,Yes,Fiber optic,No,Yes,No,No,No,No,Month-to-month,Yes,Electronic check,95.51,941.55,Yes
1550-HUFHA,Male,1,No,Yes,17,Yes,No,Fiber optic,No,No,Yes,No,No,Yes,Month-to-month,Yes,Electronic check,92.39,1499.5,Yes
6466-WLGUN,Female,1,No,No,30,No,No phone service,Fiber optic,No,No,No,Yes,Yes,No,One year,Yes,Bank transfer (automatic),80.92,2490.19,No
7557-ZMYIH,Male,0,No,No,1,Yes,Yes,DSL,No,No,No,No,No,No,Month-to-month,No,Mailed check,68.89,67.38,Yes
1258-IPXBX,Female,0,No,No,72,Yes,No,DSL,No,No,No,Yes,No,No,Two year,Yes,Mailed check,62.35,4652.68,No
8938-WYVKS,Male,0,Yes,No,14,No,No phone service,DSL,No,No,Yes,No,No,No,Month-to-month,No,Mailed check,50.6,677.32,Yes
9122-DQTKS,Male,1,No,No,12,Yes,Yes,DSL,No,No,No,Yes,No,Yes,Two year,Yes,Electronic check,84.57,1019.2,No
5897-QBPDN,Male,0,No,No,8,Yes,Yes,No,No internet service,No internet service,No internet service,No internet service,No internet service,No internet service,Month-to-month,Yes,Electronic check,37.6,291.47,Yes
6718-KTYDN,Female,0,No,No,8,Yes,No,No,No internet service,No internet service,No internet service,No internet service,No internet service,No internet service,Month-to-month,Yes,Credit card (automatic),32.75,260.08,No
1697-ECWJI,Male,0,No,No,43,Yes,Yes,Fiber optic,No,Yes,Yes,No,Yes,No,One year,Yes,Bank transfer (automatic),113.67,4826.26,No
4563-OWRLW,Male,0,Yes,No,72,Yes,No,Fiber optic,No,No,Yes,Yes,No,No,Two year,No,Bank transfer (automatic),79.57,5708.54,No
9995-DXKKF,Female,0,No,No,15,No,No phone service,Fiber optic,No,Yes,No,No,Yes,Yes,Month-to-month,No,Electronic check,100.35,1519.58,Yes
7074-KQGTA,Female,0,No,Yes,63,No,No phone service,Fiber optic,Yes,No,Yes,No,No,No,One year,No,Electronic check,81.0,5083.12,No
1366-VVCUO,Male,0,Yes,No,65,Yes,Yes,Fiber optic,No,Yes,No,No,Yes,No,One year,No,Electronic check,100.81,6653.39,No
2639-PBMJD,Male,0,Yes,No,17,Yes,Yes,Fiber optic,No,No,Yes,Yes,Yes,No,One year,Yes,Credit card (automatic),107.88,1782.03,Yes
5543-HUPEF,Male,0,No,No,2,Yes,No,Fiber optic,Yes,No,No,No,Yes,No,Month-to-month,Yes,Electronic check,93.18,185.52,No
2643-LHONR,Male,0,Yes,Yes,36,Yes,No,Fiber optic,No,Yes,No,No,No,Yes,Month-to-month,No,Electronic check,97.43,3353.99,No
5006-NQRML,Female,0,Yes,No,9,Yes,No,Fiber optic,No,Yes,Yes,No,Yes,Yes,Month-to-month,No,Mailed check,106.77,963.43,No
8116-JUPAA,Female,0,Yes,No,7,Yes,No,No,No internet service,No internet service,No internet service,No internet service,No internet service,No internet service,Month-to-month,No,Electronic check,30.81,213.95,Yes
6343-HPQSQ,Female,0,No,No,12,Yes,No,Fiber optic,No,Yes,Yes,No,No,Yes,Month-to-month,No,Mailed check,95.88,1167.92,Yes
6012-FTNRC,Male,1,No,No,65,Yes,No,DSL,No,Yes,No,No,Yes,Yes,One year,Yes,Bank transfer (automatic),84.26,5304.57,No
7726-UEDAP,Female,0,Yes,No,67,Yes,Yes,Fiber optic,No,No,Yes,Yes,No,No,One year,No,Credit card (automatic),101.47,6639.72,No
1880-MYSHC,Female,0,No,Yes,71,Yes,No,Fiber optic,No,No,Yes,No,No,No,One year,Yes,Bank transfer (automatic),82.83,5990.12,No
4448-JMDBB,Female,0,No,No,50,Yes,No,DSL,No,Yes,No,No,No,Yes,Two year,Yes,Mailed check,68.72,3384.78,No
3016-YQMWT,Female,0,Yes,Yes,39,No,No phone service,DSL,Yes,No,No,No,No,No,Two year,Yes,Bank transfer (automatic),51.06,2070.26,No
5306-GBXGN,Female,0,Yes,Yes,34,Yes,Yes,Fiber optic,No,Yes,No,No,No,No,Month-to-month,No,Electronic check,99.8,3277.92,No
3187-EYMNK,Female,0,No,No,63,Yes,Yes,Fiber optic,Yes,Yes,No,Yes,No,No,One year,Yes,Credit card (automatic),113.56,7300.19,No
2701-FHZQI,Male,0,Yes,Yes,44,Yes,No,No,No internet service,No internet service,No internet service,No internet service,No internet service,No internet service,Month-to-month,No,Mailed check,32.9,1395.87,No
7447-NWJFR,Female,0,No,Yes,67,Yes,No,Fiber optic,No,Yes,No,No,Yes,Yes,Month-to-month,Yes,Credit card (automatic),103.18,6812.7,No
3484-GDJJO,Female,0,Yes,No,66,Yes,Yes,DSL,Yes,No,No,Yes,Yes,Yes,One year,Yes,Bank transfer (automatic),93.19,5922.05,No
6636-MPVJN,Female,0,Yes,Yes,66,Yes,No,Fiber optic,Yes,Yes,Yes,Yes,Yes,No,Two year,Yes,Electronic check,112.0,7373.55,No
7697-KEXNX,Male,0,No,No,67,Yes,No,DSL,No,No,No,No,No,Yes,Two year,Yes,Electronic check,62.2,4246.07,No
2926-UKGTR,Female,0,Yes,No,59,No,No phone service,Fiber optic,No,No,No,Yes,Yes,Yes,Two year,No,Mailed check,87.67,5028.06,No
5947-LHMGU,Female,0,No,No,64,Yes,Yes,DSL,Yes,Yes,Yes,No,No,No,One year,Yes,Bank transfer (automatic),87.6,5882.48,No
8284-QCSMP,Male,1,Yes,Yes,69,Yes,No,DSL,No,No,Yes,Yes,No,Yes,One year,Yes,Electronic check,80.2,5420.54,No
5023-ZDJII,Male,0,Yes,No,63,Yes,No,DSL,Yes,Yes,No,No,Yes,Yes,Month-to-month,Yes,Electronic check,86.1,5501.57,No
1683-NFYJT,Female,0,Yes,Yes,16,Yes,No,DSL,No,No,No,Yes,No,Yes,Month-to-month,Yes,Bank transfer (automatic),72.23,1136.06,Yes
1607-DAPKA,Female,0,Yes,Yes,67,Yes,No,DSL,No,No,No,No,No,Yes,One year,No,Electronic check,68.55,4496.58,No
8538-JRRBC,Female,0,Yes,No,17,Yes,Yes,No,No internet service,No internet service,No internet service,No internet service,No internet service,No internet service,One year,No,Mailed check,43.11,714.79,No
1577-YLUHA,Male,0,Yes,Yes,68,Yes,Yes,DSL,Yes,No,Yes,No,No,No,Two year,Yes,Bank transfer (automatic),77.87,5271.02,No
9896-LPYIR,Female,0,No,Yes,12,Yes,Yes,DSL,No,No,Yes,No,Yes,Yes,One year,No,Mailed check,90.76,1135.03,No
7518-XETJV,Male,0,No,No,5,Yes,Yes,No,No internet service,No internet service,No internet service,No internet service,No internet service,No internet service,Month-to-month,Yes,Credit card (automatic),42.14,209.44,Yes
4872-RUYLK,Male,0,Yes,No,4,Yes,No,Fiber optic,Yes,No,No,No,No,No,Month-to-month,Yes,Credit card (automatic),83.0,339.86,Yes
5095-JFLZJ,Male,0,No,No,72,Yes,No,Fiber optic,No,Yes,Yes,No,No,Yes,Two year,Yes,Credit card (automatic),94.58,6752.37,No
6833-SPBBD,Male,0,Yes,No,17,Yes,No,DSL,No,Yes,Yes,No,Yes,No,One year,Yes,Credit card (automatic),82.41,1423.52,No
9748-NHCFU,Male,0,Yes,No,8,Yes,Yes,DSL,No,No,No,Yes,No,No,Month-to-month,Yes,Credit card (automatic),75.49,589.19,Yes
2744-TPBEP,Male,0,No,No,44,Yes,No,Fiber optic,No,No,Yes,Yes,Yes,No,Month-to-month,No,Electronic check,93.86,4296.7,No
6077-EQZFK,Male,0,Yes,Yes,8,Yes,Yes,DSL,No,No,No,No,No,Yes,Month-to-month,No,Mailed check,74.02,620.11,No
4686-ISSKT,Male,1,No,No,60,Yes,Yes,DSL,Yes,No,No,No,Yes,No,Two year,Yes,Bank transfer (automatic),81.88,4988.37,No
2024-YGZFT,Female,0,Yes,Yes,51,Yes,Yes,Fiber optic,Yes,Yes,No,No,Yes,Yes,Month-to-month,Yes,Bank transfer (automatic),111.62,5469.6,No
1180-RXRFJ,Male,0,No,No,48,Yes,No,DSL,No,No,No,No,No,Yes,One year,Yes,Electronic check,63.87,2954.32,No
8159-VODVN,Male,0,No,No,61,Yes,No,Fiber optic,No,No,Yes,Yes,Yes,No,One year,Yes,Mailed check,97.7,6041.03,No
6614-EZKXM,Female,0,Yes,No,10,Yes,Yes,DSL,Yes,No,No,No,No,Yes,Month-to-month,No,Credit card (automatic),78.63,749.83,No
5332-SUDNT,Male,0,Yes,Yes,14,Yes,No,DSL,No,No,Yes,No,No,Yes,Month-to-month,Yes,Credit card (automatic),70.84,955.74,No
7395-LPCDD,Female,1,No,Yes,69,Yes,No,Fiber optic,No,Yes,No,No,Yes,No,One year,Yes,Bank transfer (automatic),94.1,6537.63,No
4213-UEGRI,Male,0,No,No,67,Yes,Yes,Fiber optic,No,Yes,No,Yes,No,No,One year,Yes,Electronic check,102.65,7115.68,No
3606-UCCMQ,Male,0,Yes,Yes,52,Yes,No,Fiber optic,No,No,Yes,No,No,No,Two year,Yes,Mailed check,78.12,3963.45,No
3404-VVWKT,Female,0,Yes,Yes,63,No,No phone service,DSL,No,Yes,Yes,Yes,No,Yes,Month-to-month,Yes,Electronic check,77.23,4925.51,No
6217-LGQJJ,Female,0,Yes,No,61,Yes,No,DSL,Yes,Yes,Yes,No,Yes,No,Two year,Yes,Bank transfer (automatic),86.67,5192.1,No
4518-ERIHB,Female,0,No,No,68,Yes,No,DSL,No,Yes,No,Yes,No,No,Two year,Yes,Electronic check,66.19,4491.83,No
9532-CUNWX,Female,0,No,No,36,No,No phone service,Fiber optic,Yes,Yes,No,Yes,No,Yes,Month-to-month,Yes,Credit card (automatic),93.02,3191.82,No
6613-CJLNA,Female,0,Yes,Yes,47,Yes,Yes,Fiber optic,Yes,Yes,No,Yes,No,Yes,One year,Yes,Electronic check,118.75,5771.9,No
6539-DFVQC,Male,0,Yes,No,21,Yes,Yes,Fiber optic,Yes,Yes,No,No,No,Yes,One year,No,Mailed check,106.04,2328.26,No
4545-LYLHC,Male,0,No,No,42,Yes,No,Fiber optic,No,Yes,Yes,No,No,No,Two year,No,Bank transfer (automatic),88.5,3650.99,No
5578-WYGRE,Male,1,No,No,64,No,No phone service,Fiber optic,No,No,Yes,No,No,Yes,Two year,No,Electronic check,82.8,5479.01,No
2220-GNFIZ,Male,0,No,No,14,Yes,Yes,Fiber optic,Yes,Yes,Yes,No,Yes,Yes,One year,No,Credit card (automatic),118.75,1597.17,No
2596-CLOXA,Female,0,Yes,No,67,Yes,Yes,DSL,Yes,No,No,No,Yes,No,Two year,Yes,Credit card (automatic),84.07,5885.62,No
1026-NWKHX,Female,0,No,No,62,Yes,No,DSL,Yes,No,Yes,Yes,No,No,Two year,No,Credit card (automatic),79.01,5138.68,No
1757-TAKRL,Male,0,No,No,67,Yes,Yes,DSL,No,Yes,No,Yes,Yes,No,Two year,Yes,Bank transfer (automatic),86.05,5487.71,No
9904-GMDPA,Female,1,Yes,Yes,1,Yes,Yes,DSL,No,No,Yes,Yes,Yes,Yes,Month-to-month,Yes,Mailed check,98.89,95.34,No
7898-RRBKY,Female,1,No,No,61,Yes,No,No,No internet service,No internet service,No internet service,No internet service,No internet service,No internet service,Two year,Yes,Credit card (automatic),25.72,1574.1,No
9175-DHNNO,Male,0,No,Yes,7,Yes,No,No,No internet service,No internet service,No internet service,No internet service,No internet service,No internet service,Month-to-month,Yes,Electronic check,33.95,239.11,No
5911-CKOBX,Male,0,No,No,6,Yes,Yes,DSL,Yes,No,No,Yes,No,No,Month-to-month,Yes,Mailed check,77.96,471.83,No
3651-KHIKP,Male,0,No,No,1,Yes,No,DSL,No,Yes,Yes,Yes,Yes,Yes,Month-to-month,No,Electronic check,95.94,91.87,Yes
8655-HPCAS,Male,0,Yes,Yes,6,Yes,No,DSL,Yes,Yes,Yes,No,No,No,Month-to-month,Yes,Electronic check,76.51,474.84,No
4779-PAUGU,Male,0,Yes,No,31,No,No phone service,No,No internet service,No internet service,No internet service,No internet service,No internet service,No internet service,Month-to-month,Yes,Bank transfer (automatic),18.38,590.3,No
1543-ZSTQF,Female,0,Yes,Yes,57,Yes,No,No,No internet service,No internet service,No internet service,No internet service,No internet service,No internet service,Two year,Yes,Electronic check,31.93,1873.52,No
3141-IRCYL,Male,0,No,No,14,Yes,No,Fiber optic,No,Yes,No,Yes,No,Yes,Month-to-month,Yes,Mailed check,97.67,1397.99,Yes
1869-DBWOC,Male,1,Yes,Yes,2,Yes,No,Fiber optic,Yes,No,No,Yes,Yes,No,Month-to-month,No,Credit card (automatic),103.61,197.29,Yes
7506-ZDKYM,Female,0,No,Yes,11,Yes,No,Fiber optic,No,Yes,No,Yes,Yes,Yes,Month-to-month,Yes,Mailed check,110.72,1258.19,No
3869-DIGPQ,Female,0,Yes,No,5,Yes,No,DSL,No,Yes,Yes,No,Yes,No,Month-to-month,Yes,Electronic check,75.6,359.38,No
7520-SUIEU,Female,1,No,No,1,Yes,No,DSL,No,No,No,No,No,Yes,Month-to-month,Yes,Mailed check,55.6,53.77,Yes
3303-ELTTO,Male,0,No,No,11,Yes,No,Fiber optic,No,Yes,No,Yes,Yes,No,One year,No,Bank transfer (automatic),99.71,1055.7,No
9356-LUNDV,Male,0,No,No,57,Yes,Yes,No,No internet service,No internet service,No internet service,No internet service,No internet service,No internet service,One year,No,Bank transfer (automatic),45.45,2646.84,No
4799-FZOTV,Female,0,No,No,69,No,No phone service,Fiber optic,No,No,No,Yes,Yes,No,Two year,Yes,Electronic check,82.06,5474.48,No
4147-RQCKL,Male,0,No,No,60,Yes,Yes,No,No internet service,No internet service,No internet service,No internet service,No internet service,No internet service,One year,No,Electronic check,38.59,2342.31,No
6345-WMIGO,Male,1,Yes,No,3,Yes,No,No,No internet service,No internet service,No internet service,No internet service,No internet service,No internet service,Month-to-month,No,Bank transfer (automatic),27.03,78.15,No
6655-DWTHX,Female,0,Yes,No,9,Yes,Yes,DSL,Yes,No,No,Yes,No,Yes,Month-to-month,Yes,Electronic check,88.33,809.7,Yes
2448-DOEOJ,Female,0,Yes,No,72,Yes,No,DSL,Yes,Yes,Yes,Yes,No,Yes,Month-to-month,Yes,Credit card (automatic),96.77,7245.65,No
8900-OAFVW,Male,0,No,No,9,Yes,No,Fiber optic,No,Yes,Yes,No,Yes,Yes,Month-to-month,Yes,Electronic check,95.1,879.2,No
8434-CYCMA,Male,1,Yes,Yes,66,Yes,No,Fiber optic,Yes,No,No,No,No,No,One year,Yes,Bank transfer (automatic),77.97,5039.41,No
1535-INXXH,Male,1,No,No,7,Yes,No,Fiber optic,No,No,Yes,No,No,Yes,Month-to-month,No,Credit card (automatic),89.43,639.95,No
3122-GYJIZ,Male,0,Yes,Yes,32,Yes,No,DSL,No,No,No,No,No,No,One year,Yes,Credit card (automatic),57.26,1922.96,No
5151-OGQOI,Male,0,No,No,10,Yes,No,No,No internet service,No internet service,No internet service,No internet service,No internet service,No internet service,Month-to-month,Yes,Bank transfer (automatic),28.88,293.71,No
4916-LOCOT,Male,0,No,No,63,Yes,No,No,No internet service,No internet service,No internet service,No internet service,No internet service,No internet service,One year,Yes,Credit card (automatic),23.24,1409.55,No
7614-LWLBK,Male,0,No,No,62,Yes,No,DSL,No,No,No,Yes,Yes,No,Two year,No,Electronic check,70.47,4396.12,No
4677-IYRSP,Female,0,No,No,13,Yes,Yes,Fiber optic,No,No,No,No,Yes,No,One year,Yes,Electronic check,95.38,1229.23,No
8455-RRGCT,Female,0,Yes,Yes,7,Yes,No,No,No internet service,No internet service,No internet service,No internet service,No internet service,No internet service,Month-to-month,Yes,Bank transfer (automatic),30.57,207.43,Yes
4872-BFGUT,Female,0,Yes,No,56,Yes,No,DSL,Yes,No,No,Yes,Yes,Yes,Two year,Yes,Electronic check,93.07,5046.5,No
8392-ITMZZ,Male,0,No,No,8,Yes,Yes,Fiber optic,Yes,Yes,No,No,No,Yes,Month-to-month,No,Bank transfer (automatic),104.51,861.51,No
6575-DAOXW,Male,0,Yes,Yes,1,Yes,No,Fiber optic,Yes,No,No,No,No,Yes,Month-to-month,Yes,Mailed check,95.33,92.06,Yes
5972-SZSFD,Male,1,No,No,63,No,No phone service,DSL,No,No,No,Yes,No,No,Month-to-month,No,Bank transfer (automatic),45.64,3005.01,No
2519-ZKWVE,Male,0,No,No,1,Yes,Yes,DSL,Yes,No,Yes,Yes,Yes,Yes,Month-to-month,No,Bank transfer (automatic),110.67,115.49,No
1843-LUPYV,Male,0,No,No,1,Yes,Yes,Fiber optic,No,No,Yes,No,Yes,Yes,Month-to-month,Yes,Mailed check,110.54,114.87,No
5897-UKDCM,Female,1,Yes,No,65,Yes,No,Fiber optic,No,Yes,Yes,No,No,Yes,One year,No,Credit card (automatic),93.33,5874.57,No
8744-KWJRJ,Female,0,No,No,50,Yes,Yes,Fiber optic,No,No,Yes,No,Yes,Yes,Two year,No,Mailed check,113.99,5636.66,No
6593-LNUDK,Female,0,Yes,No,72,Yes,Yes,DSL,No,No,No,No,No,Yes,Month-to-month,No,Credit card (automatic),79.6,5722.9,No
4442-HIYRT,Male,0,Yes,Yes,69,Yes,Yes,Fiber optic,Yes,Yes,No,Yes,Yes,No,Two year,Yes,Electronic check,118.75,8361.7,No
1170-PGRNJ,Female,0,Yes,Yes,22,Yes,Yes,Fiber optic,Yes,Yes,No,No,No,No,One year,No,Mailed check,98.82,2125.48,No
7829-ALSSE,Male,0,Yes,Yes,47,Yes,No,Fiber optic,No,No,No,Yes,Yes,Yes,One year,Yes,Electronic check,101.99,4620.79,No
7680-BNYUM,Male,0,Yes,Yes,67,Yes,Yes,Fiber optic,No,Yes,Yes,Yes,Yes,No,Two year,Yes,Electronic check,113.2,7679.53,No
8255-WXLJB,Male,0,Yes,Yes,12,Yes,Yes,Fiber optic,Yes,Yes,Yes,No,No,No,Month-to-month,No,Mailed check,103.02,1242.07,Yes
4360-OXKJM,Female,0,No,No,16,No,No phone service,Fiber optic,No,No,No,Yes,Yes,Yes,Month-to-month,Yes,Electronic check,86.79,1389.98,No
4010-WVXBU,Female,0,Yes,Yes,68,Yes,Yes,Fiber optic,No,Yes,Yes,Yes,No,No,One year,Yes,Credit card (automatic),112.65,7326.12,No
1903-YTZDO,Male,0,No,No,2,Yes,No,No,No internet service,No internet service,No internet service,No internet service,No internet service,No internet service,Month-to-month,Yes,Mailed check,31.27,62.89,No
7872-ERAOX,Female,0,Yes,No,35,Yes,No,Fiber optic,No,No,No,Yes,Yes,Yes,One year,No,Electronic check,97.45,3315.15,Yes
3751-HEFYG,Female,0,Yes,No,51,Yes,No,Fiber optic,No,Yes,No,Yes,No,Yes,Two year,Yes,Electronic check,93.75,4740.2,No
3344-FPFHA,Male,0,No,No,69,Yes,Yes,DSL,Yes,No,No,No,Yes,Yes,Two year,Yes,Electronic check,93.43,6350.06,No
7572-VXVYJ,Male,0,No,No,5,Yes,Yes,Fiber optic,Yes,No,Yes,No,No,Yes,Month-to-month,Yes,Mailed check,110.46,556.03,No
5236-SRAPR,Male,0,Yes,Yes,60,Yes,Yes,Fiber optic,No,No,No,No,Yes,Yes,Two year,Yes,Mailed check,113.48,6713.84,No
4124-INKUP,Female,0,Yes,Yes,3,Yes,No,Fiber optic,No,No,No,Yes,Yes,No,Month-to-month,Yes,Electronic check,93.03,279.46,No
2480-DIMVA,Male,0,Yes,Yes,14,Yes,No,DSL,Yes,No,Yes,No,No,No,Two year,Yes,Credit card (automatic),68.75,998.31,No
7267-WGNVI,Female,1,Yes,Yes,4,Yes,Yes,DSL,No,Yes,Yes,Yes,Yes,Yes,Month-to-month,Yes,Bank transfer (automatic),111.2,457.5,Yes
9711-MYGDP,Male,0,No,Yes,72,Yes,Yes,DSL,Yes,No,No,No,Yes,Yes,One year,Yes,Electronic check,91.82,6868.37,No
9524-UGJZX,Female,0,No,No,64,Yes,No,Fiber optic,No,No,Yes,Yes,No,Yes,Month-to-month,No,Mailed check,96.92,6376.2,No
9673-UIZKZ,Male,0,Yes,No,24,Yes,No,DSL,No,Yes,No,No,Yes,No,One year,Yes,Credit card (automatic),71.06,1689.89,No
3162-JUMWY,Female,0,No,Yes,37,Yes,Yes,DSL,No,No,No,No,No,Yes,Two year,No,Bank transfer (automatic),77.29,2887.43,No
9684-QLKRB,Female,0,Yes,No,31,Yes,Yes,Fiber optic,Yes,Yes,No,No,Yes,Yes,Month-to-month,Yes,Electronic check,118.09,3714.59,No
3130-EGBMX,Female,0,No,Yes,10,No,No phone service,DSL,Yes,No,Yes,Yes,No,Yes,One year,Yes,Credit card (automatic),72.48,732.43,No
2524-QSIKK,Female,0,No,No,11,Yes,No,DSL,No,Yes,No,No,Yes,No,Month-to-month,Yes,Credit card (automatic),69.39,773.79,No
4421-YUROM,Male,0,No,No,64,Yes,No,Fiber optic,Yes,No,Yes,Yes,No,No,Month-to-month,No,Bank transfer (automatic),97.35,6314.22,No
9593-UEXMV,Female,1,No,No,12,Yes,No,Fiber optic,No,No,Yes,No,Yes,No,One year,Yes,Electronic check,89.59,1094.52,No
2249-GEIJK,Male,0,No,Yes,4,Yes,No,DSL,No,No,Yes,Yes,No,No,Month-to-month,Yes,Electronic check,72.38,294.97,Yes
2853-MRKHL,Male,1,Yes,Yes,4,Yes,No,DSL,Yes,No,No,No,No,Yes,Month-to-month,No,Bank transfer (automatic),71.61,288.97,No
4841-FEOAA,Female,0,No,Yes,38,Yes,Yes,DSL,No,No,Yes,No,No,Yes,Two year,Yes,Electronic check,80.48,2984.3,No
6311-CBNIR,Male,0,Yes,Yes,28,Yes,No,No,No internet service,No internet service,No internet service,No internet service,No internet service,No internet service,One year,No,Mailed check,28.24,791.86,No
3458-YDEST,Female,0,Yes,No,59,Yes,No,Fiber optic,No,Yes,Yes,No,No,No,One year,No,Electronic check,86.98,5119.63,Yes
2347-SMHYB,Female,1,No,No,23,Yes,Yes,No,No internet service,No internet service,No internet service,No internet service,No internet service,No internet service,One year,Yes,Electronic check,39.15,919.12,Yes
5512-NQRSB,Male,1,Yes,No,18,Yes,No,Fiber optic,Yes,No,No,No,No,Yes,Month-to-month,Yes,Mailed check,88.38,1649.75,Yes
5408-KDMQA,Female,0,No,No,8,Yes,Yes,No,No internet service,No internet service,No internet service,No internet service,No internet service,No internet service,Month-to-month,Yes,Bank transfer (automatic),49.3,409.07,No
2600-JKRLH,Male,0,No,No,27,Yes,No,No,No internet service,No internet service,No internet service,No internet service,No internet service,No internet service,Month-to-month,No,Electronic check,33.93,891.28,No
1832-FSBNT,Male,0,No,No,59,No,No phone service,DSL,No,No,No,Yes,No,No,Month-to-month,No,Electronic check,52.94,3115.42,Yes
5789-TYUFO,Male,0,No,No,67,Yes,No,DSL,No,No,No,Yes,Yes,Yes,One year,Yes,Electronic check,79.7,5539.04,No
7102-NMXRF,Female,0,Yes,No,23,Yes,Yes,Fiber optic,No,No,Yes,No,No,Yes,Month-to-month,No,Bank transfer (automatic),100.34,2330.07,Yes
9763-SABCG,Female,1,No,No,10,Yes,No,DSL,No,No,No,No,Yes,No,Month-to-month,Yes,Electronic check,68.43,698.3,Yes
8297-ZDDMG,Female,0,Yes,Yes,58,Yes,No,Fiber optic,No,No,Yes,Yes,No,No,Month-to-month,Yes,Mailed check,94.35,5605.11,No
9708-ISQLC,Female,0,No,No,12,Yes,Yes,DSL,No,No,No,No,Yes,Yes,One year,Yes,Electronic check,87.42,1004.52,No
1725-SOMZZ,Male,0,No,No,28,Yes,No,No,No internet service,No internet service,No internet service,No internet service,No internet service,No internet service,Month-to-month,Yes,Bank transfer (automatic),27.52,763.47,No
3166-ADBDD,Male,0,No,No,8,No,No phone service,Fiber optic,Yes,Yes,No,No,Yes,No,Month-to-month,Yes,Bank transfer (automatic),84.8,678.41,No
3535-OSDFD,Female,0,No,No,17,Yes,Yes,Fiber optic,Yes,No,Yes,No,No,No,Month-to-month,No,Credit card (automatic),97.48,1737.69,No
8372-VVOWT,Male,0,No,No,12,Yes,Yes,Fiber optic,Yes,No,Yes,No,No,Yes,One year,No,Credit card (automatic),116.9,1455.18,No
6578-NPCNY,Male,1,Yes,No,65,Yes,Yes,Fiber optic,No,Yes,No,Yes,Yes,Yes,Two year,Yes,Credit card (automatic),118.75,8080.15,No
7094-XVCVU,Male,0,Yes,No,10,Yes,No,Fiber optic,No,No,No,Yes,No,Yes,Month-to-month,Yes,Credit card (automatic),88.93,907.89,Yes
8268-CPZXM,Female,0,Yes,No,23,Yes,Yes,Fiber optic,Yes,Yes,No,No,No,Yes,Month-to-month,No,Credit card (automatic),108.67,2495.01,No
8528-HWZZX,Female,0,No,No,17,Yes,No,Fiber optic,Yes,No,No,Yes,No,No,Month-to-month,Yes,Electronic check,91.05,1622.83,Yes
5899-OMGKK,Male,0,No,No,33,Yes,No,Fiber optic,No,No,Yes,No,Yes,Yes,Two year,Yes,Bank transfer (automatic),100.44,3353.36,Yes
6666-PNOSE,Male,0,No,No,5,Yes,No,Fiber optic,No,No,No,No,No,No,Month-to-month,Yes,Mailed check,74.56,374.51,No
8697-SGYLU,Female,0,No,No,49,Yes,No,Fiber optic,No,No,Yes,No,No,Yes,Two year,Yes,Electronic check,84.18,4328.35,No
8864-ETHQF,Female,0,No,No,8,Yes,No,Fiber optic,Yes,No,No,Yes,No,Yes,Month-to-month,No,Mailed check,101.27,814.32,No
6613-WQMMP,Male,0,Yes,Yes,14,Yes,No,Fiber optic,No,No,No,No,Yes,No,One year,Yes,Electronic check,90.58,1229.76,No
7166-JCXTW,Female,0,Yes,Yes,57,Yes,No,DSL,No,No,No,No,No,No,One year,Yes,Electronic check,54.2,3064.3,No
4650-XWQVP,Male,0,Yes,Yes,3,Yes,Yes,Fiber optic,No,No,No,Yes,No,Yes,One year,Yes,Mailed check,105.2,316.48,Yes
1768-TFYQQ,Male,1,No,Yes,8,Yes,No,No,No internet service,No internet service,No internet service,No internet service,No internet service,No internet service,Month-to-month,No,Bank transfer (automatic),26.77,221.4,Yes
3053-HPKBA,Female,0,Yes,Yes,59,Yes,Yes,DSL,Yes,Yes,No,No,No,Yes,Two year,Yes,Credit card (automatic),87.47,5155.83,No
1816-OABSM,Female,1,No,No,9,Yes,Yes,DSL,No,No,No,Yes,Yes,No,Month-to-month,No,Electronic check,82.97,757.23,Yes
8829-KHEJU,Male,0,No,No,33,Yes,No,No,No internet service,No internet service,No internet service,No internet service,No internet service,No internet service,Month-to-month,Yes,Bank transfer (automatic),23.33,803.53,No
3267-DGDAK,Female,0,Yes,No,55,Yes,No,Fiber optic,Yes,No,Yes,No,Yes,No,One year,Yes,Electronic check,100.26,5666.35,No
4783-BTSGV,Female,1,Yes,No,66,Yes,Yes,Fiber optic,No,Yes,No,No,Yes,No,Month-to-month,No,Bank transfer (automatic),98.29,6496.13,No
1960-XRDGY,Female,1,Yes,Yes,35,Yes,No,DSL,No,Yes,No,Yes,Yes,Yes,One year,No,Bank transfer (automatic),96.59,3346.04,No
2862-TEEIB,Female,0,Yes,Yes,67,No,No phone service,Fiber optic,No,Yes,Yes,No,Yes,Yes,Two year,Yes,Mailed check,94.93,6447.53,No
9050-YIOUW,Female,0,No,No,16,Yes,No,Fiber optic,Yes,No,Yes,Yes,No,Yes,One year,Yes,Electronic check,99.36,1667.0,No
2077-NDPFZ,Male,0,Yes,Yes,68,No,No phone service,No,No internet service,No internet service,No internet service,No internet service,No internet service,No internet service,One year,No,Credit card (automatic),20.4,1407.65,No
9642-ZHUEO,Male,0,No,No,63,Yes,No,No,No internet service,No internet service,No internet service,No internet service,No internet service,No internet service,Two year,Yes,Electronic check,30.34,1854.46,No
4970-VZQIK,Male,0,No,No,62,Yes,Yes,No,No internet service,No internet service,No internet service,No internet service,No internet service,No internet service,Two year,No,Electronic check,45.33,2725.23,No
7806-XMMYZ,Male,0,Yes,No,70,Yes,No,DSL,No,Yes,Yes,Yes,Yes,Yes,Month-to-month,No,Electronic check,89.22,5994.92,No
5082-WAELX,Female,0,No,No,1,Yes,Yes,Fiber optic,No,Yes,Yes,No,No,Yes,Month-to-month,Yes,Electronic check,111.34,107.73,Yes
5934-MUKAS,Female,0,No,No,63,Yes,No,Fiber optic,No,Yes,Yes,No,Yes,No,Month-to-month,Yes,Credit card (automatic),99.63,6527.05,No
3347-PAAZB,Male,0,No,No,37,No,No phone service,Fiber optic,Yes,No,No,No,No,No,One year,Yes,Mailed check,68.51,2485.05,No
5925-VKWQH,Male,0,Yes,Yes,66,Yes,No,Fiber optic,No,No,No,No,Yes,Yes,Two year,No,Credit card (automatic),93.59,5907.62,No
8399-NGTIG,Male,1,Yes,Yes,1,Yes,No,No,No internet service,No internet service,No internet service,No internet service,No internet service,No internet service,One year,No,Bank transfer (automatic),27.79,28.32,No
1860-SHQDQ,Male,0,Yes,No,36,Yes,Yes,No,No internet service,No internet service,No internet service,No internet service,No internet service,No internet service,Two year,Yes,Electronic check,42.62,1464.24,No
3352-STTLJ,Female,1,Yes,No,13,Yes,No,No,No internet service,No internet service,No internet service,No internet service,No internet service,No internet service,One year,No,Electronic check,29.47,364.75,No
5385-YFFYR,Male,0,No,No,5,Yes,Yes,Fiber optic,No,Yes,Yes,No,No,No,Month-to-month,No,Mailed check,104.59,513.41,Yes
7557-PHWTR,Female,0,No,No,41,Yes,Yes,DSL,No,No,Yes,Yes,Yes,Yes,Month-to-month,Yes,Electronic check,97.11,3785.92,No
4001-UREMS,Female,0,No,Yes,4,Yes,Yes,Fiber optic,No,Yes,No,Yes,Yes,Yes,Month-to-month,Yes,Credit card (automatic),118.75,475.74,Yes
6478-LGUNX,Male,0,Yes,Yes,29,No,No phone service,Fiber optic,No,Yes,No,Yes,No,No,One year,No,Credit card (automatic),76.38,2259.2,No
5034-AMHGX,Male,0,Yes,Yes,2,Yes,Yes,Fiber optic,No,Yes,Yes,No,No,Yes,Month-to-month,Yes,Electronic check,108.15,209.95,No
4411-BZLCE,Male,0,No,No,30,Yes,Yes,DSL,Yes,Yes,No,No,Yes,Yes,One year,No,Mailed check,97.38,2948.35,No
5802-TYAOJ,Female,1,Yes,Yes,70,Yes,No,No,No internet service,No internet service,No internet service,No internet service,No internet service,No internet service,One year,Yes,Bank transfer (automatic),33.18,2306.84,No
8514-EGJIB,Female,0,Yes,No,22,Yes,No,DSL,Yes,Yes,Yes,Yes,Yes,Yes,One year,No,Electronic check,105.11,2395.72,No
1789-DVIVM,Male,0,No,No,7,Yes,Yes,No,No internet service,No internet service,No internet service,No internet service,No internet service,No internet service,Month-to-month,Yes,Electronic check,43.93,307.71,No
2470-JJNMU,Female,1,Yes,No,13,Yes,No,No,No internet service,No internet service,No internet service,No internet service,No internet service,No internet service,One year,Yes,Mailed check,29.24,374.69,No
5370-QSHDQ,Female,0,No,No,19,Yes,Yes,No,No internet service,No internet service,No internet service,No internet service,No internet service,No internet service,One year,Yes,Mailed check,42.08,801.21,No
5901-YKBPE,Male,0,Yes,Yes,1,Yes,No,No,No internet service,No internet service,No internet service,No internet service,No internet service,No internet service,Month-to-month,No,Electronic check,30.64,29.85,No
7099-WDGUA,Male,1,No,No,5,Yes,Yes,DSL,No,No,Yes,No,Yes,No,Month-to-month,No,Mailed check,85.76,424.41,Yes
8967-UBCGZ,Female,0,No,No,1,Yes,Yes,Fiber optic,No,No,No,No,Yes,No,Month-to-month,No,Credit card (automatic),90.3,90.55,Yes
6656-XJTSI,Female,0,Yes,Yes,11,No,No phone service,No,No internet service,No internet service,No internet service,No internet service,No internet service,No internet service,Month-to-month,No,Electronic check,18.25,205.02,No
5160-YZQWC,Female,0,No,No,61,Yes,Yes,DSL,Yes,Yes,Yes,No,Yes,Yes,One year,No,Electronic check,106.25,6272.31,No
9146-WIMDY,Female,0,No,Yes,4,Yes,Yes,DSL,No,No,Yes,No,No,No,Two year,Yes,Electronic check,78.94,324.15,No
8081-UENQZ,Female,0,No,No,1,Yes,Yes,Fiber optic,No,No,No,Yes,No,No,Month-to-month,Yes,Mailed check,90.48,86.75,No
7710-GVLTD,Male,0,Yes,No,60,Yes,No,Fiber optic,No,Yes,Yes,No,No,No,One year,No,Mailed check,86.36,4933.7,No
2219-RWRXS,Female,0,No,No,10,Yes,No,No,No internet service,No internet service,No internet service,No internet service,No internet service,No internet service,Month-to-month,Yes,Bank transfer (automatic),32.77,339.11,No
4890-IAULY,Female,0,Yes,No,3,Yes,No,Fiber optic,No,Yes,No,Yes,No,Yes,Month-to-month,Yes,Electronic check,97.76,280.8,No
6122-BDIOK,Female,0,No,No,10,Yes,No,DSL,No,No,Yes,No,Yes,No,Month-to-month,No,Bank transfer (automatic),68.79,712.89,No
6873-RKLWH,Male,0,No,Yes,69,Yes,Yes,Fiber optic,No,Yes,No,No,No,No,Two year,No,Credit card (automatic),93.68,6764.54,No
4535-SKXNT,Male,0,No,No,51,Yes,Yes,Fiber optic,No,No,No,No,Yes,Yes,Month-to-month,Yes,Credit card (automatic),110.1,5725.34,No
1621-CCHTT,Male,0,No,No,59,Yes,Yes,Fiber optic,Yes,Yes,No,No,Yes,No,Two year,No,Mailed check,113.26,6673.94,No
1820-TPMNN,Male,0,Yes,Yes,20,Yes,Yes,No,No internet service,No internet service,No internet service,No internet service,No internet service,No internet service,One year,Yes,Electronic check,42.38,851.05,No
2608-NFHZK,Male,0,Yes,No,5,Yes,Yes,Fiber optic,Yes,No,No,No,No,No,One year,Yes,Mailed check,92.05,459.09,No
2877-KGNKN,Female,1,No,No,9,Yes,No,Fiber optic,Yes,No,No,Yes,Yes,Yes,Month-to-month,Yes,Electronic check,105.76,939.18,Yes
9776-TCVJK,Female,0,No,No,5,Yes,No,Fiber optic,No,No,No,No,No,No,One year,Yes,Electronic check,72.74,363.28,No
1749-ZQRJZ,Male,0,Yes,No,9,No,No phone service,No,No internet service,No internet service,No internet service,No internet service,No internet service,No internet service,Month-to-month,Yes,Mailed check,19.13,168.14,No
9786-TJEAM,Female,0,No,No,1,Yes,Yes,Fiber optic,Yes,Yes,Yes,No,Yes,No,Month-to-month,No,Mailed check,118.75,115.07,Yes
3557-SEAQO,Male,0,No,No,4,Yes,Yes,DSL,No,Yes,No,No,No,No,Month-to-month,No,Bank transfer (automatic),76.94,302.27,Yes
5757-LQLJH,Male,1,No,No,64,Yes,Yes,No,No internet service,No internet service,No internet service,No internet service,No internet service,No internet service,Two year,Yes,Credit card (automatic),41.07,2497.86,No
8636-NSSAN,Male,0,Yes,Yes,22,Yes,Yes,Fiber optic,Yes,No,No,No,No,No,Two year,Yes,Credit card (automatic),88.88,1942.8,No
1814-TPYNP,Female,0,Yes,No,1,Yes,No,DSL,No,Yes,No,No,No,No,Month-to-month,Yes,Mailed check,67.12,64.06,No
7082-CGZPF,Male,0,No,Yes,64,Yes,Yes,DSL,No,Yes,No,Yes,No,No,Month-to-month,No,Credit card (automatic),76.04,4694.05,No
8560-XGMOY,Male,0,No,No,15,No,No phone service,DSL,Yes,Yes,Yes,No,No,Yes,One year,Yes,Credit card (automatic),70.91,1052.39,No
7208-NSLBO,Male,0,No,No,6,Yes,No,No,No internet service,No internet service,No internet service,No internet service,No internet service,No internet service,Month-to-month,Yes,Credit card (automatic),27.72,169.51,No
9051-XCHLJ,Female,0,Yes,No,59,Yes,Yes,DSL,No,Yes,Yes,Yes,Yes,No,One year,Yes,Electronic check,103.39,6127.83,No
6987-VFHYC,Male,0,No,No,71,Yes,Yes,Fiber optic,No,Yes,Yes,No,Yes,No,Two year,No,Electronic check,106.03,7387.61,No
1799-XRFYA,Female,0,No,No,67,Yes,No,DSL,No,No,Yes,No,Yes,No,Two year,No,Electronic check,75.81,4862.48,No
1530-DNYLT,Female,1,Yes,Yes,11,Yes,Yes,DSL,No,Yes,Yes,No,No,Yes,Month-to-month,Yes,Credit card (automatic),93.08,1015.64,No
4504-GMMUA,Female,0,No,No,20,Yes,No,Fiber optic,No,Yes,No,No,No,Yes,Two year,No,Bank transfer (automatic),91.5,1904.49,Yes
4277-CMOCU,Female,0,No,No,2,Yes,No,DSL,Yes,Yes,No,No,Yes,No,Month-to-month,Yes,Electronic check,76.21,147.37,No
7810-CHMDW,Male,1,No,No,38,Yes,Yes,No,No internet service,No internet service,No internet service,No internet service,No internet service,No internet service,Two year,Yes,Credit card (automatic),42.77,1684.12,No
3352-GBYYH,Male,0,No,No,65,Yes,No,Fiber optic,Yes,Yes,No,No,Yes,Yes,One year,Yes,Bank transfer (automatic),106.57,7113.91,No
6263-ABIPA,Female,0,No,No,5,Yes,Yes,Fiber optic,No,Yes,No,Yes,No,Yes,Month-to-month,Yes,Electronic check,111.92,563.03,Yes
1597-RPOFW,Male,0,No,No,65,Yes,No,No,No internet service,No internet service,No internet service,No internet service,No internet service,No internet service,Two year,No,Mailed check,23.31,1508.52,No
7577-QGNDJ,Female,0,No,No,54,Yes,No,Fiber optic,No,Yes,No,Yes,Yes,No,Two year,Yes,Bank transfer (automatic),98.44,5399.24,No
7418-FFUHN,Female,0,No,No,52,No,No phone service,Fiber optic,Yes,Yes,Yes,No,Yes,Yes,Two year,No,Electronic check,106.62,5685.32,No
1973-APHIP,Female,0,Yes,No,65,Yes,Yes,No,No internet service,No internet service,No internet service,No internet service,No internet service,No internet service,Month-to-month,Yes,Bank transfer (automatic),41.6,2779.67,No
4703-ZMZHL,Female,0,No,No,62,Yes,No,Fiber optic,Yes,No,No,Yes,Yes,No,Two year,Yes,Bank transfer (automatic),96.51,6102.96,No
7762-IHTDQ,Female,1,No,Yes,5,Yes,No,Fiber optic,No,Yes,No,No,No,Yes,Month-to-month,No,Credit card (automatic),89.36,440.84,No
4189-JNUEI,Female,0,Yes,Yes,11,Yes,No,Fiber optic,Yes,No,No,No,No,No,Month-to-month,Yes,Bank transfer (automatic),85.79,898.81,No
8411-UQBEG,Male,0,No,No,6,Yes,No,DSL,No,No,Yes,Yes,Yes,Yes,Month-to-month,No,Electronic check,83.66,501.21,Yes
3124-FYBJM,Female,0,Yes,Yes,56,Yes,Yes,DSL,Yes,Yes,Yes,No,Yes,Yes,Month-to-month,No,Credit card (automatic),107.33,5796.16,No
2672-ECJOB,Male,0,No,No,10,Yes,No,Fiber optic,Yes,Yes,Yes,No,No,Yes,Month-to-month,Yes,Electronic check,109.98,1094.36,No
5299-CNQUN,Male,0,Yes,Yes,63,Yes,No,DSL,Yes,No,Yes,Yes,Yes,No,Two year,No,Mailed check,81.68,5124.64,No
1196-IKLSU,Female,0,Yes,Yes,8,Yes,Yes,DSL,Yes,No,No,Yes,Yes,No,Month-to-month,No,Electronic check,98.39,787.93,Yes
3944-FDNHH,Male,0,No,No,5,Yes,No,DSL,No,Yes,No,No,No,Yes,Month-to-month,No,Electronic check,73.86,385.53,Yes
1551-PJFCD,Male,1,No,No,7,No,No phone service,Fiber optic,No,No,No,No,No,No,Month-to-month,No,Electronic check,59.13,419.26,Yes
7404-PVVWH,Male,0,No,No,35,Yes,No,Fiber optic,No,No,No,No,Yes,No,Month-to-month,Yes,Bank transfer (automatic),82.76,2763.18,No
5963-EDUGO,Female,0,No,No,65,Yes,No,No,No internet service,No internet service,No internet service,No internet service,No internet service,No internet service,One year,Yes,Electronic check,23.4,1556.6,No
5113-NVEBW,Male,1,No,No,63,Yes,No,Fiber optic,No,No,Yes,No,No,Yes,One year,No,Mailed check,89.11,5720.19,No
4845-MHBYV,Female,0,No,No,65,Yes,Yes,Fiber optic,No,Yes,Yes,No,No,Yes,Two year,Yes,Bank transfer (automatic),104.19,6964.48,No
2800-XADRQ,Male,0,No,Yes,68,No,No phone service,DSL,Yes,No,No,Yes,Yes,Yes,Two year,Yes,Mailed check,83.08,5579.48,No
2995-XUPGO,Female,0,No,No,11,Yes,No,Fiber optic,Yes,Yes,No,No,No,Yes,Month-to-month,No,Bank transfer (automatic),90.8,1039.92,No
1104-JALUC,Female,0,Yes,No,4,Yes,No,Fiber optic,No,Yes,Yes,No,No,Yes,Month-to-month,Yes,Credit card (automatic),99.74,406.14,Yes
9214-OTVVU,Male,1,No,No,22,No,No phone service,No,No internet service,No internet service,No internet service,No internet service,No internet service,No internet service,One year,Yes,Credit card (automatic),18.25,388.01,No
3051-TWJRP,Male,0,Yes,No,47,Yes,Yes,No,No internet service,No internet service,No internet service,No internet service,No internet service,No internet service,One year,No,Bank transfer (automatic),43.82,2099.61,No
5977-SKOUH,Male,0,No,No,68,Yes,Yes,Fiber optic,Yes,Yes,Yes,No,Yes,Yes,One year,Yes,Electronic check,118.75,8014.33,No
1741-FCCTN,Female,0,Yes,Yes,4,Yes,No,Fiber optic,No,No,No,No,Yes,Yes,Month-to-month,Yes,Credit card (automatic),94.59,374.57,No
2816-YZOCA,Female,0,No,No,16,Yes,Yes,No,No internet service,No internet service,No internet service,No internet service,No internet service,No internet service,One year,No,Electronic check,42.07,644.49,No
6600-XSGID,Female,0,No,No,7,Yes,No,Fiber optic,No,No,No,Yes,Yes,No,Month-to-month,No,Credit card (automatic),87.15,620.57,No
1036-ILNKO,Male,0,No,No,2,Yes,No,Fiber optic,No,No,Yes,Yes,Yes,No,Month-to-month,Yes,Mailed check,101.59,200.02,No
5503-UUXLH,Female,0,No,Yes,2,Yes,Yes,Fiber optic,No,Yes,Yes,Yes,No,Yes,Month-to-month,Yes,Credit card (automatic),115.96,233.47,Yes
9246-LFACV,Female,0,No,No,64,Yes,Yes,Fiber optic,No,No,No,No,Yes,Yes,One year,No,Mailed check,108.79,7235.27,No
6794-TKIDT,Female,0,Yes,Yes,33,Yes,No,DSL,No,Yes,No,Yes,Yes,No,Two year,No,Mailed check,85.59,2787.68,No
8499-IZPUL,Female,0,No,No,70,Yes,Yes,No,No internet service,No internet service,No internet service,No internet service,No internet service,No internet service,Two year,Yes,Electronic check,40.16,2727.89,No
5386-AFZLG,Male,0,Yes,No,13,Yes,No,No,No internet service,No internet service,No internet service,No internet service,No internet service,No internet service,One year,No,Credit card (automatic),33.33,435.35,No
9605-LPFPS,Male,1,No,No,72,Yes,Yes,Fiber optic,No,No,Yes,No,Yes,No,Two year,Yes,Electronic check,102.67,7758.23,No
7441-TZHEQ,Female,1,Yes,Yes,60,Yes,No,Fiber optic,Yes,Yes,Yes,Yes,No,Yes,Month-to-month,No,Electronic check,103.33,6165.02,No
5922-BVAET,Female,0,No,No,62,No,No phone service,Fiber optic,No,No,Yes,Yes,Yes,No,One year,Yes,Mailed check,84.7,5237.15,No
8387-JYSOJ,Female,1,No,No,20,No,No phone service,Fiber optic,Yes,Yes,No,Yes,No,No,Two year,Yes,Mailed check,82.53,1571.12,No
7497-GRAAN,Male,0,No,Yes,8,Yes,No,DSL,Yes,No,No,Yes,Yes,No,Month-to-month,Yes,Electronic check,84.93,670.29,No
7652-QHUEF,Male,0,No,No,21,Yes,Yes,DSL,No,No,Yes,No,Yes,Yes,Two year,No,Electronic check,92.48,2035.28,No
1613-KHBLY,Male,0,No,No,7,Yes,No,No,No internet service,No internet service,No internet service,No internet service,No internet service,No internet service,Month-to-month,No,Electronic check,22.98,160.11,No
7553-MHOUQ,Male,0,Yes,No,21,Yes,Yes,No,No internet service,No internet service,No internet service,No internet service,No internet service,No internet service,One year,No,Bank transfer (automatic),39.26,789.2,No
9500-PNNMX,Female,0,No,No,63,Yes,No,DSL,No,Yes,Yes,Yes,No,Yes,One year,Yes,Electronic check,88.5,5730.38,No
5037-KCZXL,Female,0,No,No,8,Yes,Yes,DSL,No,No,No,No,No,No,One year,Yes,Electronic check,63.84,529.68,No
8676-ABMYW,Male,1,Yes,Yes,6,No,No phone service,No,No internet service,No internet service,No internet service,No internet service,No internet service,No internet service,Month-to-month,Yes,Mailed check,18.25,111.74,No
8872-IXPVV,Male,0,Yes,Yes,22,Yes,No,DSL,No,No,Yes,No,Yes,No,One year,No,Bank transfer (automatic),70.29,1514.58,No
1605-LCYBC,Male,0,Yes,Yes,8,Yes,Yes,Fiber optic,Yes,Yes,Yes,Yes,No,No,Month-to-month,No,Credit card (automatic),112.69,885.1,No
7932-VZHAX,Male,0,No,No,71,Yes,Yes,Fiber optic,No,No,No,Yes,Yes,No,Two year,No,Electronic check,104.17,7489.85,No
5391-HCZJW,Female,0,Yes,Yes,66,Yes,No,No,No internet service,No internet service,No internet service,No internet service,No internet service,No internet service,One year,Yes,Mailed check,31.02,2091.12,No
7928-LFGRH,Female,0,Yes,No,34,Yes,Yes,Fiber optic,No,No,No,Yes,Yes,Yes,Two year,Yes,Credit card (automatic),109.72,3822.8,No
7670-ZYJEO,Male,0,Yes,Yes,68,Yes,Yes,Fiber optic,No,Yes,Yes,Yes,No,Yes,Month-to-month,No,Bank transfer (automatic),118.75,8378.79,No
2784-MRVSJ,Female,0,No,No,67,Yes,Yes,DSL,No,No,No,No,No,No,Two year,No,Bank transfer (automatic),66.51,4519.06,No
1020-WTISP,Female,0,No,No,10,Yes,Yes,DSL,Yes,No,Yes,No,Yes,Yes,Month-to-month,Yes,Credit card (automatic),96.65,974.18,No
3950-KKJSS,Female,0,No,No,20,Yes,Yes,No,No internet service,No internet service,No internet service,No internet service,No internet service,No internet service,Month-to-month,Yes,Electronic check,42.51,846.53,No
8825-QLCLY,Male,0,No,No,68,Yes,No,DSL,No,No,No,No,No,Yes,One year,Yes,Mailed check,69.21,4886.51,No
5971-TSENS,Female,0,Yes,Yes,45,Yes,No,DSL,No,Yes,No,No,Yes,Yes,Two year,No,Mailed check,83.05,3688.0,No
3494-YFTOJ,Male,0,Yes,No,13,Yes,Yes,DSL,Yes,No,Yes,No,Yes,No,Two year,No,Mailed check,90.78,1155.69,No
9618-JIRVD,Male,0,No,No,63,Yes,Yes,DSL,No,No,Yes,Yes,No,No,Two year,No,Credit card (automatic),78.34,5103.16,No
8850-RKLCS,Male,1,Yes,Yes,9,Yes,Yes,Fiber optic,No,No,Yes,Yes,Yes,Yes,Month-to-month,Yes,Mailed check,118.75,1057.15,No
4955-HFDTX,Male,0,Yes,No,6,Yes,Yes,No,No internet service,No internet service,No internet service,No internet service,No internet service,No internet service,Two year,No,Electronic check,37.24,232.32,No
7398-LAAJQ,Male,1,No,Yes,2,Yes,Yes,DSL,No,No,Yes,No,Yes,Yes,Month-to-month,Yes,Electronic check,90.31,183.75,Yes
8826-WVMDW,Male,1,Yes,Yes,5,Yes,Yes,No,No internet service,No internet service,No internet service,No internet service,No internet service,No internet service,Month-to-month,No,Electronic check,41.14,214.62,Yes
2989-KIKVO,Male,0,No,No,54,Yes,No,DSL,No,No,Yes,No,No,No,Month-to-month,No,Bank transfer (automatic),58.4,3038.79,No
4079-YJGHF,Female,0,Yes,No,38,Yes,No,No,No internet service,No internet service,No internet service,No internet service,No internet service,No internet service,One year,Yes,Credit card (automatic),28.41,1044.92,No
9767-SLCHZ,Female,1,No,Yes,47,Yes,Yes,Fiber optic,No,No,Yes,Yes,No,Yes,One year,No,Electronic check,105.73,5192.31,No
6368-JAWPG,Male,1,Yes,No,1,Yes,Yes,No,No internet service,No internet service,No internet service,No internet service,No internet service,No internet service,Month-to-month,Yes,Electronic check,41.57,42.8,Yes
3167-MVCOK,Female,0,Yes,No,3,Yes,Yes,DSL,No,Yes,Yes,Yes,No,No,One year,No,Electronic check,86.45,261.14,No
3472-JDVQI,Female,0,Yes,Yes,26,Yes,Yes,No,No internet service,No internet service,No internet service,No internet service,No internet service,No internet service,Two year,Yes,Bank transfer (automatic),38.68,1041.07,No
3844-KBBCY,Female,0,No,No,34,Yes,Yes,DSL,No,No,Yes,Yes,Yes,Yes,Month-to-month,Yes,Credit card (automatic),105.1,3647.74,No
2820-RTCIB,Male,0,No,No,9,Yes,No,DSL,Yes,No,No,No,Yes,Yes,Month-to-month,Yes,Mailed check,80.21,720.81,No
2153-VLOUZ,Female,0,Yes,No,12,Yes,Yes,Fiber optic,No,No,Yes,No,Yes,Yes,One year,Yes,Electronic check,114.43,1401.59,No
9425-CYWAR,Female,0,No,No,5,Yes,No,DSL,No,Yes,No,Yes,Yes,No,Month-to-month,No,Credit card (automatic),74.44,368.99,No
9388-DTNHZ,Female,0,No,No,3,Yes,No,No,No internet service,No internet service,No internet service,No internet service,No internet service,No internet service,Month-to-month,No,Electronic check,26.76,83.93,No
1839-TRXSO,Male,0,No,Yes,62,Yes,No,Fiber optic,No,No,No,No,No,No,One year,Yes,Electronic check,74.96,4644.1,No
7633-MFYBG,Male,0,No,No,22,Yes,No,DSL,Yes,No,No,Yes,Yes,No,Two year,No,Electronic check,77.03,1632.17,No
5299-NMXZY,Female,0,Yes,No,40,Yes,Yes,DSL,Yes,No,No,No,Yes,No,One year,No,Bank transfer (automatic),87.02,3434.06,No
5014-QKXJI,Female,0,No,No,7,Yes,No,DSL,No,No,No,No,No,No,Month-to-month,No,Mailed check,56.2,397.76,No
7864-BDZUN,Male,1,No,No,63,Yes,No,Fiber optic,No,Yes,No,Yes,Yes,Yes,Two year,No,Electronic check,105.66,6596.16,No
3231-WAFCS,Male,0,Yes,No,11,Yes,Yes,No,No internet service,No internet service,No internet service,No internet service,No internet service,No internet service,One year,Yes,Bank transfer (automatic),45.22,520.12,No
7514-VDJQQ,Female,0,Yes,No,63,Yes,No,Fiber optic,No,Yes,No,Yes,No,No,Two year,No,Mailed check,86.24,5681.22,No
4659-VEKTR,Female,0,No,No,63,Yes,No,Fiber optic,No,Yes,No,No,Yes,Yes,Two year,Yes,Credit card (automatic),99.5,6337.96,No
8149-PLEXP,Male,0,No,No,70,Yes,No,DSL,Yes,Yes,Yes,No,Yes,No,One year,Yes,Electronic check,81.88,5451.04,No
2083-KMHVD,Female,0,No,No,68,Yes,Yes,No,No internet service,No internet service,No internet service,No internet service,No internet service,No internet service,Two year,Yes,Credit card (automatic),40.98,2767.59,No
2109-STRZD,Male,0,No,No,12,Yes,Yes,No,No internet service,No internet service,No internet service,No internet service,No internet service,No internet service,One year,No,Electronic check,38.84,472.75,No
9743-DXUUX,Female,0,No,Yes,49,Yes,Yes,DSL,Yes,No,Yes,Yes,Yes,Yes,Two year,Yes,Mailed check,103.86,5293.75,No
3864-JPLGV,Female,0,Yes,No,23,Yes,No,Fiber optic,No,No,No,Yes,Yes,Yes,Month-to-month,No,Mailed check,104.56,2334.01,No
6257-VEEEP,Female,0,Yes,Yes,41,Yes,No,DSL,Yes,Yes,No,No,No,No,One year,Yes,Credit card (automatic),69.01,2712.15,No
5214-GRHYU,Female,0,Yes,Yes,29,Yes,No,No,No internet service,No internet service,No internet service,No internet service,No internet service,No internet service,Month-to-month,No,Mailed check,28.84,852.93,No
8032-TSLCZ,Male,1,Yes,Yes,10,Yes,Yes,DSL,Yes,No,Yes,No,Yes,No,Month-to-month,Yes,Electronic check,92.98,906.53,Yes
2902-BUFBG,Female,0,Yes,No,41,Yes,Yes,Fiber optic,No,No,No,No,No,Yes,Month-to-month,No,Electronic check,95.75,4075.67,No
9515-AOMVI,Male,0,No,No,12,Yes,Yes,Fiber optic,Yes,Yes,No,Yes,No,Yes,Two year,Yes,Electronic check,116.19,1445.25,No
6697-PRSUX,Female,0,No,No,65,No,No phone service,DSL,No,No,Yes,No,No,No,Month-to-month,No,Electronic check,46.79,3058.77,No
3734-UNYBX,Female,0,No,No,59,Yes,No,DSL,Yes,No,Yes,No,No,Yes,One year,No,Electronic check,81.13,4780.3,No
2605-RASYY,Female,0,No,Yes,7,Yes,No,No,No internet service,No internet service,No internet service,No internet service,No internet service,No internet service,Month-to-month,No,Electronic check,32.2,215.12,Yes
8667-EKXZK,Male,0,No,No,10,Yes,Yes,DSL,No,Yes,Yes,Yes,No,No,Month-to-month,No,Credit card (automatic),84.39,885.73,No
1368-FENBU,Female,0,No,No,63,Yes,No,Fiber optic,No,No,Yes,No,No,No,Two year,No,Credit card (automatic),82.24,5045.85,No
3870-QIQOM,Male,0,No,No,1,Yes,No,Fiber optic,No,Yes,Yes,No,No,Yes,Month-to-month,No,Mailed check,95.56,94.65,Yes
4725-SZUFV,Male,1,Yes,Yes,57,Yes,No,Fiber optic,Yes,No,No,Yes,No,Yes,Two year,Yes,Credit card (automatic),93.96,5418.55,No
9009-WIJOQ,Female,0,Yes,No,63,Yes,Yes,DSL,No,Yes,No,Yes,No,Yes,One year,Yes,Mailed check,87.4,5456.51,No
3392-GLRBM,Male,0,No,No,7,Yes,No,DSL,No,Yes,No,Yes,Yes,No,Month-to-month,No,Bank transfer (automatic),75.55,545.65,No
4548-ZZLFN,Female,0,Yes,Yes,63,Yes,No,Fiber optic,Yes,No,Yes,No,Yes,No,One year,No,Credit card (automatic),92.24,5563.22,No
3431-YKQWC,Male,1,No,No,10,Yes,Yes,DSL,Yes,No,No,No,No,No,Month-to-month,No,Mailed check,67.19,689.34,No
3626-JOSEF,Male,1,Yes,Yes,30,Yes,Yes,Fiber optic,No,No,Yes,Yes,No,Yes,Two year,Yes,Bank transfer (automatic),105.11,3066.94,No
1236-OJYAY,Female,0,No,No,14,Yes,No,Fiber optic,No,No,No,No,No,No,One year,Yes,Bank transfer (automatic),73.39,1044.98,No
3394-PEGQD,Female,0,No,No,21,Yes,Yes,Fiber optic,No,Yes,Yes,Yes,Yes,No,Two year,Yes,Bank transfer (automatic),112.98,2440.14,No
8640-FXWUB,Male,0,Yes,Yes,7,Yes,Yes,Fiber optic,No,Yes,No,No,No,Yes,Month-to-month,No,Electronic check,105.28,760.43,Yes
8728-RNFEL,Female,0,No,No,8,Yes,Yes,Fiber optic,No,No,No,No,No,Yes,Month-to-month,No,Credit card (automatic),99.93,809.47,Yes
7992-ZTHJE,Female,0,Yes,Yes,4,Yes,Yes,No,No internet service,No internet service,No internet service,No internet service,No internet service,No internet service,Month-to-month,Yes,Credit card (automatic),38.79,158.97,No
8732-DBLAH,Female,0,Yes,No,22,Yes,Yes,No,No internet service,No internet service,No internet service,No internet service,No internet service,No internet service,Two year,Yes,Credit card (automatic),38.53,867.73,No
9925-MVBRE,Male,0,Yes,Yes,62,Yes,Yes,DSL,No,No,No,No,Yes,No,Month-to-month,Yes,Mailed check,81.59,4813.62,No
8043-TFKBQ,Female,1,No,No,5,Yes,No,Fiber optic,No,No,No,Yes,Yes,Yes,Month-to-month,Yes,Credit card (automatic),104.8,529.3,Yes
6361-JCSAJ,Female,1,Yes,No,71,Yes,No,Fiber optic,No,Yes,Yes,No,Yes,Yes,Two year,No,Bank transfer (automatic),103.92,7236.84,No
2323-ACHNG,Female,0,No,No,68,Yes,No,Fiber optic,No,Yes,Yes,No,No,No,One year,No,Credit card (automatic),89.02,6037.82,No
3111-DWFBF,Male,0,Yes,Yes,71,Yes,No,DSL,No,Yes,Yes,No,Yes,Yes,One year,Yes,Mailed check,91.36,6581.35,No
1175-ZDGAT,Female,1,Yes,No,12,Yes,No,DSL,Yes,No,Yes,Yes,Yes,No,Month-to-month,Yes,Electronic check,83.03,1038.46,No
9666-GSEHD,Female,0,No,No,3,Yes,No,Fiber optic,No,Yes,No,No,Yes,No,Month-to-month,Yes,Mailed check,91.59,279.35,No
5499-FLUOZ,Female,0,Yes,Yes,5,Yes,No,DSL,No,No,Yes,No,Yes,No,Month-to-month,No,Mailed check,66.96,331.75,No
3319-WOWCK,Male,0,Yes,No,49,Yes,No,Fiber optic,No,Yes,No,No,No,No,Two year,Yes,Mailed check,80.49,3900.41,No
7494-FKXLK,Female,0,Yes,No,2,No,No phone service,Fiber optic,Yes,No,No,No,Yes,No,Month-to-month,Yes,Mailed check,84.73,166.15,Yes
8720-SHGWG,Female,0,No,No,7,No,No phone service,DSL,No,Yes,No,No,Yes,Yes,Month-to-month,Yes,Electronic check,67.18,476.06,No
5562-XBACK,Male,0,No,No,65,Yes,No,Fiber optic,No,No,No,No,Yes,No,One year,Yes,Bank transfer (automatic),87.07,5758.78,No
8607-ARHUI,Male,0,Yes,No,67,No,No phone service,Fiber optic,Yes,No,Yes,No,No,No,Two year,No,Mailed check,75.23,5254.85,No
1450-CSCKD,Female,0,Yes,Yes,12,Yes,No,No,No internet service,No internet service,No internet service,No internet service,No internet service,No internet service,One year,Yes,Electronic check,32.81,378.59,No
7764-VEADC,Male,0,Yes,Yes,72,Yes,Yes,No,No internet service,No internet service,No internet service,No internet service,No internet service,No internet service,One year,No,Electronic check,43.63,3281.77,No
6876-AVRZK,Female,0,Yes,No,61,Yes,No,DSL,No,No,No,No,No,Yes,Two year,Yes,Bank transfer (automatic),64.82,3958.64,No
7810-CSFIE,Female,1,No,No,4,Yes,Yes,Fiber optic,No,No,Yes,No,Yes,No,Month-to-month,No,Bank transfer (automatic),97.97,398.68,Yes
6429-JSSDU,Female,0,No,No,11,Yes,Yes,No,No internet service,No internet service,No internet service,No internet service,No internet service,No internet service,Month-to-month,Yes,Mailed check,42.14,471.95,No
1786-IVFLL,Male,0,No,No,59,Yes,No,No,No internet service,No internet service,No internet service,No internet service,No internet service,No internet service,One year,Yes,Electronic check,31.99,1823.25,No
5983-GXTYW,Male,0,Yes,No,2,Yes,No,Fiber optic,Yes,No,No,No,Yes,Yes,Month-to-month,No,Electronic check,103.26,210.47,Yes
6014-MKYTR,Female,0,No,No,22,Yes,Yes,DSL,No,No,No,Yes,No,Yes,Month-to-month,No,Credit card (automatic),77.75,1660.65,No
6965-BCDIE,Male,0,No,No,28,Yes,Yes,Fiber optic,No,Yes,Yes,Yes,No,Yes,Month-to-month,Yes,Electronic check,118.75,3272.37,Yes
6318-IRVMS,Female,0,No,No,65,Yes,Yes,Fiber optic,Yes,No,Yes,No,No,No,Two year,Yes,Electronic check,105.85,7136.5,No
9819-EBCLN,Male,0,No,No,50,Yes,No,Fiber optic,No,No,Yes,No,Yes,Yes,Two year,Yes,Bank transfer (automatic),98.52,5094.21,No
1306-ZAXJX,Male,0,No,No,71,Yes,No,DSL,No,Yes,Yes,No,Yes,No,Month-to-month,Yes,Bank transfer (automatic),80.91,5855.95,No
9314-ATMVL,Male,0,No,No,70,No,No phone service,DSL,No,Yes,Yes,No,No,No,Two year,No,Electronic check,53.41,3612.05,No
6070-VDPXJ,Female,0,Yes,Yes,29,Yes,Yes,Fiber optic,Yes,Yes,Yes,No,No,Yes,Month-to-month,Yes,Electronic check,112.83,3175.49,Yes
6381-YTRJW,Female,0,No,No,22,Yes,No,Fiber optic,Yes,No,Yes,Yes,Yes,Yes,One year,Yes,Electronic check,113.02,2530.29,No
1740-IUOLL,Male,0,Yes,No,2,Yes,No,Fiber optic,No,No,No,No,No,Yes,Month-to-month,Yes,Electronic check,80.45,157.36,Yes
2446-CELPO,Male,0,No,No,25,Yes,Yes,Fiber optic,Yes,Yes,Yes,No,Yes,No,Month-to-month,No,Electronic check,118.75,2906.89,Yes
1300-STMZL,Male,0,No,No,69,Yes,Yes,No,No internet service,No internet service,No internet service,No internet service,No internet service,No internet service,Month-to-month,Yes,Electronic check,45.28,3025.2,No
5097-IWCZA,Female,0,No,No,66,Yes,Yes,DSL,No,No,Yes,Yes,Yes,Yes,Two year,No,Bank transfer (automatic),103.54,6764.49,No
6843-ZOXBT,Male,0,Yes,Yes,1,Yes,Yes,Fiber optic,Yes,Yes,Yes,Yes,No,Yes,Month-to-month,Yes,Bank transfer (automatic),118.75,114.28,Yes
6711-RZEUF,Female,0,Yes,No,5,Yes,No,Fiber optic,No,Yes,No,No,No,No,Month-to-month,No,Electronic check,82.86,422.63,No
9547-PJANH,Female,0,Yes,No,7,Yes,Yes,No,No internet service,No internet service,No internet service,No internet service,No internet service,No internet service,Month-to-month,Yes,Electronic check,39.4,262.13,No
8088-RBRQX,Female,0,No,No,64,Yes,No,Fiber optic,No,No,No,Yes,No,No,One year,Yes,Credit card (automatic),82.94,5061.55,No
4723-AZMKC,Male,0,No,No,5,Yes,Yes,DSL,No,Yes,No,No,No,Yes,Month-to-month,No,Mailed check,85.13,438.13,No
2914-TSOTM,Female,0,No,No,1,Yes,Yes,DSL,No,No,Yes,No,Yes,Yes,Month-to-month,No,Electronic check,91.34,88.01,No
3074-MQYSY,Male,1,Yes,Yes,8,Yes,Yes,DSL,No,No,Yes,No,No,No,Month-to-month,No,Electronic check,70.09,578.98,Yes
4609-FRTWR,Male,0,No,No,10,Yes,No,Fiber optic,No,No,Yes,No,No,No,Month-to-month,Yes,Electronic check,84.07,800.2,Yes
3384-NTZOP,Female,0,No,No,31,Yes,No,DSL,No,Yes,No,Yes,Yes,No,One year,Yes,Credit card (automatic),75.95,2274.1,No
7497-NCUGG,Female,0,Yes,No,10,Yes,No,DSL,No,Yes,Yes,No,No,No,Month-to-month,Yes,Credit card (automatic),66.05,659.75,No
8658-KGSXA,Male,0,No,No,8,Yes,Yes,DSL,No,Yes,Yes,Yes,No,No,One year,No,Electronic check,85.61,678.23,No
1066-MMHPP,Male,0,No,No,18,Yes,No,Fiber optic,No,Yes,No,No,No,Yes,One year,No,Electronic check,98.21,1763.86,Yes
5869-UIRQG,Female,0,No,Yes,56,Yes,Yes,Fiber optic,Yes,Yes,Yes,No,No,Yes,One year,Yes,Bank transfer (automatic),116.7,6853.09,No
6074-HWBKX,Male,0,No,No,68,Yes,Yes,No,No internet service,No internet service,No internet service,No internet service,No internet service,No internet service,One year,No,Electronic check,39.65,2726.99,No
3791-TDQYH,Female,1,Yes,Yes,66,Yes,Yes,Fiber optic,No,Yes,Yes,No,Yes,Yes,Two year,Yes,Mailed check,118.75,7559.81,No
4805-HLJOR,Female,0,No,No,61,Yes,No,Fiber optic,Yes,Yes,No,No,Yes,Yes,Two year,No,Credit card (automatic),106.47,6287.12,No
1507-YTGPX,Male,0,No,No,2,No,No phone service,Fiber optic,No,No,Yes,No,Yes,No,Month-to-month,No,Bank transfer (automatic),85.27,175.33,No
4429-XNYQW,Male,0,No,No,35,Yes,Yes,Fiber optic,No,No,Yes,Yes,No,Yes,Two year,No,Mailed check,112.96,3883.97,No
1887-MPUZJ,Male,0,No,No,4,Yes,Yes,Fiber optic,No,No,No,No,No,No,Month-to-month,Yes,Credit card (automatic),93.57,378.69,Yes
6148-LTXMK,Female,0,No,No,1,Yes,Yes,Fiber optic,No,Yes,Yes,No,No,No,Month-to-month,No,Mailed check,100.36,99.45,Yes
2180-JNZFH,Female,0,No,Yes,60,Yes,No,No,No internet service,No internet service,No internet service,No internet service,No internet service,No internet service,Two year,No,Bank transfer (automatic),32.98,1896.79,No
1638-MYFZQ,Male,1,No,No,8,Yes,No,Fiber optic,No,Yes,Yes,No,No,Yes,Month-to-month,Yes,Mailed check,99.75,837.6,Yes
2603-UVMKW,Female,0,Yes,No,2,No,No phone service,Fiber optic,No,No,Yes,No,No,No,Month-to-month,No,Bank transfer (automatic),70.88,140.54,Yes
4167-IAQMN,Female,0,Yes,No,46,Yes,Yes,No,No internet service,No internet service,No internet service,No internet service,No internet service,No internet service,One year,Yes,Electronic check,42.25,1873.08,No
7355-PDFSI,Male,0,Yes,Yes,66,Yes,No,Fiber optic,No,No,Yes,No,Yes,No,Two year,Yes,Electronic check,89.28,6085.16,No
1223-GEPPD,Female,0,No,No,19,Yes,Yes,DSL,Yes,Yes,No,No,No,Yes,Month-to-month,No,Mailed check,85.78,1625.52,No
6456-RBECZ,Male,0,No,No,6,Yes,Yes,No,No internet service,No internet service,No internet service,No internet service,No internet service,No internet service,Month-to-month,Yes,Bank transfer (automatic),44.04,254.3,No
3264-YRKFL,Male,0,Yes,Yes,27,Yes,No,Fiber optic,No,Yes,No,Yes,No,No,One year,Yes,Mailed check,85.4,2323.76,No
6137-SSVHL,Male,0,Yes,Yes,24,Yes,Yes,Fiber optic,Yes,Yes,No,No,No,No,Month-to-month,Yes,Electronic check,100.67,2475.04,No
5300-PBDDG,Male,0,No,No,60,Yes,Yes,Fiber optic,Yes,Yes,No,No,Yes,Yes,One year,Yes,Electronic check,113.8,6711.65,No
8983-BLPXP,Male,0,No,No,3,Yes,No,Fiber optic,Yes,Yes,Yes,Yes,No,Yes,Two year,No,Credit card (automatic),114.78,344.42,No
6848-IILZX,Male,0,No,No,9,Yes,Yes,Fiber optic,Yes,Yes,No,No,Yes,Yes,Month-to-month,Yes,Credit card (automatic),115.89,1082.81,Yes
3437-AKMBK,Female,0,Yes,Yes,42,Yes,No,Fiber optic,No,No,No,No,No,No,Month-to-month,No,Electronic check,78.97,3275.36,No
6065-GYJHM,Female,0,Yes,No,64,Yes,Yes,DSL,No,Yes,No,Yes,Yes,No,Month-to-month,No,Credit card (automatic),91.36,6098.31,No
7416-CEOGR,Female,0,No,No,59,Yes,No,DSL,No,No,No,No,Yes,No,Two year,No,Bank transfer (automatic),65.26,3758.46,No
2527-YDRTA,Male,0,Yes,No,61,Yes,Yes,DSL,No,No,No,No,No,Yes,Two year,Yes,Electronic check,75.61,4604.54,No
7856-ILKXE,Male,0,Yes,No,29,Yes,No,DSL,Yes,No,No,Yes,No,No,One year,Yes,Electronic check,69.38,2065.9,No
3448-XOGSA,Male,1,Yes,Yes,59,No,No phone service,No,No internet service,No internet service,No internet service,No internet service,No internet service,No internet service,Two year,No,Credit card (automatic),18.25,1056.58,No
7327-HKSGA,Female,0,Yes,Yes,72,Yes,Yes,DSL,No,No,No,Yes,No,No,Two year,No,Mailed check,75.65,5360.85,No
5205-JIYPB,Female,0,Yes,No,63,Yes,Yes,Fiber optic,No,Yes,Yes,No,Yes,Yes,Two year,Yes,Electronic check,118.75,7599.69,No
7682-FIAMT,Male,0,No,No,62,Yes,No,DSL,No,Yes,No,No,No,Yes,Two year,No,Bank transfer (automatic),71.58,4433.84,No
6105-XFQMW,Male,1,Yes,Yes,2,Yes,Yes,Fiber optic,Yes,No,No,No,No,No,Month-to-month,Yes,Electronic check,88.59,173.95,Yes
4140-OPGVA,Female,0,Yes,Yes,6,Yes,Yes,No,No internet service,No internet service,No internet service,No internet service,No internet service,No internet service,Month-to-month,No,Bank transfer (automatic),35.86,214.67,Yes
9512-ETGOS,Male,0,No,No,13,Yes,Yes,DSL,Yes,No,Yes,No,Yes,No,One year,No,Bank transfer (automatic),89.06,1131.64,No
3328-YLYAY,Male,0,No,No,39,Yes,Yes,Fiber optic,No,No,No,Yes,Yes,No,Two year,Yes,Bank transfer (automatic),101.59,3904.55,No
4010-DOJIA,Female,0,No,No,12,Yes,No,DSL,No,Yes,No,No,Yes,No,Month-to-month,Yes,Bank transfer (automatic),70.98,879.12,No
2706-LPLYM,Female,0,No,No,44,Yes,No,DSL,No,Yes,No,No,Yes,Yes,One year,Yes,Mailed check,78.84,3483.62,No
2099-YREBP,Male,0,No,No,70,Yes,Yes,DSL,Yes,Yes,Yes,No,No,Yes,Month-to-month,No,Mailed check,97.57,6783.41,No
4420-GPLPX,Male,1,No,No,56,Yes,No,Fiber optic,Yes,Yes,No,Yes,No,No,Two year,No,Electronic check,93.16,5114.5,No
2876-JSOFG,Female,1,No,No,36,No,No phone service,Fiber optic,Yes,No,Yes,No,No,Yes,Two year,No,Mailed check,78.96,2914.38,No
4788-PQVTE,Male,0,No,No,71,Yes,Yes,Fiber optic,No,Yes,No,No,Yes,Yes,Two year,No,Credit card (automatic),111.79,8215.47,No
7191-UPCWF,Male,0,No,No,40,Yes,No,Fiber optic,Yes,Yes,No,Yes,Yes,Yes,One year,No,Electronic check,114.34,4464.29,No
8870-CEKWX,Male,0,Yes,Yes,12,Yes,Yes,No,No internet service,No internet service,No internet service,No internet service,No internet service,No internet service,Month-to-month,No,Bank transfer (automatic),42.69,537.75,No
3063-WNQLH,Male,0,No,No,2,Yes,Yes,DSL,Yes,Yes,No,No,No,Yes,One year,Yes,Electronic check,89.76,181.84,No
8438-UIQIT,Male,0,No,No,2,Yes,No,No,No internet service,No internet service,No internet service,No internet service,No internet service,No internet service,One year,Yes,Credit card (automatic),23.26,48.29,No
9772-XUXYB,Female,1,No,No,17,Yes,No,Fiber optic,No,No,No,No,No,No,One year,No,Electronic check,78.59,1332.58,No
4170-DSNST,Male,0,Yes,No,10,Yes,No,No,No internet service,No internet service,No internet service,No internet service,No internet service,No internet service,Month-to-month,Yes,Electronic check,26.22,267.73,No
2296-ZEZOX,Male,0,Yes,No,68,Yes,Yes,Fiber optic,Yes,No,No,Yes,No,No,Two year,Yes,Credit card (automatic),104.16,7427.24,No
5238-KKNIT,Female,1,No,No,1,Yes,Yes,Fiber optic,No,No,Yes,Yes,Yes,No,Month-to-month,Yes,Electronic check,108.84,113.67,Yes
5435-MAOVV,Female,0,Yes,No,15,Yes,Yes,Fiber optic,No,No,Yes,Yes,No,Yes,Two year,Yes,Credit card (automatic),115.23,1679.84,Yes
7989-XYLSG,Female,0,No,Yes,26,Yes,No,DSL,Yes,No,Yes,No,No,No,One year,No,Bank transfer (automatic),70.46,1875.58,No
6613-ELLMG,Female,0,No,No,72,Yes,Yes,DSL,Yes,No,No,No,No,Yes,Two year,Yes,Bank transfer (automatic),86.02,6038.6,No
9107-ONAAS,Male,0,No,No,5,Yes,No,Fiber optic,Yes,Yes,Yes,No,Yes,Yes,Month-to-month,Yes,Electronic check,110.5,578.53,Yes
5466-KMLWZ,Female,0,No,No,63,Yes,No,Fiber optic,No,Yes,Yes,No,No,Yes,Two year,Yes,Credit card (automatic),92.87,6021.01,No
2415-DPNLX,Male,0,No,No,60,Yes,Yes,Fiber optic,No,No,Yes,Yes,Yes,Yes,Two year,No,Electronic check,118.75,7349.49,No
9941-HKBPN,Female,0,No,No,5,Yes,No,DSL,No,Yes,No,No,No,No,Month-to-month,No,Credit card (automatic),60.06,313.42,Yes
3402-XRBQJ,Male,1,No,No,34,No,No phone service,Fiber optic,No,No,Yes,Yes,No,Yes,One year,No,Bank transfer (automatic),88.35,3073.8,No
2958-LAFMQ,Female,1,No,No,37,Yes,Yes,DSL,Yes,Yes,No,Yes,Yes,Yes,Two year,Yes,Mailed check,107.44,3901.45,No
7950-AKSOA,Female,0,No,No,60,No,No phone service,Fiber optic,No,Yes,Yes,Yes,Yes,No,Two year,Yes,Electronic check,98.39,5998.56,No
4297-BVQJZ,Male,0,No,No,6,Yes,Yes,DSL,No,No,Yes,No,No,No,Month-to-month,Yes,Mailed check,69.53,418.7,No
7024-QDPED,Female,0,No,No,62,Yes,No,No,No internet service,No internet service,No internet service,No internet service,No internet service,No internet service,Two year,Yes,Electronic check,30.31,1922.57,No
3854-TZDRG,Female,0,Yes,Yes,69,Yes,Yes,Fiber optic,No,Yes,No,Yes,Yes,Yes,One year,No,Mailed check,115.39,7773.31,No
7112-RHVUC,Female,0,Yes,No,72,Yes,Yes,No,No internet service,No internet service,No internet service,No internet service,No internet service,No internet service,One year,No,Electronic check,38.11,2757.63,No
2402-ZOGAL,Male,1,Yes,Yes,65,Yes,No,DSL,Yes,No,Yes,No,Yes,No,One year,No,Electronic check,78.04,4959.97,No
2941-MRURM,Female,1,Yes,No,59,Yes,No,DSL,No,No,No,Yes,No,No,Two year,Yes,Mailed check,67.89,4095.91,No
2683-JBMCY,Male,0,No,Yes,54,No,No phone service,DSL,No,No,Yes,Yes,No,Yes,Two year,Yes,Electronic check,68.43,3806.37,No
8721-VBFLO,Male,0,Yes,Yes,5,Yes,Yes,DSL,No,Yes,Yes,No,No,Yes,Month-to-month,Yes,Bank transfer (automatic),81.13,392.59,No
7111-TPLDX,Male,0,No,No,1,Yes,Yes,No,No internet service,No internet service,No internet service,No internet service,No internet service,No internet service,Month-to-month,Yes,Electronic check,41.42,43.32,No
7754-CBZCY,Male,0,Yes,Yes,12,Yes,Yes,Fiber optic,Yes,No,No,No,Yes,No,Two year,No,Bank transfer (automatic),103.11,1243.18,Yes
1008-BMVMT,Female,0,Yes,No,24,Yes,No,Fiber optic,No,No,No,No,Yes,No,Month-to-month,No,Bank transfer (automatic),92.45,2303.58,No
1460-SABJH,Male,0,Yes,Yes,45,No,No phone service,DSL,No,No,No,Yes,No,Yes,One year,Yes,Electronic check,59.22,2599.4,No
8758-ETQSQ,Female,0,No,No,5,Yes,No,DSL,No,No,Yes,No,No,Yes,One year,Yes,Bank transfer (automatic),64.63,313.26,No
1536-CZEXM,Male,0,Yes,Yes,3,Yes,No,Fiber optic,Yes,Yes,Yes,No,Yes,No,Month-to-month,Yes,Electronic check,108.58,340.37,Yes
8755-GLSRY,Male,1,Yes,No,72,Yes,Yes,Fiber optic,No,Yes,No,Yes,Yes,No,Two year,Yes,Credit card (automatic),104.61,7903.52,No
4769-WKPTL,Male,0,No,No,37,Yes,No,Fiber optic,Yes,Yes,Yes,Yes,Yes,No,One year,Yes,Electronic check,106.35,3816.95,No
6066-GTJJR,Male,0,Yes,Yes,34,Yes,Yes,Fiber optic,No,No,Yes,Yes,No,No,One year,Yes,Electronic check,100.84,3449.89,No
5225-REHKC,Male,0,Yes,Yes,71,Yes,Yes,No,No internet service,No internet service,No internet service,No internet service,No internet service,No internet service,Two year,Yes,Bank transfer (automatic),43.05,3122.43,No
4460-LBURJ,Male,0,No,No,5,Yes,Yes,DSL,Yes,No,No,No,No,No,Month-to-month,No,Mailed check,73.17,360.17,No
4074-GYZTW,Female,0,Yes,Yes,57,Yes,Yes,No,No internet service,No internet service,No internet service,No internet service,No internet service,No internet service,One year,No,Credit card (automatic),39.96,2257.08,No
7942-UKOUP,Male,0,Yes,Yes,11,Yes,No,DSL,Yes,No,No,No,Yes,Yes,One year,No,Bank transfer (automatic),86.92,956.12,No
7214-NTXTA,Male,1,Yes,No,67,Yes,No,Fiber optic,No,No,No,Yes,Yes,Yes,Two year,Yes,Electronic check,102.19,6549.08,No
9686-IMCUH,Male,0,Yes,No,37,Yes,Yes,Fiber optic,No,Yes,Yes,Yes,Yes,Yes,Month-to-month,Yes,Bank transfer (automatic),118.75,4430.49,No
1760-UNPKN,Female,0,No,No,13,No,No phone service,DSL,No,No,Yes,No,No,No,One year,No,Mailed check,51.81,665.76,No
5506-HPNFV,Female,0,Yes,No,63,Yes,No,Fiber optic,Yes,No,Yes,Yes,No,No,One year,No,Electronic check,98.71,6360.87,No
6528-NETRL,Male,0,No,No,72,Yes,No,DSL,No,Yes,Yes,No,No,No,One year,Yes,Electronic check,68.83,4824.36,No
5350-IOPLE,Male,0,No,No,16,Yes,No,No,No internet service,No internet service,No internet service,No internet service,No internet service,No internet service,Month-to-month,No,Credit card (automatic),28.1,462.3,No
7125-TIZTC,Male,1,Yes,No,17,Yes,Yes,DSL,No,No,No,Yes,No,No,One year,No,Electronic check,69.43,1130.98,No
2909-CZXNU,Female,0,No,No,6,Yes,No,No,No internet service,No internet service,No internet service,No internet service,No internet service,No internet service,One year,No,Bank transfer (automatic),29.37,172.77,No
2160-ZGRXP,Male,0,Yes,No,67,Yes,No,No,No internet service,No internet service,No internet service,No internet service,No internet service,No internet service,Two year,Yes,Credit card (automatic),29.84,2010.1,No
6267-PVBJO,Male,0,Yes,Yes,72,Yes,No,DSL,No,No,No,Yes,Yes,Yes,Two year,Yes,Mailed check,86.48,6007.23,No
2929-NFVLS,Male,0,Yes,Yes,6,Yes,Yes,Fiber optic,No,Yes,Yes,No,No,No,One year,No,Electronic check,97.84,570.59,No
5505-SWATX,Male,0,Yes,No,6,Yes,No,DSL,Yes,No,No,Yes,Yes,Yes,Month-to-month,Yes,Bank transfer (automatic),84.33,488.75,No
3421-RKEQY,Male,0,No,Yes,64,Yes,Yes,Fiber optic,No,Yes,No,Yes,Yes,Yes,Two year,Yes,Electronic check,118.75,7879.15,No
3199-AWHVV,Female,0,Yes,Yes,56,Yes,Yes,No,No internet service,No internet service,No internet service,No internet service,No internet service,No internet service,Two year,No,Bank transfer (automatic),38.05,2114.45,No
9471-WYXOC,Male,0,No,No,38,Yes,No,DSL,No,Yes,Yes,Yes,Yes,No,Two year,No,Credit card (automatic),79.58,3089.68,No
3308-ZWUMR,Female,1,No,No,24,Yes,No,DSL,No,No,No,No,No,No,One year,No,Mailed check,58.24,1410.17,No
9844-HHAEG,Male,0,Yes,No,50,Yes,Yes,Fiber optic,No,Yes,Yes,No,Yes,No,One year,Yes,Bank transfer (automatic),107.99,5460.93,No
8465-YMOGM,Male,1,No,No,53,Yes,No,Fiber optic,No,No,No,No,No,Yes,Two year,No,Credit card (automatic),83.85,4637.91,No
3953-CLLMN,Female,0,No,No,13,Yes,No,DSL,No,No,Yes,No,No,No,Month-to-month,Yes,Mailed check,57.14,730.72,No
5447-IDVEL,Male,1,Yes,Yes,46,Yes,Yes,Fiber optic,Yes,No,No,No,No,No,Month-to-month,Yes,Credit card (automatic),94.89,4263.93,No
8010-QNQLZ,Female,0,Yes,No,64,Yes,No,DSL,No,Yes,Yes,No,Yes,Yes,One year,Yes,Bank transfer (automatic),91.21,5799.66,No
9597-LMHIG,Female,0,Yes,No,20,Yes,Yes,DSL,No,No,Yes,No,No,Yes,Month-to-month,No,Mailed check,87.91,1748.54,No
8404-TZGAX,Male,1,No,No,63,Yes,Yes,No,No internet service,No internet service,No internet service,No internet service,No internet service,No internet service,Month-to-month,Yes,Bank transfer (automatic),37.85,2480.28,No
3231-SPRFZ,Female,0,No,No,9,Yes,Yes,Fiber optic,Yes,Yes,No,Yes,No,Yes,Month-to-month,Yes,Mailed check,118.75,1107.22,Yes
1053-RZLSI,Male,1,Yes,No,69,Yes,No,Fiber optic,No,Yes,No,No,Yes,Yes,Month-to-month,Yes,Electronic check,101.74,6962.47,No
2048-ZPGXN,Female,1,No,No,19,Yes,Yes,DSL,No,No,No,No,Yes,No,One year,Yes,Mailed check,76.14,1487.39,No
1445-CVVNU,Male,0,No,No,56,Yes,No,Fiber optic,Yes,Yes,Yes,No,No,No,Two year,Yes,Mailed check,92.58,5178.92,No
8840-PKUJD,Female,0,No,No,6,Yes,No,Fiber optic,Yes,Yes,Yes,No,No,Yes,Month-to-month,No,Electronic check,101.24,629.14,Yes
2145-ZKUDD,Male,0,Yes,Yes,62,Yes,No,DSL,Yes,No,Yes,No,No,No,One year,Yes,Credit card (automatic),65.31,3909.64,No
4932-WBYMR,Female,0,Yes,No,62,Yes,Yes,Fiber optic,No,Yes,No,Yes,No,Yes,One year,Yes,Bank transfer (automatic),107.64,6982.17,No
6493-PNWZC,Female,0,Yes,No,3,Yes,No,Fiber optic,No,No,No,Yes,Yes,Yes,Month-to-month,Yes,Mailed check,99.21,290.27,Yes
1575-DDQHG,Female,0,No,No,66,Yes,Yes,DSL,No,No,No,Yes,No,Yes,One year,Yes,Bank transfer (automatic),84.58,5469.41,No
4492-VYEXQ,Female,0,No,No,15,Yes,No,Fiber optic,No,Yes,No,No,No,Yes,Month-to-month,No,Bank transfer (automatic),86.78,1236.79,Yes
9061-BKQHL,Female,1,No,No,60,Yes,Yes,DSL,Yes,Yes,No,No,Yes,Yes,Two year,No,Mailed check,91.52,5395.82,No
6769-KWUCQ,Female,0,Yes,No,48,Yes,No,Fiber optic,No,No,Yes,Yes,No,No,Two year,Yes,Mailed check,87.6,4321.48,No
4435-OAOEX,Male,0,Yes,Yes,53,Yes,No,Fiber optic,No,No,Yes,Yes,No,Yes,Month-to-month,Yes,Mailed check,96.34,5154.18,No
9840-TBKCS,Male,1,No,No,4,Yes,Yes,Fiber optic,No,No,Yes,No,No,No,Month-to-month,No,Electronic check,95.84,400.31,Yes
5895-JWIKG,Male,0,No,No,71,Yes,No,Fiber optic,No,No,No,Yes,No,Yes,Two year,No,Bank transfer (automatic),85.89,6300.38,No
8094-IVCYE,Male,0,No,No,25,Yes,No,Fiber optic,Yes,No,No,Yes,No,No,One year,Yes,Electronic check,95.42,2296.03,No
9556-EDYXN,Male,0,Yes,Yes,36,Yes,Yes,DSL,Yes,No,No,Yes,Yes,No,Two year,No,Electronic check,86.8,3237.74,No
9852-JPXIY,Female,0,Yes,Yes,7,Yes,No,No,No internet service,No internet service,No internet service,No internet service,No internet service,No internet service,Month-to-month,No,Bank transfer (automatic),25.56,178.88,No
5464-KXPTE,Male,0,No,No,10,Yes,No,DSL,Yes,No,Yes,No,Yes,Yes,Two year,Yes,Electronic check,88.13,882.67,No
9216-XZVZL,Female,0,No,No,7,Yes,Yes,Fiber optic,Yes,No,Yes,No,No,Yes,Month-to-month,Yes,Credit card (automatic),104.12,759.4,No
1589-IBCFR,Male,1,No,No,59,Yes,No,Fiber optic,Yes,No,No,No,Yes,No,Month-to-month,Yes,Electronic check,87.81,4930.55,No
9853-OXCTW,Male,0,No,No,19,Yes,Yes,DSL,No,No,Yes,Yes,Yes,No,Month-to-month,No,Electronic check,90.81,1692.31,Yes
4434-TXFLJ,Male,0,No,No,68,Yes,No,No,No internet service,No internet service,No internet service,No internet service,No internet service,No internet service,One year,No,Mailed check,30.88,1996.06,No
8151-ZDLWM,Female,0,Yes,No,11,Yes,Yes,Fiber optic,No,Yes,No,No,Yes,No,Month-to-month,Yes,Mailed check,104.33,1108.24,Yes
7376-DYSUE,Female,0,No,No,19,Yes,No,Fiber optic,Yes,Yes,Yes,Yes,Yes,Yes,One year,Yes,Electronic check,118.75,2341.96,No
3359-NTZSD,Female,1,No,No,22,Yes,Yes,Fiber optic,Yes,No,Yes,No,No,No,Two year,No,Credit card (automatic),95.0,2075.04,No
9287-ZMOVL,Male,0,No,No,3,Yes,No,DSL,No,No,No,Yes,Yes,No,Month-to-month,No,Electronic check,73.68,228.98,No
2310-YAENV,Female,0,Yes,Yes,27,Yes,No,No,No internet service,No internet service,No internet service,No internet service,No internet service,No internet service,Month-to-month,Yes,Mailed check,29.35,756.83,No
5357-QJWTY,Male,0,Yes,Yes,23,Yes,Yes,DSL,No,No,No,No,No,No,Two year,Yes,Bank transfer (automatic),69.17,1545.9,No
7033-MILFQ,Male,1,No,No,59,Yes,Yes,DSL,No,No,No,Yes,Yes,No,One year,Yes,Bank transfer (automatic),85.69,5217.05,No
8420-MSAGF,Male,0,Yes,Yes,7,Yes,No,DSL,No,Yes,No,No,Yes,Yes,Month-to-month,Yes,Mailed check,85.27,618.45,Yes
9695-JPFYU,Male,0,Yes,No,49,Yes,Yes,DSL,Yes,Yes,No,Yes,Yes,No,One year,Yes,Electronic check,98.86,4869.1,No
4614-TRDOV,Male,0,Yes,Yes,8,Yes,No,No,No internet service,No internet service,No internet service,No internet service,No internet service,No internet service,One year,Yes,Electronic check,26.79,204.88,No
8342-XASUB,Female,0,No,No,59,Yes,Yes,No,No internet service,No internet service,No internet service,No internet service,No internet service,No internet service,Two year,Yes,Credit card (automatic),43.54,2596.64,No
3496-IIXNS,Female,0,No,No,27,Yes,Yes,Fiber optic,No,No,Yes,No,No,Yes,Two year,Yes,Credit card (automatic),101.33,2833.64,No
4652-ZUXZQ,Male,0,Yes,No,20,Yes,No,No,No internet service,No internet service,No internet service,No internet service,No internet service,No internet service,One year,Yes,Electronic check,33.0,652.15,No
5803-CKZNY,Male,0,No,No,6,Yes,No,Fiber optic,No,Yes,No,No,Yes,Yes,One year,No,Electronic check,95.89,554.25,Yes
6893-UKUHW,Male,0,Yes,Yes,8,Yes,No,Fiber optic,Yes,Yes,No,No,No,Yes,One year,No,Credit card (automatic),102.37,814.65,No
8540-GKUWJ,Male,0,No,No,61,Yes,No,No,No internet service,No internet service,No internet service,No internet service,No internet service,No internet service,One year,No,Credit card (automatic),24.13,1486.26,No
1166-HZNYG,Female,0,No,No,10,Yes,Yes,DSL,Yes,Yes,No,Yes,No,Yes,Month-to-month,No,Bank transfer (automatic),92.67,956.72,No
8065-MFEEW,Male,0,No,No,17,Yes,Yes,DSL,No,No,No,Yes,Yes,No,One year,No,Mailed check,90.48,1598.85,No
3671-HPJMR,Female,0,Yes,No,2,Yes,Yes,DSL,Yes,Yes,No,No,No,Yes,Month-to-month,Yes,Electronic check,90.89,183.96,Yes
1475-AWXGP,Male,0,No,No,67,No,No phone service,Fiber optic,No,Yes,No,No,Yes,Yes,One year,Yes,Mailed check,93.03,5953.14,No
6124-PPVYK,Female,0,No,No,34,Yes,No,No,No internet service,No internet service,No internet service,No internet service,No internet service,No internet service,Month-to-month,No,Credit card (automatic),27.33,964.4,No
1520-MAOIB,Male,0,No,No,1,Yes,No,No,No internet service,No internet service,No internet service,No internet service,No internet service,No internet service,Month-to-month,Yes,Bank transfer (automatic),30.91,31.25,No
3109-YBWGN,Female,0,Yes,Yes,63,Yes,Yes,No,No internet service,No internet service,No internet service,No internet service,No internet service,No internet service,Two year,No,Credit card (automatic),37.75,2348.26,No
2922-GYMWJ,Male,0,Yes,Yes,4,Yes,No,Fiber optic,No,No,No,No,Yes,Yes,One year,Yes,Credit card (automatic),99.76,386.3,No
9917-FJOBX,Female,1,No,No,62,Yes,No,No,No internet service,No internet service,No internet service,No internet service,No internet service,No internet service,One year,Yes,Mailed check,30.97,1901.68,No
9980-UBOAD,Male,0,Yes,No,65,Yes,Yes,DSL,Yes,No,No,No,Yes,Yes,Two year,Yes,Electronic check,95.33,6200.45,No
4579-FHVIL,Male,0,Yes,No,72,Yes,Yes,Fiber optic,No,No,No,No,No,Yes,Two year,Yes,Credit card (automatic),92.29,6751.38,No
3118-QLETB,Female,0,No,No,1,Yes,Yes,Fiber optic,No,No,Yes,No,No,No,Month-to-month,Yes,Credit card (automatic),95.45,93.86,Yes
6222-YJLQM,Female,1,Yes,Yes,2,Yes,No,DSL,Yes,Yes,No,No,No,Yes,Month-to-month,Yes,Mailed check,80.79,164.16,Yes
5846-JMOPJ,Female,0,No,No,66,Yes,Yes,No,No internet service,No internet service,No internet service,No internet service,No internet service,No internet service,One year,Yes,Credit card (automatic),42.92,2807.72,No
7026-AIXGQ,Female,0,Yes,Yes,69,Yes,No,Fiber optic,Yes,Yes,No,No,Yes,Yes,Month-to-month,Yes,Mailed check,107.75,7460.84,No
3195-OQLHJ,Female,0,No,No,69,Yes,No,Fiber optic,No,Yes,Yes,Yes,Yes,No,Two year,Yes,Bank transfer (automatic),99.76,7126.07,No
5689-XOQYR,Male,0,No,No,38,No,No phone service,DSL,No,No,No,No,Yes,No,One year,Yes,Electronic check,56.31,2140.65,No
3146-TRJVB,Male,0,No,No,27,Yes,No,Fiber optic,No,No,No,No,No,Yes,One year,No,Credit card (automatic),83.06,2346.83,No
8424-XUQNU,Male,0,No,No,8,Yes,Yes,Fiber optic,No,No,Yes,Yes,No,Yes,Two year,Yes,Electronic check,112.96,905.22,No
2217-KIWPS,Female,0,Yes,Yes,2,Yes,Yes,Fiber optic,Yes,Yes,No,No,No,No,Month-to-month,Yes,Bank transfer (automatic),99.46,208.22,No
2516-HXMSI,Male,0,No,No,63,Yes,No,DSL,Yes,No,No,No,No,No,One year,Yes,Electronic check,61.69,3792.9,No
1983-UBUDQ,Male,1,No,No,18,No,No phone service,Fiber optic,No,No,No,Yes,No,Yes,Two year,Yes,Electronic check,84.41,1535.18,Yes
5293-MASOH,Female,0,Yes,No,72,Yes,Yes,Fiber optic,No,Yes,No,No,No,No,One year,Yes,Bank transfer (automatic),92.51,6355.85,No
1928-ESRGS,Female,0,No,No,63,Yes,No,Fiber optic,Yes,No,No,Yes,Yes,No,Two year,Yes,Bank transfer (automatic),95.38,5938.96,No
2500-UTHZA,Male,1,Yes,No,2,Yes,No,Fiber optic,No,Yes,Yes,No,Yes,Yes,Month-to-month,Yes,Credit card (automatic),108.26,213.14,Yes
3832-PZLHV,Male,1,No,Yes,9,No,No phone service,DSL,Yes,Yes,No,Yes,No,Yes,Month-to-month,No,Electronic check,77.71,721.28,Yes
1361-OCUCO,Male,1,Yes,Yes,8,Yes,No,No,No internet service,No internet service,No internet service,No internet service,No internet service,No internet service,Month-to-month,Yes,Electronic check,28.02,235.29,No
1635-JVEMI,Male,1,No,No,30,Yes,Yes,Fiber optic,Yes,No,Yes,No,Yes,No,Month-to-month,No,Credit card (automatic),110.4,3411.56,No
2001-SHVPG,Male,1,No,No,46,Yes,No,DSL,No,No,Yes,Yes,Yes,No,One year,No,Electronic check,79.73,3527.01,No
3233-URXIK,Female,0,Yes,Yes,67,Yes,Yes,DSL,No,Yes,No,Yes,Yes,No,One year,Yes,Bank transfer (automatic),90.66,6115.62,No
2414-OPYUF,Female,1,No,No,29,Yes,No,DSL,Yes,No,No,No,Yes,Yes,One year,Yes,Bank transfer (automatic),86.19,2470.79,No
5957-TSGUS,Female,0,Yes,Yes,1,Yes,No,DSL,Yes,No,Yes,No,No,Yes,Month-to-month,Yes,Credit card (automatic),76.03,72.39,No
8749-BFTQR,Male,0,Yes,No,25,Yes,Yes,Fiber optic,Yes,No,No,No,Yes,Yes,Month-to-month,No,Mailed check,116.23,2925.06,No
8564-LKEGV,Female,0,Yes,Yes,68,Yes,Yes,Fiber optic,No,No,No,Yes,No,Yes,Two year,Yes,Electronic check,105.88,7201.39,No
2900-TDUQW,Male,1,Yes,Yes,63,Yes,No,DSL,Yes,Yes,No,No,Yes,No,Two year,No,Electronic check,83.87,5457.4,No
4339-NZBHW,Male,0,Yes,Yes,69,No,No phone service,No,No internet service,No internet service,No internet service,No internet service,No internet service,No internet service,Two year,No,Electronic check,18.25,1236.09,No
1563-ENPOQ,Female,1,No,No,55,Yes,Yes,No,No internet service,No internet service,No internet service,No internet service,No internet service,No internet service,Two year,Yes,Mailed check,41.56,2385.23,No
2150-PRHJE,Male,0,No,No,6,Yes,No,Fiber optic,No,Yes,No,No,No,Yes,Month-to-month,Yes,Mailed check,90.82,520.58,Yes
2764-RWAER,Male,0,No,No,27,Yes,No,DSL,Yes,No,No,No,No,Yes,One year,Yes,Credit card (automatic),75.15,1936.01,No
4148-IZSSC,Female,0,Yes,No,67,Yes,Yes,No,No internet service,No internet service,No internet service,No internet service,No internet service,No internet service,Two year,Yes,Mailed check,39.79,2632.24,No
3483-GLWKB,Male,0,No,No,17,Yes,No,DSL,No,Yes,No,Yes,No,Yes,Month-to-month,No,Mailed check,75.21,1247.27,No
5921-ZSSBM,Female,0,No,No,71,Yes,Yes,DSL,No,No,No,No,No,No,Month-to-month,No,Credit card (automatic),73.36,5331.86,No
1185-WFOOQ,Male,0,Yes,No,36,Yes,Yes,Fiber optic,No,Yes,Yes,Yes,No,Yes,Month-to-month,Yes,Mailed check,112.55,4219.41,No
9293-UMAVA,Female,0,No,No,38,Yes,Yes,DSL,Yes,Yes,Yes,Yes,Yes,Yes,Two year,No,Credit card (automatic),105.4,4018.87,No
4918-SUAXG,Male,0,No,No,66,Yes,No,DSL,Yes,No,Yes,Yes,No,No,Two year,No,Bank transfer (automatic),82.27,5231.08,No
5317-PLYBX,Male,0,No,No,30,Yes,Yes,Fiber optic,No,Yes,No,No,No,Yes,One year,No,Electronic check,109.84,3309.67,No
8778-UIVMJ,Female,0,Yes,No,43,Yes,No,No,No internet service,No internet service,No internet service,No internet service,No internet service,No internet service,Two year,Yes,Mailed check,38.98,1675.35,No
3514-JWLFV,Male,0,Yes,Yes,15,Yes,No,No,No internet service,No internet service,No internet service,No internet service,No internet service,No internet service,Month-to-month,No,Electronic check,29.21,423.13,No
4423-DAFMQ,Male,0,No,Yes,17,Yes,Yes,Fiber optic,No,No,No,No,No,No,One year,No,Electronic check,88.48,1432.38,No
2258-CZRZB,Male,0,No,No,5,Yes,Yes,Fiber optic,Yes,Yes,Yes,No,Yes,Yes,Month-to-month,Yes,Credit card (automatic),118.75,585.65,No
8200-ZZYTO,Male,0,Yes,Yes,63,Yes,No,DSL,No,No,Yes,No,No,No,Two year,No,Electronic check,61.34,4053.76,No
7211-WFLWA,Male,0,Yes,Yes,65,Yes,No,DSL,No,Yes,No,No,Yes,No,Two year,No,Credit card (automatic),72.08,4871.64,No
6658-PHXWZ,Male,0,No,No,29,Yes,Yes,Fiber optic,Yes,Yes,Yes,Yes,No,No,Month-to-month,No,Bank transfer (automatic),115.03,3490.92,No
7507-RGSZG,Female,0,No,No,3,Yes,No,Fiber optic,No,Yes,No,Yes,No,Yes,One year,Yes,Credit card (automatic),99.0,288.33,No
8556-BMTIV,Male,1,No,No,65,Yes,No,Fiber optic,Yes,Yes,Yes,Yes,Yes,Yes,Two year,Yes,Electronic check,118.75,8002.29,No
1432-PWBRO,Male,1,Yes,No,1,Yes,No,DSL,Yes,Yes,No,No,Yes,Yes,Month-to-month,Yes,Mailed check,88.96,88.9,No
4242-GFFAT,Male,0,Yes,No,5,Yes,No,Fiber optic,No,Yes,No,Yes,No,No,Month-to-month,No,Credit card (automatic),87.48,455.19,No
6531-XUHWO,Male,0,Yes,No,2,Yes,No,Fiber optic,No,No,No,Yes,No,No,Month-to-month,Yes,Bank transfer (automatic),81.15,157.91,Yes
9620-OQQGI,Female,0,Yes,Yes,28,Yes,No,No,No internet service,No internet service,No internet service,No internet service,No internet service,No internet service,One year,Yes,Bank transfer (automatic),32.07,891.54,No
1085-VMDWI,Male,0,Yes,Yes,6,Yes,Yes,Fiber optic,No,Yes,Yes,No,Yes,Yes,Month-to-month,Yes,Electronic check,118.4,693.4,Yes
9875-VDJYT,Female,0,No,No,1,Yes,No,DSL,Yes,No,Yes,No,No,No,Month-to-month,No,Mailed check,66.83,63.88,No
6833-IWFUX,Male,1,No,No,4,Yes,No,Fiber optic,No,No,Yes,No,No,No,Month-to-month,Yes,Mailed check,85.47,339.93,No
7894-UZXNE,Female,0,No,Yes,2,Yes,No,DSL,No,No,No,No,No,Yes,Month-to-month,No,Credit card (automatic),70.41,134.37,No
4853-LOXOM,Female,0,Yes,Yes,6,Yes,Yes,DSL,Yes,No,Yes,Yes,No,No,Month-to-month,No,Bank transfer (automatic),90.14,552.27,No
7494-WVFYN,Female,0,Yes,Yes,22,No,No phone service,DSL,No,No,No,No,No,No,Month-to-month,Yes,Mailed check,49.11,1078.05,No
1533-GGGJI,Female,0,Yes,Yes,4,Yes,No,DSL,No,No,No,Yes,Yes,No,Month-to-month,Yes,Mailed check,77.73,318.54,No
7899-XHLMS,Female,1,Yes,Yes,25,Yes,Yes,Fiber optic,Yes,No,Yes,No,No,Yes,Month-to-month,No,Credit card (automatic),108.48,2753.57,Yes
2609-KMCBF,Male,0,No,No,2,Yes,No,No,No internet service,No internet service,No internet service,No internet service,No internet service,No internet service,Month-to-month,Yes,Bank transfer (automatic),33.68,68.22,No
8493-IXOMA,Male,1,Yes,No,7,Yes,Yes,Fiber optic,Yes,No,Yes,No,Yes,No,Month-to-month,Yes,Bank transfer (automatic),105.55,772.58,No
5262-JHNCU,Female,0,Yes,Yes,66,No,No phone service,Fiber optic,No,No,Yes,No,Yes,No,One year,Yes,Mailed check,76.83,4907.56,No
5146-UJECI,Male,1,Yes,No,10,Yes,No,Fiber optic,No,No,No,No,No,No,Month-to-month,No,Mailed check,76.18,788.52,Yes
4509-SXBOD,Male,1,Yes,No,61,Yes,No,Fiber optic,No,No,No,Yes,No,Yes,One year,Yes,Mailed check,90.83,5680.62,No
6028-KAFJC,Female,1,No,No,12,Yes,Yes,DSL,Yes,Yes,Yes,No,No,Yes,Two year,Yes,Credit card (automatic),98.9,1184.89,No
3726-KTUIS,Male,0,Yes,Yes,68,Yes,Yes,DSL,Yes,Yes,Yes,No,No,No,One year,Yes,Electronic check,83.29,5501.72,No
5417-JJGTN,Female,0,No,No,60,Yes,Yes,No,No internet service,No internet service,No internet service,No internet service,No internet service,No internet service,One year,No,Electronic check,45.8,2677.53,No
5043-JTYYZ,Female,0,No,Yes,69,Yes,No,Fiber optic,No,No,Yes,No,Yes,No,One year,Yes,Bank transfer (automatic),94.37,6257.39,No
4792-MCGAH,Female,0,Yes,Yes,54,Yes,Yes,DSL,Yes,Yes,No,No,No,No,One year,Yes,Credit card (automatic),78.26,4215.62,No
5467-QIZWJ,Female,1,Yes,No,63,No,No phone service,Fiber optic,No,No,No,No,No,No,Two year,No,Credit card (automatic),65.63,4233.67,No
7721-UAGAC,Male,0,No,No,59,Yes,Yes,Fiber optic,No,No,No,Yes,Yes,Yes,Two year,No,Credit card (automatic),111.33,6833.1,No
7777-QDMDF,Male,0,No,No,64,Yes,No,No,No internet service,No internet service,No internet service,No internet service,No internet service,No internet service,Two year,Yes,Mailed check,26.17,1698.35,No
9563-JPXRR,Male,0,Yes,Yes,1,Yes,Yes,DSL,Yes,No,Yes,Yes,No,No,Month-to-month,No,Credit card (automatic),87.72,89.94,No
8291-TUKNN,Male,0,Yes,Yes,1,Yes,No,Fiber optic,Yes,Yes,Yes,No,Yes,Yes,Month-to-month,Yes,Mailed check,108.45,113.62,Yes
1906-YIRLZ,Female,0,Yes,Yes,7,Yes,Yes,No,No internet service,No internet service,No internet service,No internet service,No internet service,No internet service,Month-to-month,Yes,Mailed check,42.93,314.58,Yes
4173-GUPCR,Female,0,Yes,No,72,Yes,Yes,No,No internet service,No internet service,No internet service,No internet service,No internet service,No internet service,Month-to-month,No,Credit card (automatic),37.32,2820.69,No
6909-ACEUU,Male,0,Yes,Yes,22,No,No phone service,Fiber optic,No,No,Yes,Yes,No,No,Two year,Yes,Bank transfer (automatic),79.86,1749.2,No
1315-GVQOE,Male,0,Yes,Yes,68,Yes,No,Fiber optic,No,Yes,No,No,No,No,One year,Yes,Bank transfer (automatic),77.27,5118.64,No
8763-VAREM,Female,1,Yes,No,66,Yes,No,No,No internet service,No internet service,No internet service,No internet service,No internet service,No internet service,Month-to-month,No,Electronic check,28.98,1975.64,No
6418-SOWDV,Male,0,Yes,No,11,No,No phone service,Fiber optic,No,No,Yes,No,No,Yes,Month-to-month,Yes,Mailed check,78.6,829.28,Yes
6822-GPKOH,Male,1,Yes,No,17,Yes,Yes,No,No internet service,No internet service,No internet service,No internet service,No internet service,No internet service,One year,No,Electronic check,41.96,691.23,No
2385-ZTMSZ,Male,0,No,No,57,Yes,Yes,Fiber optic,No,No,Yes,Yes,Yes,Yes,Two year,Yes,Electronic check,118.75,6707.14,No
8129-DINZC,Female,0,No,No,12,Yes,Yes,No,No internet service,No internet service,No internet service,No internet service,No internet service,No internet service,One year,Yes,Bank transfer (automatic),41.55,486.03,No
2095-QLHLR,Female,0,No,No,71,Yes,Yes,No,No internet service,No internet service,No internet service,No internet service,No internet service,No internet service,One year,No,Electronic check,43.8,3080.65,No
5662-SIEID,Female,0,Yes,Yes,17,Yes,Yes,Fiber optic,No,No,Yes,No,Yes,No,Two year,No,Mailed check,104.07,1722.95,No
7705-SOVKX,Female,0,No,No,6,Yes,Yes,DSL,Yes,Yes,Yes,No,Yes,No,One year,Yes,Mailed check,97.31,611.07,No
9427-PSRRB,Male,0,Yes,No,69,Yes,No,DSL,No,No,No,No,No,No,Two year,Yes,Bank transfer (automatic),54.44,3913.97,No
2482-LMZCR,Male,0,No,No,20,Yes,Yes,No,No internet service,No internet service,No internet service,No internet service,No internet service,No internet service,Month-to-month,Yes,Mailed check,47.67,930.16,No
5650-QIKBT,Female,0,Yes,No,2,Yes,No,DSL,No,Yes,Yes,Yes,Yes,No,Month-to-month,Yes,Bank transfer (automatic),77.72,148.28,No
1670-WWUYH,Male,0,Yes,Yes,3,Yes,No,No,No internet service,No internet service,No internet service,No internet service,No internet service,No internet service,Month-to-month,Yes,Electronic check,30.06,89.47,No
5617-CXHQX,Female,0,No,No,8,Yes,Yes,DSL,No,No,No,No,No,Yes,Month-to-month,Yes,Bank transfer (automatic),76.63,603.65,No
5017-IJDZV,Female,0,No,No,11,No,No phone service,No,No internet service,No internet service,No internet service,No internet service,No internet service,No internet service,Month-to-month,Yes,Bank transfer (automatic),20.54,219.63,Yes
9877-FFENM,Female,1,No,No,15,Yes,No,No,No internet service,No internet service,No internet service,No internet service,No internet service,No internet service,Two year,No,Mailed check,34.7,537.52,No
6885-WROOR,Female,0,Yes,No,15,Yes,No,No,No internet service,No internet service,No internet service,No internet service,No internet service,No internet service,One year,Yes,Electronic check,23.02,344.72,No
1790-XKIHL,Female,0,Yes,Yes,68,No,No phone service,DSL,No,No,Yes,Yes,Yes,No,Two year,Yes,Bank transfer (automatic),64.86,4554.51,No
8739-CCNDS,Female,1,Yes,No,34,Yes,Yes,No,No internet service,No internet service,No internet service,No internet service,No internet service,No internet service,Two year,No,Mailed check,38.81,1334.15,No
2060-VWYYR,Male,0,No,No,32,Yes,Yes,Fiber optic,No,Yes,No,No,Yes,No,Month-to-month,Yes,Mailed check,107.7,3456.19,No
9548-UHYYM,Male,1,No,No,68,Yes,No,DSL,Yes,Yes,No,Yes,No,No,One year,Yes,Credit card (automatic),72.66,4872.49,No
2979-DKBYG,Male,0,No,Yes,65,No,No phone service,No,No internet service,No internet service,No internet service,No internet service,No internet service,No internet service,Two year,Yes,Electronic check,21.06,1351.13,No
7255-SCCPN,Female,1,Yes,Yes,2,Yes,No,DSL,No,No,No,Yes,Yes,No,Month-to-month,No,Mailed check,68.38,133.24,No
1988-TLUET,Male,0,No,No,67,Yes,No,DSL,No,Yes,No,No,Yes,No,One year,Yes,Bank transfer (automatic),71.66,4734.7,No
9019-FTUNO,Female,1,Yes,No,58,Yes,No,Fiber optic,Yes,Yes,Yes,Yes,No,No,Two year,No,Credit card (automatic),101.49,5682.33,No
6512-ZEMSM,Male,0,Yes,Yes,61,Yes,No,Fiber optic,No,No,Yes,Yes,Yes,No,Two year,Yes,Credit card (automatic),105.56,6529.95,No
5790-OVSLB,Female,0,No,Yes,25,Yes,Yes,No,No internet service,No internet service,No internet service,No internet service,No internet service,No internet service,Month-to-month,Yes,Bank transfer (automatic),36.45,885.65,No
2982-QIEYE,Male,0,No,No,69,Yes,Yes,DSL,No,No,Yes,No,No,No,One year,Yes,Credit card (automatic),72.92,5236.45,No
1504-OEEMZ,Female,0,Yes,No,48,No,No phone service,DSL,No,No,Yes,Yes,No,No,One year,No,Electronic check,55.02,2623.19,No
1989-PRKAO,Female,0,Yes,Yes,1,Yes,Yes,No,No internet service,No internet service,No internet service,No internet service,No internet service,No internet service,Month-to-month,No,Mailed check,40.69,41.7,No
6907-XVOFO,Male,0,Yes,Yes,38,Yes,Yes,DSL,No,No,No,Yes,No,Yes,Two year,Yes,Credit card (automatic),81.02,3155.89,No
6914-LKKVN,Male,1,Yes,No,18,Yes,Yes,DSL,No,No,No,Yes,No,No,Month-to-month,Yes,Electronic check,77.33,1353.55,No
2776-TAART,Female,0,Yes,No,71,Yes,No,No,No internet service,No internet service,No internet service,No internet service,No internet service,No internet service,One year,No,Credit card (automatic),28.45,2049.09,No
1157-VTVAB,Male,1,Yes,No,2,Yes,No,Fiber optic,No,Yes,No,No,No,Yes,Month-to-month,Yes,Electronic check,85.41,172.81,Yes
5029-MUNNT,Male,0,Yes,Yes,16,Yes,No,DSL,No,Yes,No,No,Yes,No,Two year,No,Credit card (automatic),70.5,1162.86,No
8121-TYFAU,Female,1,No,No,65,Yes,No,No,No internet service,No internet service,No internet service,No internet service,No internet service,No internet service,Two year,Yes,Mailed check,35.02,2321.24,No
1575-OXNHH,Female,1,No,No,67,Yes,No,No,No internet service,No internet service,No internet service,No internet service,No internet service,No internet service,Two year,No,Electronic check,33.78,2302.1,No
3532-RRMHL,Female,0,No,No,6,Yes,Yes,No,No internet service,No internet service,No internet service,No internet service,No internet service,No internet service,One year,Yes,Credit card (automatic),37.18,233.05,No
7707-YEKBM,Male,1,No,No,68,Yes,No,DSL,No,No,Yes,No,Yes,No,Two year,No,Bank transfer (automatic),66.42,4564.1,Yes
5692-RGIID,Male,1,No,No,60,Yes,Yes,DSL,Yes,No,No,No,No,No,Month-to-month,No,Credit card (automatic),73.36,4438.55,No
8715-KRCPE,Female,0,Yes,Yes,65,No,No phone service,Fiber optic,No,Yes,No,No,Yes,No,Two year,No,Mailed check,85.81,5397.45,No
2686-LPMPA,Female,0,Yes,No,23,Yes,Yes,Fiber optic,No,Yes,No,Yes,No,Yes,One year,No,Bank transfer (automatic),108.07,2399.08,No
1661-FIDDE,Female,0,No,No,6,Yes,Yes,Fiber optic,No,Yes,Yes,No,No,No,Month-to-month,No,Mailed check,101.37,620.73,No
3941-KZFFV,Male,0,No,No,8,Yes,No,No,No internet service,No internet service,No internet service,No internet service,No internet service,No internet service,Month-to-month,No,Credit card (automatic),25.93,214.66,No
7372-RXIYJ,Male,0,No,No,71,Yes,No,DSL,Yes,Yes,Yes,No,Yes,Yes,Two year,Yes,Mailed check,93.79,6854.67,No
8263-FAXTZ,Male,0,No,No,62,Yes,No,Fiber optic,No,No,No,No,No,Yes,Two year,Yes,Bank transfer (automatic),86.54,5597.11,No
8560-TVUBJ,Male,0,Yes,Yes,64,Yes,No,No,No internet service,No internet service,No internet service,No internet service,No internet service,No internet service,Two year,Yes,Electronic check,24.74,1527.8,No
6488-CNDDM,Male,0,Yes,Yes,66,No,No phone service,Fiber optic,No,Yes,No,Yes,No,No,Two year,Yes,Bank transfer (automatic),80.6,5512.46,No
8841-JDSFT,Male,1,Yes,No,19,Yes,No,Fiber optic,Yes,Yes,No,No,No,Yes,Month-to-month,Yes,Mailed check,96.66,1846.47,No
1405-BUVWK,Female,1,Yes,No,25,Yes,No,Fiber optic,Yes,No,No,No,Yes,Yes,One year,No,Credit card (automatic),99.02,2528.69,No
7687-PFDLF,Male,0,Yes,No,17,Yes,Yes,DSL,No,No,No,No,No,Yes,Two year,Yes,Mailed check,81.36,1355.11,No
5224-DNJKU,Female,0,Yes,No,63,Yes,Yes,Fiber optic,No,Yes,Yes,Yes,No,Yes,Two year,No,Mailed check,113.15,6786.74,No
9513-GDUWF,Female,0,Yes,Yes,3,Yes,No,DSL,No,No,No,No,No,No,Month-to-month,Yes,Credit card (automatic),52.99,151.12,No
3895-ETFAV,Female,0,Yes,No,63,Yes,Yes,DSL,Yes,Yes,No,Yes,No,Yes,One year,Yes,Bank transfer (automatic),94.97,5804.08,No
8725-VTSBO,Male,0,Yes,Yes,6,No,No phone service,No,No internet service,No internet service,No internet service,No internet service,No internet service,No internet service,Month-to-month,No,Bank transfer (automatic),18.25,106.97,No
6114-DFYAT,Female,0,Yes,Yes,24,Yes,No,DSL,No,No,No,No,Yes,Yes,One year,Yes,Bank transfer (automatic),77.87,1884.54,No
1182-GEXFD,Female,0,Yes,Yes,21,No,No phone service,Fiber optic,Yes,No,Yes,Yes,No,Yes,Month-to-month,Yes,Mailed check,92.19,2005.12,No
9804-XNNJQ,Female,0,Yes,Yes,1,Yes,Yes,No,No internet service,No internet service,No internet service,No internet service,No internet service,No internet service,Month-to-month,Yes,Bank transfer (automatic),38.87,38.22,Yes
2351-DQXQA,Female,0,No,No,72,Yes,No,DSL,Yes,No,No,No,Yes,Yes,Two year,Yes,Bank transfer (automatic),75.66,5627.09,No
8614-FCNSQ,Female,0,No,No,60,Yes,No,Fiber optic,Yes,Yes,Yes,No,No,Yes,Two year,No,Bank transfer (automatic),97.68,5704.2,No
2862-MKROX,Female,1,Yes,No,61,Yes,No,Fiber optic,No,Yes,No,Yes,No,Yes,One year,Yes,Electronic check,105.25,6374.95,No
7326-HVJHV,Male,0,Yes,Yes,19,Yes,Yes,Fiber optic,No,Yes,No,Yes,No,Yes,Month-to-month,Yes,Mailed check,109.71,1999.88,Yes
3360-CMSUM,Female,0,No,No,25,Yes,Yes,DSL,Yes,No,No,No,Yes,No,Month-to-month,No,Credit card (automatic),88.49,2198.52,No
3577-LAFDV,Male,1,No,No,11,Yes,Yes,DSL,No,No,No,No,Yes,Yes,Month-to-month,Yes,Electronic check,88.63,994.25,Yes
4247-QZPNJ,Female,0,No,No,22,Yes,Yes,DSL,No,Yes,No,No,Yes,Yes,One year,Yes,Credit card (automatic),89.41,2030.32,No
4345-GZNOQ,Male,0,Yes,Yes,64,Yes,No,DSL,No,No,No,Yes,No,No,Month-to-month,No,Electronic check,64.04,4078.17,No
1622-FLXMX,Male,0,No,No,42,Yes,Yes,Fiber optic,Yes,No,Yes,No,No,Yes,Two year,Yes,Mailed check,113.71,4650.5,No
9484-WRCJG,Female,0,No,Yes,22,Yes,Yes,No,No internet service,No internet service,No internet service,No internet service,No internet service,No internet service,One year,No,Electronic check,37.34,782.67,No
2549-PJPRZ,Female,1,No,No,52,Yes,Yes,Fiber optic,Yes,Yes,No,No,Yes,No,Two year,Yes,Bank transfer (automatic),110.91,5890.31,No
6944-URSDA,Male,0,Yes,No,65,Yes,No,DSL,Yes,No,Yes,No,Yes,No,One year,Yes,Credit card (automatic),76.34,4868.13,No
8141-LXQKR,Male,0,No,No,69,Yes,No,No,No internet service,No internet service,No internet service,No internet service,No internet service,No internet service,Two year,No,Bank transfer (automatic),29.02,2038.13,No
1603-KLZMM,Female,0,No,No,62,No,No phone service,Fiber optic,Yes,Yes,Yes,No,No,Yes,Two year,Yes,Electronic check,92.28,5802.83,No
5879-VPNGO,Male,0,No,No,46,Yes,No,Fiber optic,No,No,No,Yes,No,Yes,One year,Yes,Bank transfer (automatic),89.52,3973.5,No
6871-SCSGI,Female,1,Yes,Yes,53,Yes,Yes,Fiber optic,No,No,No,No,Yes,Yes,One year,Yes,Electronic check,102.49,5630.21,No
6085-DMECJ,Male,0,No,Yes,59,Yes,Yes,No,No internet service,No internet service,No internet service,No internet service,No internet service,No internet service,Two year,No,Bank transfer (automatic),43.18,2482.59,No
7560-GRHOZ,Female,0,Yes,Yes,12,Yes,No,Fiber optic,No,No,Yes,No,Yes,No,Month-to-month,No,Credit card (automatic),95.03,1156.43,Yes
4733-PGIPA,Female,0,Yes,No,6,Yes,No,Fiber optic,No,Yes,No,Yes,No,Yes,Month-to-month,Yes,Mailed check,99.68,601.03,No
6699-ITKLR,Male,0,No,No,10,Yes,Yes,Fiber optic,Yes,Yes,Yes,No,Yes,No,Month-to-month,Yes,Bank transfer (automatic),116.01,1170.02,Yes
7029-FMNFB,Male,0,Yes,No,68,Yes,No,Fiber optic,No,Yes,No,No,Yes,Yes,One year,No,Bank transfer (automatic),97.31,6586.35,No
2491-ADUMF,Male,0,No,Yes,16,Yes,No,DSL,Yes,Yes,No,Yes,No,No,One year,Yes,Electronic check,75.4,1209.8,No
7161-FTETR,Female,0,No,No,5,Yes,Yes,No,No internet service,No internet service,No internet service,No internet service,No internet service,No internet service,Month-to-month,Yes,Electronic check,39.05,200.31,No
8556-FSEYF,Female,0,Yes,Yes,19,Yes,Yes,DSL,Yes,No,Yes,Yes,No,No,Month-to-month,No,Bank transfer (automatic),88.75,1664.82,Yes
9273-LOPBR,Female,0,No,No,17,Yes,No,Fiber optic,No,No,Yes,Yes,Yes,No,One year,No,Electronic check,100.71,1754.21,No
1083-UPAAO,Male,0,No,No,60,Yes,No,Fiber optic,Yes,No,Yes,Yes,No,No,Month-to-month,No,Mailed check,91.84,5292.95,No
8058-KZALZ,Male,0,Yes,Yes,10,Yes,Yes,DSL,Yes,No,No,Yes,Yes,Yes,One year,No,Mailed check,95.73,965.32,No
3527-KHTUO,Male,0,No,Yes,6,Yes,Yes,No,No internet service,No internet service,No internet service,No internet service,No internet service,No internet service,Month-to-month,Yes,Bank transfer (automatic),44.66,267.82,Yes
4239-RNPQH,Male,1,Yes,Yes,34,Yes,No,DSL,No,No,No,No,No,Yes,Month-to-month,Yes,Credit card (automatic),60.62,2105.34,No
8935-ZUUQA,Female,0,Yes,Yes,40,Yes,No,Fiber optic,No,No,Yes,Yes,Yes,No,Two year,Yes,Electronic check,100.74,4007.03,No
4241-MXHYS,Female,0,Yes,Yes,1,Yes,No,Fiber optic,Yes,No,No,No,Yes,No,Month-to-month,Yes,Electronic check,91.45,93.17,Yes
6992-QOAJM,Female,0,Yes,No,5,Yes,No,Fiber optic,No,Yes,Yes,No,Yes,No,Month-to-month,Yes,Electronic check,101.62,524.74,Yes
5045-SKYVG,Male,1,Yes,No,1,Yes,Yes,DSL,No,Yes,No,Yes,No,Yes,Month-to-month,Yes,Bank transfer (automatic),87.16,85.26,No
9089-URZOT,Female,0,No,No,2,Yes,No,DSL,No,No,No,No,Yes,Yes,Month-to-month,Yes,Electronic check,73.91,146.25,Yes
1933-TUYIN,Female,0,No,No,36,Yes,No,No,No internet service,No internet service,No internet service,No internet service,No internet service,No internet service,Two year,Yes,Electronic check,27.55,971.28,No
1491-RKIZO,Female,1,No,No,56,Yes,No,Fiber optic,No,No,No,No,Yes,Yes,One year,No,Electronic check,89.34,4860.63,No
8249-OXTLP,Female,1,Yes,Yes,10,No,No phone service,Fiber optic,Yes,No,No,No,Yes,Yes,Month-to-month,Yes,Bank transfer (automatic),91.58,923.01,No
9843-NZHVJ,Male,0,No,No,44,Yes,No,Fiber optic,No,No,Yes,No,No,No,One year,No,Bank transfer (automatic),84.09,3879.57,No
7607-NQNKT,Male,0,Yes,No,8,Yes,No,DSL,Yes,No,No,Yes,No,Yes,Month-to-month,No,Electronic check,80.89,616.6,No
1946-DBWQV,Female,0,Yes,Yes,52,Yes,No,No,No internet service,No internet service,No internet service,No internet service,No internet service,No internet service,Two year,Yes,Credit card (automatic),30.66,1555.52,No
7388-HUYEY,Male,0,Yes,No,72,Yes,No,No,No internet service,No internet service,No internet service,No internet service,No internet service,No internet service,One year,No,Bank transfer (automatic),33.86,2557.24,No
5885-UGGKI,Male,1,Yes,No,1,Yes,No,No,No internet service,No internet service,No internet service,No internet service,No internet service,No internet service,Month-to-month,No,Electronic check,26.23,25.72,No
2836-ECJAG,Female,0,Yes,No,9,Yes,Yes,No,No internet service,No internet service,No internet service,No internet service,No internet service,No internet service,Month-to-month,Yes,Bank transfer (automatic),41.4,354.0,No
8403-BNBII,Female,1,No,No,69,Yes,No,Fiber optic,Yes,No,No,No,Yes,No,Two year,Yes,Mailed check,93.24,6748.95,No
5763-JAHUF,Female,0,No,No,44,Yes,No,Fiber optic,No,No,Yes,No,No,No,Two year,No,Bank transfer (automatic),86.76,3917.17,No
7592-GHLXD,Male,0,Yes,Yes,43,Yes,No,Fiber optic,No,Yes,Yes,Yes,Yes,No,One year,Yes,Mailed check,107.04,4446.47,Yes
2342-LEDIZ,Male,0,Yes,Yes,1,Yes,No,No,No internet service,No internet service,No internet service,No internet service,No internet service,No internet service,Month-to-month,Yes,Mailed check,27.53,26.52,No
4895-SVKIJ,Female,0,Yes,Yes,19,Yes,Yes,No,No internet service,No internet service,No internet service,No internet service,No internet service,No internet service,One year,Yes,Electronic check,39.35,750.66,No
7697-SSSQX,Female,0,No,No,68,Yes,No,Fiber optic,Yes,Yes,Yes,No,Yes,No,Two year,No,Credit card (automatic),108.5,7017.61,No
1727-BVDNF,Female,0,No,No,63,Yes,Yes,Fiber optic,No,No,No,Yes,No,No,Two year,Yes,Credit card (automatic),97.34,6286.75,No
4550-JVKSK,Female,0,No,No,58,Yes,Yes,No,No internet service,No internet service,No internet service,No internet service,No internet service,No internet service,Two year,No,Mailed check,41.12,2345.68,No
2645-VNIAW,Female,0,No,No,25,Yes,Yes,Fiber optic,No,No,Yes,No,No,No,Month-to-month,Yes,Mailed check,97.9,2563.52,Yes
3741-PUMUA,Female,0,Yes,Yes,2,Yes,Yes,No,No internet service,No internet service,No internet service,No internet service,No internet service,No internet service,Month-to-month,No,Electronic check,42.04,80.04,No
1510-BWVWC,Male,0,No,No,24,No,No phone service,Fiber optic,Yes,Yes,No,Yes,No,No,One year,Yes,Electronic check,81.71,2034.12,No
9879-CJBTR,Female,0,Yes,Yes,9,Yes,No,Fiber optic,No,No,No,No,Yes,No,Month-to-month,Yes,Credit card (automatic),92.91,824.52,Yes
2484-PPUDX,Female,0,Yes,No,15,Yes,No,Fiber optic,Yes,Yes,Yes,Yes,Yes,Yes,Month-to-month,Yes,Mailed check,117.32,1789.28,No
7122-AJDCV,Female,0,No,No,53,No,No phone service,DSL,No,No,No,No,Yes,No,Two year,Yes,Bank transfer (automatic),50.63,2817.33,No
4647-VONCL,Male,0,Yes,No,2,No,No phone service,DSL,No,No,No,No,Yes,Yes,Month-to-month,No,Credit card (automatic),66.53,136.71,Yes
9068-BAAIY,Female,0,No,No,66,Yes,Yes,DSL,No,Yes,Yes,Yes,No,No,One year,Yes,Mailed check,85.75,5731.55,No
4342-STYWX,Male,0,Yes,Yes,28,Yes,No,DSL,No,Yes,Yes,Yes,No,Yes,Month-to-month,Yes,Credit card (automatic),87.44,2408.94,No
6990-AXSPC,Female,0,No,No,70,Yes,Yes,Fiber optic,No,No,Yes,No,Yes,Yes,Month-to-month,No,Bank transfer (automatic),118.75,8326.13,No
4604-FDTHJ,Male,1,Yes,No,3,No,No phone service,Fiber optic,Yes,Yes,No,No,Yes,No,Month-to-month,Yes,Electronic check,94.24,283.7,Yes
3208-BWWVB,Female,0,Yes,No,10,Yes,No,DSL,Yes,Yes,No,No,Yes,No,Month-to-month,No,Electronic check,75.8,770.74,Yes
1854-YVMRY,Male,0,No,No,2,Yes,No,DSL,No,No,No,No,No,Yes,Month-to-month,Yes,Electronic check,61.0,125.7,No
8719-MNJEL,Male,0,No,No,66,Yes,No,Fiber optic,No,Yes,No,Yes,Yes,No,Month-to-month,Yes,Electronic check,99.48,6802.41,No
9862-AKBXY,Male,1,No,Yes,27,Yes,Yes,Fiber optic,No,No,No,No,No,Yes,Month-to-month,Yes,Bank transfer (automatic),100.6,2755.11,Yes
3970-XUTSQ,Female,0,No,No,69,Yes,No,DSL,No,Yes,No,No,No,No,Two year,No,Electronic check,66.65,4549.51,No
1975-ZPVYL,Male,0,No,No,19,Yes,No,Fiber optic,No,No,No,Yes,No,No,One year,No,Mailed check,84.47,1667.59,Yes
9034-REDLV,Male,0,No,No,20,Yes,Yes,DSL,Yes,No,No,No,Yes,Yes,One year,Yes,Electronic check,92.41,1879.59,No
2039-OXRDR,Female,0,Yes,Yes,21,Yes,Yes,Fiber optic,No,No,No,No,Yes,No,Month-to-month,No,Bank transfer (automatic),103.17,2083.29,Yes
4768-WPPFB,Male,1,Yes,No,1,Yes,No,DSL,No,No,No,No,No,No,Month-to-month,Yes,Mailed check,54.87,52.41,No
6317-JWNMS,Female,0,Yes,Yes,65,No,No phone service,DSL,No,No,Yes,Yes,No,Yes,Two year,Yes,Electronic check,66.06,4133.11,No
3222-BUFUV,Female,0,No,No,46,Yes,No,DSL,No,No,No,No,No,No,Two year,No,Bank transfer (automatic),57.92,2740.09,No
6584-PORSZ,Male,1,Yes,No,23,Yes,Yes,Fiber optic,Yes,No,No,Yes,No,No,Month-to-month,No,Mailed check,96.34,2317.27,No
2727-VWSQO,Male,0,No,No,71,Yes,Yes,Fiber optic,No,Yes,No,No,No,Yes,Two year,No,Bank transfer (automatic),98.65,7155.07,No
7628-WBHAE,Female,0,No,No,9,Yes,No,DSL,No,Yes,Yes,No,No,No,Month-to-month,Yes,Electronic check,71.04,611.91,No
2066-DBFKN,Male,0,No,No,20,Yes,Yes,Fiber optic,No,No,No,Yes,Yes,No,One year,Yes,Credit card (automatic),102.73,2089.69,No
7634-UUYXT,Male,0,Yes,No,62,Yes,Yes,No,No internet service,No internet service,No internet service,No internet service,No internet service,No internet service,Two year,Yes,Mailed check,43.51,2598.71,No
5147-GUKBO,Male,0,Yes,No,6,Yes,Yes,DSL,No,No,No,No,Yes,No,Month-to-month,No,Bank transfer (automatic),75.17,448.97,Yes
2234-RMCAU,Female,0,No,No,13,Yes,No,Fiber optic,Yes,Yes,Yes,No,No,No,Month-to-month,No,Credit card (automatic),93.68,1178.65,Yes
4868-HOGOJ,Male,0,Yes,No,68,Yes,Yes,Fiber optic,No,No,Yes,No,No,No,One year,Yes,Bank transfer (automatic),92.04,6350.74,No
7618-ARWIX,Female,0,Yes,Yes,25,Yes,Yes,DSL,No,No,Yes,No,Yes,Yes,Month-to-month,Yes,Mailed check,89.93,2280.87,No
9216-AVSLI,Female,1,Yes,Yes,47,Yes,Yes,Fiber optic,No,Yes,Yes,No,Yes,Yes,One year,Yes,Electronic check,116.89,5720.59,No
8081-PFQOV,Male,0,Yes,No,6,No,No phone service,Fiber optic,No,Yes,No,No,Yes,No,Month-to-month,Yes,Mailed check,85.36,497.24,Yes
1665-MDZCD,Male,0,Yes,No,21,Yes,Yes,Fiber optic,No,No,Yes,Yes,No,No,Month-to-month,No,Electronic check,93.38,2046.01,No
1263-HJYZL,Female,0,No,No,18,Yes,No,No,No internet service,No internet service,No internet service,No internet service,No internet service,No internet service,One year,No,Electronic check,30.66,567.45,No
8062-EWRQH,Female,0,Yes,No,70,Yes,Yes,Fiber optic,No,No,No,No,Yes,Yes,Two year,Yes,Electronic check,105.48,7095.17,No
7655-TPWUF,Female,0,No,No,7,Yes,Yes,Fiber optic,No,No,Yes,No,No,No,Month-to-month,Yes,Credit card (automatic),99.64,686.54,Yes
2568-KWHDZ,Male,0,Yes,No,4,Yes,No,Fiber optic,No,Yes,No,Yes,Yes,No,One year,Yes,Electronic check,102.32,423.41,No
7567-DZRJN,Male,0,No,No,67,Yes,No,No,No internet service,No internet service,No internet service,No internet service,No internet service,No internet service,Month-to-month,Yes,Mailed check,36.4,2348.48,No
1234-DURDU,Male,0,No,No,1,Yes,No,Fiber optic,No,No,Yes,Yes,No,Yes,Month-to-month,Yes,Mailed check,99.58,96.3,No
7358-CTKTO,Male,1,Yes,No,50,Yes,No,Fiber optic,Yes,No,Yes,Yes,No,No,Two year,Yes,Credit card (automatic),100.11,5144.45,No
8133-AEPDV,Male,0,Yes,No,4,Yes,No,Fiber optic,No,No,No,No,No,No,Month-to-month,Yes,Mailed check,75.44,301.95,No
7553-WPQUK,Female,1,Yes,Yes,8,No,No phone service,Fiber optic,No,No,Yes,No,No,No,One year,Yes,Credit card (automatic),73.45,598.77,No
1753-DJEMM,Male,0,No,No,3,Yes,No,Fiber optic,Yes,No,Yes,Yes,Yes,No,Month-to-month,Yes,Mailed check,100.74,306.6,No
5839-BBJYY,Male,1,No,Yes,39,Yes,No,No,No internet service,No internet service,No internet service,No internet service,No internet service,No internet service,Two year,No,Bank transfer (automatic),35.04,1322.8,No
4379-CYIHY,Male,0,No,No,45,Yes,No,No,No internet service,No internet service,No internet service,No internet service,No internet service,No internet service,Month-to-month,No,Electronic check,34.13,1607.73,Yes
6573-DVKAN,Female,0,Yes,Yes,70,No,No phone service,Fiber optic,No,No,No,Yes,Yes,No,One year,Yes,Bank transfer (automatic),80.58,5826.72,No
9560-VIKBE,Male,0,Yes,Yes,68,Yes,No,No,No internet service,No internet service,No internet service,No internet service,No internet service,No internet service,One year,Yes,Electronic check,30.31,2010.68,No
6930-YBUAJ,Female,0,Yes,Yes,3,No,No phone service,No,No internet service,No internet service,No internet service,No internet service,No internet service,No internet service,Month-to-month,No,Mailed check,23.73,72.35,No
4730-ITEDH,Male,0,Yes,Yes,1,Yes,Yes,No,No internet service,No internet service,No internet service,No internet service,No internet service,No internet service,Month-to-month,Yes,Electronic check,43.19,41.07,Yes
7778-APVFR,Male,0,No,No,67,Yes,No,DSL,No,Yes,Yes,No,No,No,One year,Yes,Electronic check,70.58,4496.77,No
4968-DSSAC,Male,0,Yes,No,70,No,No phone service,DSL,Yes,No,No,No,Yes,No,Two year,Yes,Electronic check,61.95,4137.75,No
3406-XPXXF,Female,0,No,No,7,Yes,Yes,Fiber optic,Yes,No,No,No,No,No,Month-to-month,No,Bank transfer (automatic),93.44,653.88,Yes
2785-UHSUH,Male,0,No,No,37,Yes,No,Fiber optic,No,No,Yes,No,Yes,Yes,One year,Yes,Mailed check,99.7,3730.98,No
1507-UNUNG,Male,0,No,No,18,Yes,Yes,DSL,No,No,No,Yes,Yes,Yes,Two year,Yes,Mailed check,89.52,1555.36,No
4224-RQWMT,Male,0,Yes,Yes,4,Yes,No,Fiber optic,No,Yes,Yes,No,Yes,Yes,Month-to-month,Yes,Credit card (automatic),105.26,421.16,Yes
3476-RHTCC,Female,1,No,Yes,63,Yes,Yes,Fiber optic,No,Yes,No,Yes,Yes,No,Two year,No,Electronic check,109.1,6960.21,No
9698-DCMYW,Male,0,No,No,2,Yes,Yes,Fiber optic,No,Yes,No,No,Yes,No,Month-to-month,Yes,Bank transfer (automatic),103.16,209.68,No
9471-CCABR,Male,1,No,No,61,Yes,Yes,Fiber optic,No,Yes,No,Yes,Yes,No,Two year,Yes,Mailed check,110.89,6993.44,No
7272-DIZIM,Male,0,No,No,25,Yes,Yes,DSL,No,Yes,Yes,Yes,Yes,Yes,One year,Yes,Credit card (automatic),104.73,2608.22,No
8130-VRJMZ,Male,0,No,Yes,43,Yes,No,No,No internet service,No internet service,No internet service,No internet service,No internet service,No internet service,One year,No,Bank transfer (automatic),33.78,1520.98,No
6682-WKTHN,Female,0,No,No,40,Yes,No,Fiber optic,No,No,Yes,No,No,Yes,Two year,No,Electronic check,96.3,4022.82,No
9735-DTZVD,Female,0,Yes,No,55,Yes,Yes,DSL,No,No,Yes,No,No,No,One year,Yes,Mailed check,76.32,4401.13,No
6092-HEQFD,Male,0,No,No,64,No,No phone service,Fiber optic,No,Yes,Yes,No,Yes,Yes,One year,No,Bank transfer (automatic),98.58,6595.5,No
8633-ZRTOI,Male,0,No,No,14,Yes,No,DSL,No,No,Yes,No,No,No,One year,No,Mailed check,57.03,807.78,No
5088-GJONN,Male,0,No,No,67,Yes,Yes,Fiber optic,No,Yes,No,No,No,Yes,One year,No,Bank transfer (automatic),100.98,6760.73,No
8728-EZLMJ,Male,0,No,No,59,Yes,No,Fiber optic,No,No,Yes,Yes,No,Yes,One year,No,Credit card (automatic),97.36,5700.75,No
7207-SNOZH,Male,0,Yes,Yes,1,Yes,Yes,DSL,Yes,Yes,No,No,Yes,Yes,Month-to-month,No,Bank transfer (automatic),107.38,106.53,Yes
9201-LSDQI,Female,0,No,No,10,Yes,Yes,Fiber optic,No,Yes,Yes,No,No,Yes,Month-to-month,Yes,Mailed check,113.51,1135.97,Yes
2183-RVSKJ,Female,0,No,Yes,27,Yes,No,Fiber optic,Yes,Yes,Yes,Yes,Yes,No,One year,No,Credit card (automatic),112.41,3069.42,No
4106-CUSKC,Female,0,Yes,No,62,Yes,No,DSL,No,Yes,No,No,Yes,No,Two year,Yes,Credit card (automatic),73.76,4495.79,No
1564-MHXCU,Female,0,Yes,Yes,66,No,No phone service,No,No internet service,No internet service,No internet service,No internet service,No internet service,No internet service,Two year,Yes,Mailed check,18.25,1203.92,No
5314-FQDUC,Female,0,No,No,14,Yes,No,Fiber optic,Yes,No,No,Yes,Yes,Yes,Month-to-month,Yes,Credit card (automatic),110.67,1521.88,No
5688-JPWJH,Female,0,Yes,Yes,4,No,No phone service,No,No internet service,No internet service,No internet service,No internet service,No internet service,No internet service,One year,Yes,Credit card (automatic),20.46,80.53,No
8558-IYFPP,Male,0,Yes,No,8,Yes,No,Fiber optic,Yes,No,Yes,No,Yes,No,Month-to-month,Yes,Mailed check,92.17,733.59,Yes
8845-CDWFV,Female,0,Yes,Yes,65,Yes,Yes,Fiber optic,No,No,Yes,Yes,No,No,Two year,Yes,Electronic check,98.82,6330.6,No
5532-UYELP,Male,0,No,No,2,Yes,Yes,No,No internet service,No internet service,No internet service,No internet service,No internet service,No internet service,Month-to-month,Yes,Credit card (automatic),39.14,79.82,Yes
1466-CTTUH,Male,0,Yes,No,40,Yes,No,Fiber optic,No,No,No,No,Yes,No,Two year,No,Electronic check,89.19,3556.21,No
5824-HPJSS,Female,0,Yes,No,59,Yes,No,Fiber optic,No,No,Yes,No,No,No,Two year,Yes,Credit card (automatic),84.01,5053.13,No
7772-QTNCY,Male,0,No,Yes,68,Yes,No,DSL,No,No,No,Yes,No,No,One year,No,Bank transfer (automatic),58.19,4053.66,No
9384-KYZVD,Male,0,No,No,70,No,No phone service,DSL,No,No,Yes,No,No,No,One year,Yes,Credit card (automatic),50.48,3401.38,No
7002-ODPFL,Female,0,No,Yes,62,Yes,Yes,Fiber optic,No,No,No,No,No,No,Month-to-month,No,Electronic check,80.42,4977.96,No
4597-NMHWY,Male,0,Yes,No,37,Yes,Yes,Fiber optic,No,No,No,No,Yes,No,Two year,No,Electronic check,97.9,3591.99,No
4451-FEEWI,Male,1,No,No,47,Yes,No,Fiber optic,Yes,No,Yes,Yes,Yes,No,Two year,Yes,Electronic check,108.94,4952.58,No
1671-YLHFD,Female,0,Yes,No,1,Yes,Yes,Fiber optic,Yes,No,No,No,No,No,Month-to-month,No,Credit card (automatic),92.26,90.14,Yes
6115-TWWNU,Female,0,No,No,33,Yes,No,No,No internet service,No internet service,No internet service,No internet service,No internet service,No internet service,Month-to-month,Yes,Bank transfer (automatic),27.23,894.1,No
8591-IMWGL,Female,0,No,No,27,Yes,Yes,DSL,No,No,Yes,No,No,No,Month-to-month,Yes,Electronic check,75.34,1975.1,Yes
4623-KKZTK,Male,0,Yes,No,4,Yes,Yes,Fiber optic,Yes,Yes,Yes,No,No,Yes,Month-to-month,Yes,Mailed check,116.93,454.6,No
1061-RLZDW,Male,1,No,No,35,Yes,No,Fiber optic,No,No,Yes,No,No,No,One year,No,Credit card (automatic),81.84,2989.8,No
3533-DZUQD,Female,0,Yes,No,70,Yes,No,DSL,Yes,Yes,No,Yes,Yes,Yes,Month-to-month,Yes,Mailed check,93.91,6305.89,No
4482-WNWNM,Female,1,No,No,70,Yes,Yes,Fiber optic,No,No,Yes,Yes,No,No,One year,No,Credit card (automatic),98.35,6775.95,No
5285-TDGUP,Female,0,Yes,No,13,Yes,Yes,No,No internet service,No internet service,No internet service,No internet service,No internet service,No internet service,One year,Yes,Electronic check,41.11,515.77,No
4236-WXSJP,Male,0,No,No,67,Yes,No,DSL,Yes,Yes,No,Yes,No,No,Two year,Yes,Bank transfer (automatic),73.69,4794.5,No
8059-ORAKR,Male,0,Yes,Yes,1,Yes,Yes,Fiber optic,No,No,No,Yes,Yes,No,Month-to-month,Yes,Mailed check,102.33,105.83,No
7505-AHJGE,Female,0,Yes,No,14,Yes,No,Fiber optic,Yes,No,No,Yes,No,Yes,One year,No,Electronic check,97.32,1337.5,No
5134-QGZNS,Male,0,No,No,4,Yes,No,Fiber optic,No,No,Yes,Yes,Yes,No,Month-to-month,Yes,Credit card (automatic),99.49,381.24,No
2500-CNIWL,Female,0,No,No,13,Yes,Yes,No,No internet service,No internet service,No internet service,No internet service,No internet service,No internet service,One year,Yes,Mailed check,45.52,588.59,No
2606-EGDWT,Male,0,No,No,5,Yes,No,Fiber optic,No,No,No,No,No,No,Month-to-month,Yes,Mailed check,74.49,361.59,Yes
8662-OCTAO,Female,1,Yes,No,2,No,No phone service,DSL,No,No,No,No,No,Yes,Month-to-month,Yes,Mailed check,55.27,112.38,Yes
4694-UGYCR,Female,0,Yes,Yes,3,No,No phone service,DSL,Yes,Yes,No,Yes,No,No,Month-to-month,Yes,Electronic check,58.51,170.68,No
6538-PYTVU,Female,0,No,No,38,Yes,No,DSL,No,Yes,No,Yes,Yes,Yes,Two year,No,Mailed check,90.28,3600.13,No
7099-OGBGO,Male,0,No,Yes,57,Yes,Yes,Fiber optic,Yes,No,No,Yes,Yes,No,Two year,Yes,Bank transfer (automatic),103.92,5699.3,No
4233-XFWFR,Female,0,Yes,Yes,10,Yes,Yes,Fiber optic,Yes,Yes,No,No,Yes,Yes,Month-to-month,No,Credit card (automatic),118.75,1204.7,No
6512-OEKLM,Female,0,No,No,4,Yes,Yes,Fiber optic,No,No,Yes,Yes,Yes,No,Month-to-month,Yes,Credit card (automatic),106.91,422.38,Yes
8997-JFULF,Male,0,Yes,Yes,46,Yes,No,Fiber optic,Yes,Yes,No,Yes,No,Yes,Two year,No,Credit card (automatic),105.31,4860.18,No
6056-CGPPF,Female,0,Yes,Yes,2,Yes,Yes,DSL,Yes,Yes,No,Yes,No,Yes,Month-to-month,Yes,Credit card (automatic),98.8,194.93,No
1384-YQUEU,Female,0,Yes,Yes,1,Yes,No,Fiber optic,Yes,Yes,No,No,Yes,No,Month-to-month,Yes,Mailed check,98.56,102.12,No
3134-EPAVW,Female,0,No,No,60,Yes,Yes,DSL,Yes,No,No,No,No,No,Two year,Yes,Mailed check,76.19,4503.03,No
2883-JACCP,Female,0,No,No,37,Yes,Yes,Fiber optic,Yes,No,Yes,Yes,Yes,Yes,One year,Yes,Electronic check,118.75,4325.22,No
6477-IZIEF,Male,1,No,No,72,Yes,No,No,No internet service,No internet service,No internet service,No internet service,No internet service,No internet service,Two year,Yes,Electronic check,28.45,2040.75,No
5114-MEBZP,Male,0,No,No,62,Yes,No,Fiber optic,No,No,Yes,Yes,Yes,Yes,Two year,Yes,Electronic check,107.31,6589.53,No
2425-ASYCY,Male,0,Yes,No,72,Yes,No,DSL,Yes,Yes,No,No,No,No,One year,Yes,Bank transfer (automatic),71.73,5005.53,No
5097-VSAVZ,Female,0,No,No,18,Yes,Yes,Fiber optic,No,Yes,No,No,No,No,Month-to-month,Yes,Electronic check,89.49,1616.93,No
2467-IXFRA,Female,0,No,No,23,Yes,Yes,Fiber optic,Yes,Yes,Yes,Yes,Yes,No,One year,No,Mailed check,118.75,2648.06,No
8441-POMGL,Female,0,No,No,36,Yes,No,Fiber optic,Yes,No,No,No,No,No,One year,Yes,Mailed check,81.82,2882.04,No
1599-PKBEF,Male,0,Yes,Yes,1,No,No phone service,Fiber optic,Yes,Yes,Yes,Yes,No,No,Month-to-month,Yes,Credit card (automatic),91.34,93.8,No
3968-LFEJU,Male,0,No,No,5,Yes,No,Fiber optic,No,No,No,Yes,Yes,No,Month-to-month,Yes,Mailed check,92.83,450.37,No
8189-ZXXQM,Female,0,No,No,64,Yes,No,DSL,No,No,No,Yes,Yes,Yes,Two year,No,Credit card (automatic),83.61,5088.0,No
6964-JRQEW,Male,0,No,No,62,No,No phone service,DSL,Yes,No,No,No,No,Yes,Two year,No,Electronic check,60.86,3848.19,No
8649-ADIRC,Male,0,No,No,62,Yes,No,DSL,Yes,Yes,Yes,No,Yes,No,Two year,No,Electronic check,82.6,5337.14,No
8643-RFVSW,Female,0,No,No,8,Yes,No,DSL,No,Yes,Yes,No,Yes,Yes,Month-to-month,Yes,Bank transfer (automatic),89.41,694.25,No
1075-VPNKO,Male,0,Yes,No,16,Yes,No,No,No internet service,No internet service,No internet service,No internet service,No internet service,No internet service,One year,No,Bank transfer (automatic),33.02,543.18,No
9782-WRKBY,Male,0,No,No,49,Yes,Yes,Fiber optic,No,Yes,Yes,Yes,No,No,Two year,Yes,Electronic check,104.91,5312.32,No
9581-IPFJJ,Male,1,No,No,6,Yes,No,Fiber optic,No,Yes,No,No,Yes,Yes,Month-to-month,Yes,Mailed check,105.37,649.03,Yes
8845-WVVHF,Male,0,No,No,46,Yes,No,Fiber optic,No,Yes,Yes,No,No,No,Two year,Yes,Electronic check,92.05,4380.29,No
4187-ZKHME,Female,0,Yes,No,60,Yes,No,No,No internet service,No internet service,No internet service,No internet service,No internet service,No internet service,Month-to-month,No,Electronic check,32.66,1996.49,No
4289-DKMLU,Male,0,Yes,No,60,Yes,No,DSL,No,No,Yes,No,Yes,No,One year,No,Credit card (automatic),65.49,3749.5,No
6745-PVUTN,Male,0,Yes,No,60,Yes,No,Fiber optic,No,No,No,No,No,No,Two year,Yes,Mailed check,75.07,4480.69,No
7344-KGPGL,Male,0,Yes,Yes,13,Yes,No,Fiber optic,Yes,No,No,No,Yes,No,Month-to-month,No,Mailed check,89.74,1130.83,Yes
2282-JVVGW,Female,1,Yes,No,56,Yes,No,Fiber optic,Yes,No,No,No,No,No,One year,Yes,Bank transfer (automatic),80.33,4540.52,No
5140-WQSDA,Male,1,No,No,60,Yes,Yes,Fiber optic,No,No,Yes,No,Yes,No,Month-to-month,No,Credit card (automatic),106.4,6510.98,No
6972-GMPAS,Female,0,Yes,Yes,51,Yes,Yes,DSL,Yes,Yes,No,Yes,Yes,Yes,Two year,Yes,Electronic check,110.83,5921.59,No
9588-PIFQI,Male,0,Yes,No,19,Yes,No,No,No internet service,No internet service,No internet service,No internet service,No internet service,No internet service,Two year,No,Electronic check,31.79,613.9,No
1442-GUJOY,Male,0,Yes,Yes,17,Yes,Yes,Fiber optic,Yes,Yes,No,No,No,Yes,Month-to-month,Yes,Mailed check,110.36,1869.47,Yes
8897-NJNFN,Male,0,Yes,Yes,16,Yes,Yes,DSL,No,Yes,No,Yes,No,Yes,Month-to-month,No,Bank transfer (automatic),87.12,1447.44,No
7601-PEPGP,Female,0,No,No,26,Yes,Yes,Fiber optic,No,No,Yes,No,Yes,Yes,Month-to-month,Yes,Mailed check,112.29,2815.83,No
5963-ZNSHU,Female,0,Yes,Yes,6,Yes,No,Fiber optic,No,Yes,Yes,No,No,No,Month-to-month,No,Bank transfer (automatic),90.33,526.38,Yes
8777-FFZWC,Male,0,Yes,Yes,58,Yes,Yes,No,No internet service,No internet service,No internet service,No internet service,No internet service,No internet service,One year,Yes,Electronic check,38.91,2203.63,No
1021-SKEZG,Female,0,No,No,69,Yes,No,DSL,Yes,Yes,No,Yes,Yes,No,One year,Yes,Electronic check,85.42,5745.91,No
1480-IBTDJ,Female,0,No,No,39,Yes,No,Fiber optic,No,Yes,Yes,No,Yes,Yes,Month-to-month,Yes,Credit card (automatic),110.03,4243.6,No
4775-WLPFX,Male,0,Yes,No,31,Yes,Yes,Fiber optic,Yes,No,No,No,Yes,No,Two year,Yes,Bank transfer (automatic),105.07,3330.47,No
7464-MQGZU,Female,0,No,Yes,15,Yes,Yes,DSL,No,Yes,Yes,Yes,Yes,No,One year,Yes,Bank transfer (automatic),93.81,1472.42,No
7456-WTGWY,Male,0,No,No,17,Yes,No,Fiber optic,No,Yes,No,Yes,No,Yes,Two year,Yes,Mailed check,94.85,1577.44,No
8957-FUQGI,Female,0,No,No,69,No,No phone service,DSL,Yes,No,Yes,No,No,No,Two year,No,Electronic check,52.28,3474.32,No
3402-USTHV,Female,0,No,No,69,Yes,Yes,DSL,No,Yes,Yes,No,No,Yes,Two year,No,Electronic check,86.61,6255.83,No
1874-WAQLM,Female,0,No,No,7,Yes,Yes,Fiber optic,Yes,No,No,No,No,Yes,Month-to-month,No,Credit card (automatic),110.15,783.47,No
9737-CWIKZ,Female,0,Yes,No,1,Yes,Yes,Fiber optic,Yes,Yes,No,Yes,No,No,Month-to-month,Yes,Electronic check,98.59,95.78,No
5298-PLOMN,Male,0,Yes,No,2,Yes,Yes,DSL,Yes,Yes,No,No,Yes,No,Month-to-month,No,Mailed check,95.2,195.29,No
4867-WACGX,Female,1,Yes,Yes,64,Yes,Yes,No,No internet service,No internet service,No internet service,No internet service,No internet service,No internet service,Month-to-month,No,Electronic check,37.77,2405.02,No
8326-WJSMP,Male,0,Yes,No,59,Yes,Yes,Fiber optic,No,Yes,No,Yes,Yes,Yes,Month-to-month,No,Mailed check,115.73,6894.07,No
6593-AVITQ,Male,0,No,No,7,Yes,No,Fiber optic,No,No,Yes,No,No,Yes,Month-to-month,No,Electronic check,95.13,690.4,Yes
4005-KEMSW,Female,0,No,No,69,Yes,Yes,Fiber optic,No,No,No,No,No,No,Two year,Yes,Electronic check,88.58,5939.74,No
8706-ITBCV,Female,1,Yes,Yes,5,No,No phone service,Fiber optic,No,No,Yes,No,Yes,No,Month-to-month,No,Electronic check,85.25,423.3,Yes
9876-RDEEW,Female,0,Yes,Yes,7,Yes,Yes,Fiber optic,No,No,No,No,No,No,Month-to-month,Yes,Credit card (automatic),83.39,556.86,No
7539-XWODM,Male,1,Yes,Yes,42,Yes,Yes,Fiber optic,No,Yes,Yes,No,No,No,Two year,Yes,Electronic check,102.34,4396.73,No
5154-JQNHR,Female,0,No,No,2,Yes,Yes,Fiber optic,No,Yes,Yes,Yes,Yes,Yes,Month-to-month,Yes,Mailed check,118.75,228.31,No
4393-XGKNA,Female,1,No,No,22,Yes,No,DSL,Yes,Yes,No,No,Yes,Yes,One year,No,Bank transfer (automatic),83.01,1877.03,No
9274-UAPTQ,Male,0,No,No,4,Yes,Yes,DSL,No,Yes,No,No,No,No,Month-to-month,Yes,Mailed check,67.4,270.85,No
7626-VJXVG,Male,0,No,No,52,Yes,No,DSL,No,No,No,Yes,Yes,No,Two year,No,Mailed check,72.65,3711.07,No
9125-ALFNQ,Male,1,No,No,20,Yes,No,DSL,No,Yes,Yes,Yes,No,Yes,Two year,Yes,Mailed check,84.95,1637.6,No
8231-NGZUF,Male,1,No,No,26,Yes,No,DSL,No,No,No,Yes,No,No,Two year,Yes,Credit card (automatic),61.84,1569.18,No
9479-VJFYI,Female,0,Yes,No,1,Yes,Yes,DSL,Yes,No,No,No,Yes,No,Month-to-month,Yes,Mailed check,84.1,84.2,Yes
5665-RAHGD,Female,0,No,No,9,Yes,Yes,Fiber optic,Yes,Yes,No,No,Yes,Yes,Month-to-month,Yes,Electronic check,118.75,1017.53,Yes
4026-NPEWO,Female,0,No,No,1,No,No phone service,Fiber optic,No,No,Yes,Yes,Yes,No,Month-to-month,Yes,Electronic check,84.35,81.59,Yes
9291-GRKZG,Female,0,No,Yes,2,Yes,No,No,No internet service,No internet service,No internet service,No internet service,No internet service,No internet service,Month-to-month,No,Mailed check,37.78,76.43,Yes
2355-LTIQV,Male,0,No,No,3,Yes,No,Fiber optic,No,No,Yes,No,Yes,Yes,Month-to-month,No,Electronic check,105.72,320.05,Yes
5277-ZXORX,Female,1,No,No,21,Yes,Yes,DSL,No,Yes,No,Yes,No,Yes,Month-to-month,No,Credit card (automatic),92.13,1924.39,No
4532-AZZAQ,Male,0,No,No,7,No,No phone service,Fiber optic,No,Yes,Yes,No,Yes,Yes,Month-to-month,Yes,Credit card (automatic),96.47,641.96,Yes
7090-LVVEQ,Female,0,No,No,7,Yes,No,Fiber optic,Yes,Yes,No,No,No,No,Month-to-month,Yes,Electronic check,84.25,591.28,No
1886-DJFXA,Male,0,Yes,No,63,Yes,No,DSL,No,No,Yes,No,Yes,No,One year,Yes,Mailed check,70.31,4610.06,No
3135-PPQJF,Female,0,No,No,66,Yes,No,Fiber optic,No,No,No,No,No,No,Two year,Yes,Bank transfer (automatic),69.9,4563.79,No
3705-XJZJZ,Male,0,No,No,10,Yes,No,No,No internet service,No internet service,No internet service,No internet service,No internet service,No internet service,One year,No,Electronic check,31.6,300.67,No
5011-APPUH,Male,0,Yes,No,62,Yes,No,DSL,No,No,No,No,No,Yes,Two year,Yes,Bank transfer (automatic),65.63,4119.19,No
1985-URFED,Female,0,No,No,25,Yes,Yes,Fiber optic,No,No,Yes,Yes,No,Yes,One year,Yes,Mailed check,105.49,2673.89,No
6853-FOXAH,Male,0,No,No,15,Yes,Yes,No,No internet service,No internet service,No internet service,No internet service,No internet service,No internet service,One year,Yes,Bank transfer (automatic),43.48,654.17,No
4284-CYDBZ,Female,0,No,No,13,Yes,No,No,No internet service,No internet service,No internet service,No internet service,No internet service,No internet service,Two year,Yes,Credit card (automatic),27.93,362.17,No
7299-YDXHW,Male,0,No,No,56,Yes,No,DSL,Yes,Yes,Yes,No,Yes,Yes,One year,Yes,Mailed check,91.44,5302.7,No
1533-OXBYH,Female,1,Yes,Yes,4,Yes,No,No,No internet service,No internet service,No internet service,No internet service,No internet service,No internet service,Month-to-month,Yes,Electronic check,35.68,146.46,Yes
5716-SFNLV,Male,0,No,No,12,Yes,No,DSL,Yes,No,No,No,Yes,Yes,One year,Yes,Electronic check,81.65,998.75,No
8324-XPNTH,Male,0,No,No,68,Yes,No,No,No internet service,No internet service,No internet service,No internet service,No internet service,No internet service,Two year,No,Credit card (automatic),26.76,1814.32,No
6398-QINCW,Male,0,Yes,Yes,68,Yes,Yes,DSL,Yes,No,Yes,No,No,No,One year,Yes,Electronic check,77.69,5213.17,No
9778-EDRTW,Male,0,Yes,No,56,Yes,No,DSL,No,No,No,Yes,No,No,Two year,No,Credit card (automatic),60.84,3387.66,No
8153-YWPWC,Male,0,No,No,47,Yes,Yes,DSL,Yes,Yes,Yes,Yes,Yes,Yes,One year,No,Bank transfer (automatic),112.47,5494.95,No
6624-EJQRU,Male,0,No,No,37,Yes,No,Fiber optic,No,No,No,No,No,Yes,One year,No,Electronic check,88.41,3391.97,No
9617-RCXPG,Male,0,No,No,40,Yes,No,Fiber optic,No,No,No,Yes,Yes,Yes,Two year,No,Mailed check,105.95,4141.75,No
9409-DLSVI,Male,0,No,No,8,Yes,Yes,Fiber optic,Yes,No,Yes,No,No,Yes,One year,No,Bank transfer (automatic),113.34,911.41,No
5969-GNKRI,Female,0,Yes,Yes,62,Yes,No,Fiber optic,No,No,Yes,Yes,Yes,Yes,Two year,No,Bank transfer (automatic),104.57,6721.56,No
5819-NHTXV,Female,1,Yes,Yes,3,Yes,No,Fiber optic,Yes,No,No,Yes,No,Yes,Month-to-month,No,Electronic check,101.09,306.62,Yes
1498-NDGKH,Male,0,Yes,Yes,62,Yes,Yes,No,No internet service,No internet service,No internet service,No internet service,No internet service,No internet service,One year,Yes,Bank transfer (automatic),39.85,2355.7,No
4888-XAYKY,Female,1,No,No,19,Yes,No,DSL,No,No,No,Yes,No,Yes,One year,No,Credit card (automatic),65.97,1274.04,No
6679-UPUYJ,Female,0,Yes,Yes,68,No,No phone service,DSL,Yes,No,Yes,No,No,No,Two year,No,Bank transfer (automatic),54.43,3523.45,No
6449-NCBTD,Male,0,No,No,1,No,No phone service,Fiber optic,No,No,No,Yes,Yes,No,Month-to-month,No,Mailed check,89.92,92.41,Yes
3499-LUHTL,Female,0,No,No,17,Yes,No,DSL,No,Yes,No,No,No,Yes,Month-to-month,Yes,Bank transfer (automatic),73.01,1225.42,No
9137-YHOEH,Male,0,No,No,12,Yes,No,DSL,No,No,No,Yes,No,Yes,Two year,No,Mailed check,71.52,831.19,No
2924-DNDHP,Male,0,Yes,Yes,6,Yes,No,No,No internet service,No internet service,No internet service,No internet service,No internet service,No internet service,Month-to-month,Yes,Bank transfer (automatic),27.42,166.15,Yes
5068-MMBMS,Male,0,No,No,4,Yes,No,DSL,No,No,Yes,No,No,No,Month-to-month,Yes,Electronic check,63.16,251.31,No
6422-XPHVO,Female,0,Yes,No,71,No,No phone service,Fiber optic,No,Yes,Yes,No,Yes,Yes,Two year,Yes,Credit card (automatic),98.01,6816.25,No
7816-MGSXL,Female,0,Yes,No,32,Yes,No,DSL,No,No,No,Yes,Yes,Yes,Two year,Yes,Mailed check,82.69,2657.32,No
3172-FOURM,Male,1,Yes,Yes,36,Yes,Yes,No,No internet service,No internet service,No internet service,No internet service,No internet service,No internet service,Two year,No,Mailed check,43.22,1522.39,No
3523-IPIAE,Male,0,No,No,17,Yes,No,DSL,Yes,No,No,No,No,Yes,Month-to-month,Yes,Bank transfer (automatic),71.68,1161.19,No
8379-LGTAH,Female,0,Yes,No,69,No,No phone service,Fiber optic,Yes,Yes,No,Yes,Yes,Yes,Two year,No,Bank transfer (automatic),102.88,7219.61,No
3537-XZMRK,Male,0,No,Yes,4,Yes,No,No,No internet service,No internet service,No internet service,No internet service,No internet service,No internet service,Month-to-month,Yes,Electronic check,28.08,106.95,Yes
4233-UYVYS,Male,0,Yes,Yes,63,Yes,Yes,DSL,Yes,Yes,No,Yes,No,Yes,One year,No,Electronic check,87.24,5520.38,No
4308-HMYVB,Female,0,Yes,Yes,20,Yes,No,DSL,No,No,No,Yes,No,Yes,One year,Yes,Bank transfer (automatic),73.3,1494.96,No
5635-YIGHJ,Female,0,Yes,Yes,12,Yes,Yes,Fiber optic,No,Yes,Yes,No,Yes,No,Two year,Yes,Mailed check,108.3,1248.45,No
6508-XJLED,Female,0,No,No,3,No,No phone service,Fiber optic,Yes,No,Yes,Yes,No,Yes,Month-to-month,Yes,Mailed check,102.16,295.85,Yes
4517-FUYMZ,Female,0,No,No,3,Yes,No,Fiber optic,Yes,No,No,No,Yes,Yes,Month-to-month,Yes,Bank transfer (automatic),97.59,306.46,No
7793-KBVPT,Female,0,No,No,6,Yes,No,Fiber optic,No,Yes,Yes,No,Yes,Yes,Month-to-month,No,Bank transfer (automatic),110.73,662.42,Yes
5940-ZTCNT,Male,0,No,No,9,Yes,Yes,No,No internet service,No internet service,No internet service,No internet service,No internet service,No internet service,Month-to-month,No,Electronic check,41.63,386.84,No
1832-HCCXR,Male,1,No,No,20,Yes,Yes,Fiber optic,Yes,No,No,Yes,No,Yes,One year,No,Credit card (automatic),108.35,2264.0,No
6260-TCSLG,Male,0,No,Yes,23,No,No phone service,DSL,No,No,No,Yes,No,Yes,Month-to-month,Yes,Electronic check,58.39,1381.25,No
7405-OXUQZ,Female,0,No,No,42,Yes,No,No,No internet service,No internet service,No internet service,No internet service,No internet service,No internet service,One year,No,Bank transfer (automatic),32.17,1411.85,No
2123-RKNYW,Female,1,No,No,30,Yes,Yes,DSL,No,No,No,No,Yes,No,Month-to-month,Yes,Credit card (automatic),75.42,2350.21,Yes
9293-OQACJ,Male,0,No,No,67,Yes,No,Fiber optic,No,Yes,No,No,No,No,Two year,Yes,Mailed check,83.76,5690.37,No
4226-PCJFB,Female,0,No,No,5,Yes,Yes,DSL,No,Yes,No,No,No,No,Month-to-month,Yes,Mailed check,75.79,379.42,Yes
7650-HASRT,Male,0,No,No,65,Yes,Yes,Fiber optic,No,No,No,Yes,No,Yes,One year,Yes,Bank transfer (automatic),105.67,7083.33,No
4557-YLMBX,Male,0,No,No,59,Yes,Yes,Fiber optic,Yes,Yes,No,No,Yes,No,Month-to-month,Yes,Electronic check,114.72,7014.77,Yes
4869-OQNYZ,Female,1,No,No,67,Yes,Yes,Fiber optic,Yes,No,Yes,Yes,Yes,No,Month-to-month,Yes,Mailed check,118.75,8301.3,No
2028-OPNHY,Male,0,Yes,Yes,9,Yes,No,Fiber optic,No,No,No,Yes,Yes,Yes,Month-to-month,No,Bank transfer (automatic),103.01,900.92,Yes
9515-CTULG,Female,0,No,No,14,Yes,Yes,No,No internet service,No internet service,No internet service,No internet service,No internet service,No internet service,Month-to-month,Yes,Electronic check,43.42,621.02,No
5472-WUTOH,Male,0,Yes,Yes,19,No,No phone service,No,No internet service,No internet service,No internet service,No internet service,No internet service,No internet service,Two year,Yes,Electronic check,18.25,363.34,No
2518-EETLM,Female,1,No,No,23,Yes,No,Fiber optic,No,No,No,Yes,No,No,Month-to-month,Yes,Credit card (automatic),81.7,1886.12,No
3439-SKHAM,Female,0,No,No,64,Yes,No,Fiber optic,No,No,Yes,No,Yes,No,Two year,No,Electronic check,93.0,6180.08,No
4180-TTTPL,Male,0,No,No,41,Yes,Yes,DSL,Yes,Yes,Yes,No,No,Yes,Two year,Yes,Electronic check,100.47,4136.16,No
4925-LUICS,Female,1,Yes,No,23,Yes,No,Fiber optic,No,No,No,No,Yes,No,Two year,Yes,Electronic check,81.61,1898.53,No
8772-LWHOI,Female,0,Yes,No,2,Yes,Yes,DSL,Yes,Yes,Yes,Yes,Yes,No,Month-to-month,Yes,Bank transfer (automatic),109.11,216.14,No
9625-LCYGV,Male,0,Yes,Yes,3,Yes,No,Fiber optic,No,Yes,No,No,Yes,Yes,Month-to-month,No,Electronic check,100.44,293.47,No
4559-ZOSGV,Male,0,Yes,Yes,11,Yes,No,Fiber optic,No,Yes,No,Yes,No,No,Month-to-month,Yes,Bank transfer (automatic),86.8,980.83,No
6411-VKQFH,Female,0,No,No,7,Yes,No,DSL,No,No,No,Yes,Yes,Yes,Month-to-month,No,Electronic check,88.95,613.7,No
3500-QUPAO,Male,0,No,No,3,No,No phone service,DSL,No,No,Yes,No,No,Yes,Month-to-month,No,Electronic check,60.12,186.59,No
7144-GYKKZ,Male,0,No,No,65,Yes,No,No,No internet service,No internet service,No internet service,No internet service,No internet service,No internet service,Month-to-month,Yes,Bank transfer (automatic),28.1,1892.55,No
9509-BXRNV,Male,0,No,No,5,Yes,No,Fiber optic,No,No,Yes,Yes,No,Yes,One year,No,Mailed check,92.03,454.49,Yes
3390-GUQWD,Male,0,Yes,Yes,46,Yes,No,DSL,No,Yes,Yes,Yes,No,No,Two year,Yes,Bank transfer (automatic),72.78,3228.57,No
7286-ODXFF,Female,0,Yes,Yes,19,Yes,No,Fiber optic,No,No,Yes,No,Yes,No,Month-to-month,No,Electronic check,88.42,1665.52,No
8962-SUBKS,Male,0,Yes,Yes,48,Yes,Yes,Fiber optic,No,No,No,No,No,No,Two year,Yes,Bank transfer (automatic),82.38,3824.8,No
4338-NMHWN,Male,0,No,No,66,Yes,Yes,No,No internet service,No internet service,No internet service,No internet service,No internet service,No internet service,One year,Yes,Credit card (automatic),43.67,2940.62,No
6353-MGYUI,Male,1,No,No,25,Yes,No,DSL,No,No,Yes,Yes,No,No,One year,Yes,Electronic check,64.64,1598.01,No
7308-RXIUR,Male,0,No,No,17,Yes,No,No,No internet service,No internet service,No internet service,No internet service,No internet service,No internet service,Two year,Yes,Electronic check,31.01,540.59,No
7092-VLKRB,Female,1,Yes,No,15,Yes,Yes,DSL,No,Yes,Yes,No,No,Yes,Month-to-month,No,Credit card (automatic),95.11,1424.41,No
6776-IWDKT,Male,0,Yes,No,60,Yes,Yes,No,No internet service,No internet service,No internet service,No internet service,No internet service,No internet service,Month-to-month,No,Bank transfer (automatic),39.53,2276.04,No
7952-GGPFK,Female,0,No,No,18,Yes,No,No,No internet service,No internet service,No internet service,No internet service,No internet service,No internet service,Month-to-month,Yes,Electronic check,32.52,567.66,No
4673-EAKGL,Male,0,Yes,No,59,Yes,No,Fiber optic,No,Yes,No,No,Yes,Yes,Two year,Yes,Electronic check,99.34,6102.82,No
4160-WUEBD,Male,0,No,Yes,62,No,No phone service,No,No internet service,No internet service,No internet service,No internet service,No internet service,No internet service,Month-to-month,Yes,Credit card (automatic),26.67,1630.88,No
9357-LGSWD,Female,0,Yes,No,2,Yes,Yes,Fiber optic,No,Yes,No,Yes,No,No,Month-to-month,No,Mailed check,98.72,197.25,No
5088-IQCZJ,Male,0,Yes,Yes,5,Yes,No,DSL,Yes,Yes,Yes,No,No,No,Month-to-month,No,Electronic check,72.04,352.02,Yes
1355-UKQGI,Female,1,No,No,70,Yes,Yes,No,No internet service,No internet service,No internet service,No internet service,No internet service,No internet service,Two year,Yes,Bank transfer (automatic),49.9,3465.19,No
9967-IOQZX,Female,0,Yes,Yes,16,Yes,Yes,DSL,Yes,No,No,Yes,No,Yes,One year,Yes,Mailed check,87.44,1380.56,No
4044-SNYXK,Male,0,No,Yes,15,Yes,No,Fiber optic,Yes,No,Yes,Yes,No,Yes,Month-to-month,Yes,Bank transfer (automatic),99.67,1440.68,No
4355-EMPSU,Male,1,No,No,20,Yes,No,Fiber optic,No,Yes,Yes,Yes,No,Yes,One year,No,Electronic check,107.96,2235.82,No
3111-FOABZ,Female,1,No,No,26,Yes,Yes,Fiber optic,No,Yes,Yes,Yes,No,No,Month-to-month,Yes,Electronic check,109.32,2939.54,No
9280-QCVBJ,Male,1,No,No,50,Yes,No,No,No internet service,No internet service,No internet service,No internet service,No internet service,No internet service,Two year,No,Mailed check,33.02,1666.57,No
3079-PNJXR,Male,0,No,No,28,Yes,Yes,DSL,No,Yes,No,No,Yes,Yes,Month-to-month,No,Bank transfer (automatic),93.44,2733.76,No
5841-PTJPI,Male,0,Yes,Yes,17,Yes,No,Fiber optic,Yes,No,No,No,No,Yes,Two year,No,Electronic check,92.57,1593.31,No
3174-MSJQC,Male,0,No,No,35,Yes,Yes,DSL,No,Yes,No,No,Yes,No,One year,Yes,Electronic check,82.67,2835.67,No
2852-UFXNF,Female,0,No,No,14,No,No phone service,No,No internet service,No internet service,No internet service,No internet service,No internet service,No internet service,Two year,No,Bank transfer (automatic),18.25,243.36,No
6113-YAMTT,Male,0,Yes,No,10,No,No phone service,DSL,No,No,Yes,No,No,Yes,Month-to-month,Yes,Electronic check,60.63,600.53,No
7001-DBBPD,Male,0,No,No,66,Yes,Yes,DSL,No,No,No,Yes,No,No,Month-to-month,Yes,Mailed check,71.88,4695.16,No
3292-COLIY,Female,0,No,No,10,Yes,No,DSL,Yes,No,No,Yes,No,No,Month-to-month,Yes,Mailed check,72.7,743.31,No
8535-CZGVB,Male,0,No,No,4,Yes,No,Fiber optic,No,No,No,No,Yes,No,One year,Yes,Electronic check,86.72,340.97,Yes
5027-CDHUE,Male,0,No,Yes,70,No,No phone service,DSL,No,No,No,Yes,No,No,Two year,Yes,Credit card (automatic),46.38,3200.4,No
7962-KKBFK,Female,0,Yes,Yes,61,Yes,Yes,Fiber optic,No,No,No,No,Yes,Yes,Two year,Yes,Mailed check,106.0,6425.87,No
7780-ZIATG,Male,0,No,No,9,Yes,Yes,Fiber optic,No,No,Yes,No,No,Yes,Month-to-month,Yes,Mailed check,100.36,904.02,No
6338-IDLDB,Female,0,Yes,Yes,71,Yes,Yes,DSL,No,No,Yes,No,No,No,Month-to-month,Yes,Bank transfer (automatic),69.71,5137.6,No
4964-KXTDS,Female,0,Yes,Yes,69,Yes,No,No,No internet service,No internet service,No internet service,No internet service,No internet service,No internet service,Two year,Yes,Electronic check,24.09,1618.35,No
2847-AXJTV,Male,0,No,Yes,22,Yes,No,DSL,No,No,Yes,Yes,No,No,Month-to-month,No,Credit card (automatic),75.14,1687.17,No
8153-OBPIY,Female,0,No,No,62,Yes,No,No,No internet service,No internet service,No internet service,No internet service,No internet service,No internet service,Two year,No,Credit card (automatic),27.09,1761.75,No
2163-ZCNWL,Male,0,Yes,No,1,Yes,No,No,No internet service,No internet service,No internet service,No internet service,No internet service,No internet service,Month-to-month,Yes,Electronic check,29.8,30.7,No
4319-VZJUO,Male,0,No,No,7,Yes,No,Fiber optic,No,No,Yes,Yes,No,Yes,Month-to-month,Yes,Credit card (automatic),95.59,664.78,Yes
4762-TXAWH,Female,1,No,No,66,Yes,Yes,Fiber optic,No,No,No,No,Yes,No,Two year,Yes,Electronic check,89.59,5688.79,No
5618-TSZWK,Female,0,No,No,47,Yes,Yes,Fiber optic,No,No,Yes,Yes,Yes,No,One year,No,Electronic check,109.86,5133.34,No
8750-VXPEW,Male,0,No,No,6,No,No phone service,Fiber optic,No,No,No,No,Yes,No,Month-to-month,Yes,Bank transfer (automatic),78.03,467.33,Yes
9650-FDERK,Female,0,No,No,14,Yes,Yes,Fiber optic,No,Yes,Yes,No,Yes,Yes,Month-to-month,No,Credit card (automatic),118.75,1623.05,Yes
9656-UQRTO,Female,0,Yes,Yes,3,Yes,Yes,No,No internet service,No internet service,No internet service,No internet service,No internet service,No internet service,Month-to-month,Yes,Electronic check,46.03,135.39,No
3337-SHWQB,Female,0,Yes,Yes,1,Yes,Yes,DSL,No,No,No,No,Yes,No,Month-to-month,No,Credit card (automatic),77.24,76.96,Yes
5993-OAIBF,Female,0,No,No,11,Yes,No,No,No internet service,No internet service,No internet service,No internet service,No internet service,No internet service,Month-to-month,No,Electronic check,28.99,314.34,No
5660-KJGZF,Male,0,No,No,3,No,No phone service,DSL,No,Yes,Yes,Yes,No,Yes,One year,Yes,Mailed check,71.4,211.82,No
4901-AMUSF,Male,0,No,No,43,Yes,No,Fiber optic,Yes,Yes,No,No,Yes,Yes,Month-to-month,No,Bank transfer (automatic),109.87,4595.91,No
1867-AVXDU,Female,0,No,No,24,Yes,Yes,DSL,No,Yes,Yes,No,No,Yes,One year,Yes,Mailed check,90.79,2132.4,No
5317-GYAQC,Male,0,No,No,11,Yes,No,No,No internet service,No internet service,No internet service,No internet service,No internet service,No internet service,Month-to-month,Yes,Credit card (automatic),29.43,310.91,No
8576-AZHBV,Female,0,Yes,Yes,13,Yes,No,Fiber optic,No,No,Yes,Yes,Yes,No,Two year,No,Credit card (automatic),98.61,1296.49,No
6587-SWEXV,Male,0,Yes,No,19,Yes,No,Fiber optic,Yes,No,No,Yes,Yes,Yes,One year,No,Mailed check,108.31,2000.37,No
4669-WXQOM,Male,0,Yes,Yes,62,Yes,Yes,DSL,No,Yes,No,No,No,No,One year,Yes,Electronic check,71.05,4205.86,No
8357-QWJNL,Male,0,No,No,5,Yes,No,Fiber optic,No,No,Yes,No,Yes,Yes,Month-to-month,Yes,Credit card (automatic),93.54,466.88,Yes
8281-JJCYG,Female,0,Yes,No,11,Yes,Yes,DSL,Yes,Yes,No,No,Yes,No,One year,No,Mailed check,89.76,1029.12,No
4915-ASZRS,Male,0,No,Yes,62,No,No phone service,DSL,No,No,No,No,No,Yes,Month-to-month,No,Bank transfer (automatic),53.43,3439.01,No
2375-UPOGQ,Female,0,Yes,No,4,Yes,No,DSL,Yes,No,No,No,Yes,No,Month-to-month,No,Mailed check,66.91,276.96,Yes
8997-PZJQA,Male,1,No,No,7,Yes,Yes,No,No internet service,No internet service,No internet service,No internet service,No internet service,No internet service,Month-to-month,Yes,Electronic check,35.46,242.4,No
5222-SBJSQ,Male,0,Yes,Yes,62,Yes,Yes,Fiber optic,Yes,Yes,No,No,Yes,Yes,Two year,Yes,Credit card (automatic),118.75,7252.81,No
6815-VZIFV,Male,0,No,No,16,Yes,No,Fiber optic,No,No,No,No,No,Yes,Month-to-month,Yes,Mailed check,85.11,1394.81,Yes
8652-AMYJJ,Female,0,Yes,Yes,17,No,No phone service,Fiber optic,No,No,Yes,No,Yes,Yes,One year,No,Electronic check,90.57,1484.8,Yes
5275-KWMWI,Male,0,Yes,No,38,Yes,Yes,Fiber optic,Yes,No,Yes,No,Yes,No,Two year,No,Electronic check,109.57,4237.27,No
3411-QSLPV,Male,1,No,No,8,Yes,Yes,Fiber optic,No,No,No,No,No,No,Month-to-month,No,Bank transfer (automatic),88.28,682.85,No
7728-ADYQJ,Male,0,Yes,Yes,5,Yes,No,Fiber optic,Yes,Yes,No,No,Yes,No,Month-to-month,No,Credit card (automatic),99.23,473.9,Yes
2062-DLWAD,Male,0,No,No,70,Yes,No,DSL,No,No,Yes,Yes,No,No,One year,No,Electronic check,68.84,4632.86,No
4609-LAQPV,Female,0,No,No,26,Yes,Yes,Fiber optic,Yes,Yes,Yes,No,Yes,No,Month-to-month,Yes,Electronic check,109.65,2899.17,No
1057-VBMBF,Female,0,No,No,72,Yes,No,No,No internet service,No internet service,No internet service,No internet service,No internet service,No internet service,Two year,Yes,Electronic check,26.72,1931.83,No
3227-MKEAY,Male,1,No,No,64,Yes,No,No,No internet service,No internet service,No internet service,No internet service,No internet service,No internet service,One year,No,Mailed check,37.77,2387.76,No
9583-MVWUC,Female,0,Yes,Yes,66,Yes,Yes,Fiber optic,Yes,No,No,Yes,No,Yes,Two year,Yes,Credit card (automatic),109.47,7384.95,No
8604-DKDYC,Female,0,No,No,64,No,No phone service,DSL,No,No,No,Yes,Yes,Yes,One year,Yes,Electronic check,68.91,4560.22,No
6502-LRTXH,Male,0,Yes,Yes,40,Yes,Yes,Fiber optic,Yes,Yes,No,No,Yes,Yes,Two year,Yes,Bank transfer (automatic),118.75,4518.2,No
1461-ZLQZJ,Female,0,Yes,Yes,5,Yes,No,DSL,Yes,Yes,No,Yes,Yes,No,Month-to-month,Yes,Electronic check,83.33,434.09,Yes
2836-ZVDJV,Female,0,Yes,No,4,No,No phone service,DSL,No,No,Yes,Yes,No,Yes,Month-to-month,Yes,Electronic check,65.87,272.01,Yes
2968-ZJGYV,Male,0,Yes,No,18,No,No phone service,DSL,Yes,Yes,Yes,Yes,No,Yes,One year,No,Electronic check,87.07,1570.04,No
8529-USUPJ,Male,0,No,No,50,Yes,No,DSL,No,Yes,No,No,Yes,No,One year,Yes,Bank transfer (automatic),74.88,3637.34,No
1798-MCMGV,Female,0,No,No,12,Yes,No,DSL,Yes,No,No,No,Yes,No,One year,Yes,Mailed check,75.32,944.52,No
9600-KMJDD,Female,1,Yes,No,59,Yes,Yes,Fiber optic,No,Yes,Yes,Yes,Yes,No,One year,No,Credit card (automatic),112.43,6740.76,No
2851-MMNYH,Male,0,Yes,Yes,13,Yes,No,DSL,No,No,No,No,No,No,One year,Yes,Electronic check,54.97,680.71,No
8391-PJZYR,Male,0,Yes,No,35,Yes,Yes,DSL,No,Yes,No,No,No,Yes,One year,No,Electronic check,76.76,2669.9,No
6457-RHNJP,Male,1,Yes,No,2,Yes,Yes,DSL,No,Yes,Yes,No,No,Yes,Month-to-month,Yes,Electronic check,94.05,191.67,No
8695-TEDAC,Female,0,No,No,72,No,No phone service,Fiber optic,Yes,Yes,Yes,No,No,Yes,Two year,Yes,Mailed check,102.37,7563.13,No
4279-BJGQD,Female,1,Yes,No,3,Yes,Yes,Fiber optic,Yes,No,No,No,No,No,Month-to-month,No,Bank transfer (automatic),99.02,306.47,Yes
7250-VCCKP,Female,0,Yes,No,3,Yes,Yes,Fiber optic,No,Yes,Yes,Yes,No,Yes,Month-to-month,Yes,Electronic check,118.75,370.21,Yes
4099-FGAQG,Male,0,No,No,45,Yes,Yes,No,No internet service,No internet service,No internet service,No internet service,No internet service,No internet service,One year,Yes,Electronic check,44.84,2081.3,No
8837-OBQNN,Female,0,No,Yes,11,Yes,No,No,No internet service,No internet service,No internet service,No internet service,No internet service,No internet service,Month-to-month,Yes,Bank transfer (automatic),28.06,307.26,No
8822-JGVER,Female,0,No,No,13,Yes,Yes,Fiber optic,No,Yes,No,No,Yes,No,Month-to-month,No,Mailed check,101.24,1353.37,Yes
1872-DRUYG,Male,0,No,No,60,Yes,No,No,No internet service,No internet service,No internet service,No internet service,No internet service,No internet service,One year,No,Bank transfer (automatic),32.04,1904.47,No
9260-DEEPR,Male,0,Yes,Yes,70,Yes,No,DSL,Yes,No,Yes,No,No,No,Two year,No,Electronic check,66.15,4510.16,No
4227-HJLOE,Female,0,Yes,No,12,Yes,No,DSL,No,Yes,No,No,No,Yes,Month-to-month,No,Credit card (automatic),68.02,797.95,No
3089-DFLLL,Female,0,Yes,Yes,49,Yes,No,Fiber optic,Yes,Yes,Yes,No,Yes,Yes,Two year,Yes,Credit card (automatic),114.9,5844.56,No
1132-UOHSV,Male,0,Yes,Yes,68,Yes,Yes,DSL,No,No,No,Yes,Yes,Yes,Two year,Yes,Bank transfer (automatic),95.51,6575.4,No
7119-VQBIM,Female,0,No,No,62,Yes,No,Fiber optic,No,No,No,Yes,Yes,Yes,Two year,Yes,Credit card (automatic),103.3,6284.04,No
9109-SUOLF,Male,1,No,No,67,Yes,Yes,DSL,Yes,No,No,No,No,No,One year,No,Mailed check,84.93,5641.61,No
3056-RFQFG,Female,0,Yes,Yes,13,No,No phone service,DSL,No,No,No,No,No,No,One year,Yes,Credit card (automatic),45.71,579.06,No
2253-BIJWD,Female,0,Yes,Yes,2,Yes,No,DSL,No,Yes,No,Yes,Yes,Yes,Month-to-month,Yes,Credit card (automatic),87.92,176.71,No
8527-EQNTE,Female,0,Yes,No,42,Yes,No,Fiber optic,No,Yes,No,No,Yes,Yes,Two year,No,Credit card (automatic),95.91,3850.59,No
7113-LJKWG,Female,1,No,No,7,Yes,No,DSL,Yes,No,Yes,No,Yes,Yes,Month-to-month,Yes,Credit card (automatic),87.43,638.65,No
4268-OKJVL,Female,1,Yes,No,2,Yes,No,Fiber optic,Yes,No,No,No,Yes,Yes,Month-to-month,No,Credit card (automatic),97.02,191.36,Yes
1078-UNIKT,Male,0,Yes,Yes,50,Yes,Yes,No,No internet service,No internet service,No internet service,No internet service,No internet service,No internet service,Two year,No,Mailed check,44.54,2225.59,No
4732-UPXGC,Female,1,No,No,65,Yes,Yes,Fiber optic,No,No,No,Yes,Yes,No,Two year,No,Credit card (automatic),104.32,7043.55,No
2105-ADMTM,Male,0,Yes,No,5,Yes,Yes,Fiber optic,No,Yes,No,Yes,No,No,Month-to-month,Yes,Bank transfer (automatic),96.38,495.25,No
4161-JVDXA,Male,1,Yes,No,59,Yes,No,Fiber optic,Yes,No,Yes,No,No,No,One year,Yes,Credit card (automatic),86.69,5127.26,No
9594-UNWPP,Male,0,Yes,Yes,49,Yes,Yes,Fiber optic,No,No,No,Yes,No,Yes,Two year,No,Credit card (automatic),109.54,5473.44,No
2861-FEWQG,Male,0,Yes,No,70,Yes,Yes,Fiber optic,Yes,No,Yes,No,No,No,One year,Yes,Bank transfer (automatic),96.89,6495.49,No
8344-ZINUX,Female,0,Yes,Yes,12,Yes,No,Fiber optic,Yes,No,No,Yes,Yes,Yes,Month-to-month,No,Mailed check,106.41,1301.96,No
2270-CIMWH,Male,0,Yes,Yes,5,Yes,No,No,No internet service,No internet service,No internet service,No internet service,No internet service,No internet service,Month-to-month,Yes,Mailed check,30.61,149.4,Yes
7052-KQWVH,Female,0,No,No,24,Yes,Yes,No,No internet service,No internet service,No internet service,No internet service,No internet service,No internet service,One year,No,Electronic check,42.47,1047.43,No
3643-JHYXH,Female,0,No,Yes,43,Yes,Yes,Fiber optic,No,No,No,Yes,Yes,Yes,One year,Yes,Bank transfer (automatic),111.91,4804.08,No
3665-AEDFS,Male,1,No,No,17,Yes,No,Fiber optic,No,No,Yes,No,Yes,No,One year,Yes,Electronic check,86.02,1413.27,No
7379-QSDGH,Female,0,No,No,56,Yes,Yes,Fiber optic,No,Yes,Yes,Yes,No,No,Two year,Yes,Electronic check,109.62,6237.96,No
9031-VCLRF,Male,0,Yes,Yes,49,Yes,Yes,DSL,No,No,No,No,Yes,No,One year,No,Electronic check,75.18,3587.42,No
7306-JBYQI,Male,0,No,No,31,Yes,No,No,No internet service,No internet service,No internet service,No internet service,No internet service,No internet service,Month-to-month,No,Mailed check,33.57,1092.18,No
5246-MBRKU,Male,0,Yes,Yes,10,Yes,No,DSL,No,No,Yes,Yes,No,No,Month-to-month,Yes,Electronic check,64.66,663.53,No
5093-YNZBP,Male,0,Yes,No,28,Yes,Yes,DSL,No,No,No,Yes,No,No,Month-to-month,Yes,Mailed check,74.38,2076.05,No
6856-CEDGT,Male,0,Yes,Yes,72,Yes,No,Fiber optic,Yes,No,Yes,No,Yes,Yes,Two year,Yes,Bank transfer (automatic),105.87,7352.11,No
2399-TAEHC,Female,0,Yes,No,6,Yes,No,Fiber optic,No,No,Yes,Yes,No,No,Month-to-month,Yes,Electronic check,81.32,507.53,Yes
6537-KJBPL,Female,0,No,No,10,Yes,No,Fiber optic,No,No,Yes,No,No,Yes,Month-to-month,Yes,Electronic check,90.17,902.61,No
2407-NYIDF,Male,0,Yes,No,71,Yes,Yes,Fiber optic,No,No,Yes,No,No,No,Month-to-month,No,Electronic check,87.99,6270.77,No
4228-LJUDI,Female,1,Yes,No,47,Yes,Yes,No,No internet service,No internet service,No internet service,No internet service,No internet service,No internet service,One year,Yes,Electronic check,43.33,2041.19,No
2103-ILTID,Female,0,Yes,No,14,Yes,Yes,Fiber optic,No,No,No,No,Yes,No,Two year,No,Electronic check,93.5,1298.22,No
2620-RSOOS,Female,1,Yes,No,50,Yes,Yes,Fiber optic,No,No,Yes,No,Yes,Yes,One year,No,Credit card (automatic),108.36,5451.89,No
3911-THECP,Male,0,Yes,Yes,62,Yes,Yes,Fiber optic,No,Yes,No,No,Yes,Yes,Two year,Yes,Electronic check,112.29,7120.85,No
2902-QCHOX,Female,0,Yes,Yes,21,Yes,No,Fiber optic,Yes,No,Yes,No,No,No,Two year,Yes,Bank transfer (automatic),91.17,1913.05,No
5429-NHHTF,Female,1,Yes,No,38,No,No phone service,Fiber optic,Yes,Yes,No,No,Yes,No,One year,No,Electronic check,88.92,3401.38,No
9408-YSKPE,Female,0,No,No,4,Yes,Yes,DSL,Yes,No,Yes,No,Yes,No,One year,No,Mailed check,91.9,363.76,No
2982-HEIAD,Female,0,Yes,Yes,59,No,No phone service,DSL,No,No,No,Yes,Yes,No,Two year,Yes,Electronic check,61.35,3625.1,No
3658-VALXD,Male,0,Yes,Yes,63,Yes,No,DSL,Yes,No,Yes,Yes,No,Yes,Two year,No,Credit card (automatic),83.9,5076.97,No
9291-QSLZN,Male,0,No,No,21,Yes,No,Fiber optic,No,Yes,Yes,No,No,Yes,Month-to-month,Yes,Mailed check,93.13,1948.66,Yes
9529-KJHBO,Male,0,No,No,6,Yes,No,Fiber optic,No,Yes,Yes,No,Yes,No,Month-to-month,Yes,Mailed check,95.82,577.83,No
8591-EUDRL,Male,0,Yes,No,70,Yes,Yes,Fiber optic,No,No,Yes,No,No,No,One year,No,Credit card (automatic),91.72,6739.99,No
6356-YYXIH,Female,1,Yes,Yes,66,Yes,No,No,No internet service,No internet service,No internet service,No internet service,No internet service,No internet service,Two year,No,Electronic check,30.34,2060.3,No
3027-ZZEDC,Male,0,No,No,36,Yes,No,Fiber optic,No,Yes,No,No,No,Yes,One year,No,Electronic check,95.87,3414.74,No
1416-XCBID,Female,0,Yes,Yes,6,Yes,No,DSL,No,Yes,Yes,Yes,Yes,Yes,Month-to-month,No,Mailed check,101.85,630.75,No
2676-JVNEZ,Female,0,No,No,65,Yes,No,DSL,No,No,Yes,No,No,Yes,Two year,Yes,Mailed check,72.84,4881.93,No
5748-EGSAD,Male,0,Yes,No,1,Yes,No,DSL,No,No,Yes,No,No,Yes,Month-to-month,Yes,Credit card (automatic),78.17,77.17,Yes
5125-KYMCG,Male,1,No,No,13,Yes,Yes,DSL,No,Yes,No,No,No,No,One year,Yes,Mailed check,73.82,1005.72,No
3590-ADGVT,Female,0,No,No,2,Yes,Yes,DSL,No,Yes,No,Yes,Yes,No,Month-to-month,No,Electronic check,89.89,178.97,No
5147-ENLBL,Female,0,No,Yes,7,Yes,No,DSL,No,No,No,Yes,Yes,Yes,Month-to-month,No,Electronic check,82.88,605.95,Yes
7305-AUQTQ,Male,1,Yes,Yes,12,Yes,No,No,No internet service,No internet service,No internet service,No internet service,No internet service,No internet service,One year,No,Electronic check,27.92,330.42,No
9769-MSXSX,Male,0,Yes,No,32,Yes,Yes,Fiber optic,No,Yes,No,No,No,Yes,One year,Yes,Electronic check,105.4,3513.26,No
5954-BOWWM,Female,0,Yes,Yes,29,Yes,Yes,Fiber optic,Yes,No,No,No,Yes,No,Month-to-month,Yes,Electronic check,104.91,2895.08,No
3196-BLIUV,Female,0,No,No,1,Yes,Yes,Fiber optic,No,No,No,Yes,No,Yes,Month-to-month,No,Electronic check,103.75,102.42,Yes
1848-AVSWJ,Male,0,No,No,62,Yes,No,Fiber optic,No,No,Yes,No,Yes,Yes,One year,No,Electronic check,97.83,6092.38,No
2196-ARUPW,Female,0,Yes,No,16,No,No phone service,DSL,Yes,No,Yes,Yes,Yes,Yes,Month-to-month,Yes,Electronic check,81.87,1370.52,Yes
3369-HMZIE,Male,0,No,No,2,Yes,Yes,No,No internet service,No internet service,No internet service,No internet service,No internet service,No internet service,Month-to-month,No,Mailed check,47.06,91.91,No
6674-HBTRN,Male,0,Yes,Yes,8,Yes,Yes,DSL,No,No,Yes,No,No,No,Month-to-month,No,Credit card (automatic),74.87,600.42,Yes
4397-PMVTY,Male,0,Yes,No,10,Yes,No,No,No internet service,No internet service,No internet service,No internet service,No internet service,No internet service,Month-to-month,No,Mailed check,29.83,299.87,No
4832-PIEOC,Male,0,No,No,15,Yes,Yes,Fiber optic,Yes,Yes,Yes,No,No,Yes,One year,Yes,Mailed check,117.75,1737.94,No
3773-UNEJE,Male,0,Yes,No,25,Yes,No,DSL,No,Yes,Yes,Yes,No,No,Two year,Yes,Electronic check,75.18,1807.14,No
3726-ULQNM,Male,0,Yes,No,62,Yes,Yes,DSL,No,No,Yes,No,No,No,Two year,Yes,Electronic check,70.23,4484.09,No
1650-HQGXL,Male,1,Yes,No,42,Yes,Yes,Fiber optic,Yes,No,Yes,No,No,Yes,Two year,No,Bank transfer (automatic),100.81,4304.32,No
4784-CPJGV,Male,0,No,No,30,No,No phone service,DSL,Yes,No,Yes,Yes,Yes,Yes,One year,No,Electronic check,84.26,2447.27,No
7985-RPRQI,Male,0,No,No,67,Yes,No,Fiber optic,No,No,Yes,No,No,No,Month-to-month,No,Electronic check,83.05,5441.04,No
6119-SSJVZ,Female,0,No,No,61,Yes,No,DSL,No,No,No,No,Yes,Yes,Two year,Yes,Bank transfer (automatic),80.86,4781.08,No
1054-MJSOU,Male,0,No,Yes,8,Yes,Yes,Fiber optic,No,Yes,No,Yes,No,No,Month-to-month,Yes,Bank transfer (automatic),97.39,759.71,Yes
5874-ORPUK,Male,0,No,Yes,16,Yes,Yes,Fiber optic,No,Yes,No,Yes,No,Yes,Month-to-month,No,Credit card (automatic),109.75,1732.77,No
6677-LNSKT,Female,0,Yes,No,7,Yes,No,Fiber optic,No,No,No,Yes,Yes,Yes,Month-to-month,Yes,Electronic check,99.47,691.46,Yes
4894-OAIPB,Female,0,No,No,31,Yes,No,DSL,No,No,No,No,No,Yes,One year,Yes,Bank transfer (automatic),62.58,2020.24,No
5214-OTHEX,Male,0,No,No,1,Yes,No,No,No internet service,No internet service,No internet service,No internet service,No internet service,No internet service,Month-to-month,No,Electronic check,36.86,36.53,Yes
6452-IFVEA,Female,0,No,No,2,Yes,Yes,Fiber optic,Yes,Yes,Yes,Yes,No,Yes,Month-to-month,No,Electronic check,116.91,233.82,Yes
6364-PJCKR,Female,0,No,Yes,16,Yes,No,Fiber optic,No,No,Yes,No,No,Yes,Two year,Yes,Credit card (automatic),91.77,1540.12,No
6806-CTYCP,Female,0,No,No,65,Yes,Yes,Fiber optic,No,No,Yes,No,No,Yes,One year,No,Electronic check,101.19,6285.62,No
9157-ICFWY,Male,0,Yes,Yes,8,Yes,No,No,No internet service,No internet service,No internet service,No internet service,No internet service,No internet service,Month-to-month,No,Electronic check,27.04,210.94,No
4758-KJPYI,Female,0,Yes,Yes,16,Yes,Yes,Fiber optic,Yes,No,Yes,No,No,Yes,Month-to-month,Yes,Mailed check,109.1,1815.23,Yes
1498-GMMXD,Male,0,No,No,68,Yes,Yes,DSL,No,No,Yes,No,Yes,No,One year,No,Electronic check,85.0,5565.6,No
4887-GKSVU,Female,0,No,No,1,Yes,No,Fiber optic,No,No,No,No,No,Yes,Month-to-month,Yes,Credit card (automatic),91.3,91.72,No
8636-WYZFY,Female,0,No,No,72,Yes,Yes,Fiber optic,No,No,No,Yes,Yes,Yes,Month-to-month,Yes,Credit card (automatic),112.61,8163.29,No
3826-FVCNL,Male,0,Yes,No,22,Yes,Yes,DSL,No,No,No,Yes,No,Yes,One year,No,Electronic check,80.49,1838.99,No
9623-VQOFY,Female,0,Yes,No,4,Yes,Yes,Fiber optic,Yes,No,No,No,Yes,Yes,Month-to-month,No,Electronic check,117.34,489.84,No
6033-RTWID,Male,1,No,No,13,Yes,No,No,No internet service,No internet service,No internet service,No internet service,No internet service,No internet service,Month-to-month,Yes,Mailed check,27.43,357.46,No
2966-BETYL,Female,0,No,No,39,Yes,No,Fiber optic,Yes,No,Yes,No,Yes,Yes,One year,Yes,Bank transfer (automatic),103.22,4072.06,No
9159-XFCPY,Male,0,No,No,65,Yes,No,Fiber optic,No,Yes,Yes,Yes,No,Yes,Two year,No,Mailed check,104.87,6752.27,No
4909-ZCANK,Male,0,Yes,Yes,5,No,No phone service,Fiber optic,No,No,Yes,No,No,Yes,Month-to-month,No,Bank transfer (automatic),78.25,376.24,Yes
4944-BLTUP,Male,0,No,No,1,No,No phone service,DSL,No,Yes,No,No,Yes,No,Month-to-month,Yes,Credit card (automatic),58.37,60.9,No
5250-RAGYC,Female,0,No,No,17,Yes,No,Fiber optic,No,Yes,Yes,Yes,Yes,Yes,Month-to-month,Yes,Electronic check,117.23,1931.33,Yes
1306-GKOJC,Male,0,No,No,60,Yes,Yes,No,No internet service,No internet service,No internet service,No internet service,No internet service,No internet service,Two year,Yes,Credit card (automatic),38.18,2286.18,No
1613-XDNHS,Male,0,Yes,No,6,Yes,No,DSL,No,No,Yes,Yes,No,Yes,Month-to-month,Yes,Mailed check,77.19,465.67,Yes
1388-OLDGK,Male,0,Yes,Yes,62,Yes,No,DSL,No,Yes,No,No,No,No,Month-to-month,Yes,Bank transfer (automatic),59.27,3615.42,No
7956-QMLUE,Female,0,No,No,3,Yes,No,DSL,Yes,Yes,No,No,No,Yes,Month-to-month,Yes,Credit card (automatic),79.06,243.24,No
2052-HPMXA,Female,0,Yes,Yes,63,Yes,Yes,No,No internet service,No internet service,No internet service,No internet service,No internet service,No internet service,One year,No,Electronic check,38.42,2469.23,No
3103-ZHQRG,Male,0,No,No,29,Yes,Yes,Fiber optic,No,Yes,No,No,Yes,No,Two year,Yes,Mailed check,105.93,2986.33,No
4357-HDBJW,Male,0,No,No,67,Yes,Yes,DSL,No,No,Yes,No,Yes,No,Two year,Yes,Electronic check,87.44,5832.7,No
1340-HKBQC,Male,0,No,No,16,No,No phone service,Fiber optic,No,No,No,Yes,Yes,No,One year,Yes,Bank transfer (automatic),81.6,1356.07,No
2998-GJYLH,Male,1,Yes,Yes,2,Yes,Yes,Fiber optic,No,Yes,Yes,Yes,Yes,No,Month-to-month,Yes,Electronic check,113.53,228.89,Yes
1775-STZRD,Male,0,Yes,Yes,19,Yes,Yes,No,No internet service,No internet service,No internet service,No internet service,No internet service,No internet service,Month-to-month,No,Mailed check,45.08,833.66,No
4801-PJTZM,Female,0,No,Yes,4,Yes,No,Fiber optic,No,No,No,Yes,Yes,Yes,Month-to-month,Yes,Credit card (automatic),102.98,401.85,No
2394-MUBNT,Male,0,No,No,6,Yes,Yes,Fiber optic,Yes,Yes,No,Yes,No,Yes,Month-to-month,No,Electronic check,118.75,711.64,Yes
9139-SXVMM,Male,1,Yes,Yes,6,Yes,No,DSL,Yes,No,Yes,No,Yes,Yes,Two year,No,Credit card (automatic),92.08,571.26,No
8175-XWFMR,Male,0,Yes,No,72,Yes,Yes,DSL,No,No,No,No,Yes,Yes,One year,Yes,Mailed check,84.88,5943.27,No
3110-UPCZF,Female,0,No,No,20,Yes,No,Fiber optic,No,No,Yes,No,Yes,Yes,Month-to-month,Yes,Electronic check,106.67,2062.43,Yes
8478-QUBNF,Female,0,Yes,No,5,Yes,Yes,Fiber optic,No,No,No,No,Yes,Yes,Month-to-month,Yes,Electronic check,103.78,510.82,Yes
5504-JPITK,Female,0,No,Yes,66,Yes,Yes,Fiber optic,Yes,Yes,No,No,No,No,Two year,Yes,Electronic check,107.44,6778.52,No
9352-VCTLS,Male,0,Yes,No,5,No,No phone service,Fiber optic,No,No,Yes,No,Yes,No,Month-to-month,Yes,Electronic check,88.05,457.58,Yes
5596-CORMZ,Male,1,No,No,25,Yes,Yes,No,No internet service,No internet service,No internet service,No internet service,No internet service,No internet service,Two year,Yes,Mailed check,43.57,1087.24,No
7598-USBQU,Male,0,No,No,1,Yes,Yes,Fiber optic,No,Yes,No,Yes,No,Yes,Month-to-month,No,Mailed check,110.1,114.44,Yes
6698-WUNQX,Male,1,No,No,67,Yes,Yes,DSL,No,No,Yes,No,Yes,Yes,One year,Yes,Electronic check,93.06,6298.56,No
2737-TOIRS,Female,0,Yes,Yes,22,Yes,No,DSL,No,Yes,Yes,No,No,No,Two year,No,Bank transfer (automatic),71.2,1605.68,No
1540-JHHEG,Female,1,No,No,63,No,No phone service,DSL,No,Yes,No,Yes,No,Yes,One year,Yes,Mailed check,68.59,4197.61,No
3993-LRIAK,Female,0,Yes,Yes,29,Yes,Yes,No,No internet service,No internet service,No internet service,No internet service,No internet service,No internet service,Two year,Yes,Bank transfer (automatic),43.68,1210.07,No
9463-IKLDB,Female,1,No,No,17,No,No phone service,Fiber optic,No,Yes,Yes,No,No,Yes,Month-to-month,No,Credit card (automatic),89.29,1514.87,Yes
8671-ZBJLR,Male,0,No,No,2,Yes,No,Fiber optic,No,Yes,No,No,Yes,No,Month-to-month,Yes,Electronic check,92.9,188.61,Yes
4045-BXJQS,Female,0,No,No,51,No,No phone service,DSL,No,No,Yes,No,No,No,Two year,Yes,Mailed check,52.47,2585.39,No
4588-RGYWL,Male,0,Yes,No,70,Yes,Yes,Fiber optic,Yes,No,No,Yes,Yes,No,Two year,Yes,Credit card (automatic),110.44,7435.21,No
9456-SRLSN,Male,0,No,No,30,Yes,Yes,Fiber optic,Yes,Yes,Yes,No,No,Yes,One year,Yes,Bank transfer (automatic),116.55,3567.17,No
9611-NUYES,Female,0,Yes,No,15,Yes,No,DSL,Yes,No,No,Yes,No,No,Month-to-month,Yes,Electronic check,70.65,1018.34,No
3218-ZUTAB,Male,1,Yes,No,3,Yes,No,Fiber optic,No,Yes,No,No,No,Yes,Month-to-month,Yes,Bank transfer (automatic),88.01,263.68,Yes
3291-RAHTQ,Male,0,Yes,No,60,Yes,No,DSL,No,Yes,No,Yes,Yes,Yes,Two year,No,Mailed check,87.56,5021.84,No
9101-TBDEK,Male,0,Yes,Yes,2,Yes,No,DSL,No,No,No,No,No,Yes,Month-to-month,Yes,Credit card (automatic),62.67,119.97,No
8267-JMSXH,Female,0,Yes,No,69,Yes,Yes,DSL,Yes,Yes,Yes,No,No,Yes,Month-to-month,No,Electronic check,99.04,7061.64,No
1376-YZOKC,Female,1,Yes,Yes,57,No,No phone service,No,No internet service,No internet service,No internet service,No internet service,No internet service,No internet service,One year,No,Electronic check,18.44,1065.47,No
7855-GHYDH,Male,0,No,No,6,Yes,Yes,DSL,No,Yes,No,No,Yes,No,Month-to-month,No,Credit card (automatic),80.08,463.89,No
9152-BGOMC,Female,0,Yes,No,4,No,No phone service,Fiber optic,Yes,No,No,No,No,Yes,Month-to-month,Yes,Mailed check,84.06,320.82,Yes
1256-ZNMAG,Male,0,No,No,64,Yes,No,DSL,Yes,Yes,No,Yes,Yes,Yes,One year,No,Bank transfer (automatic),91.35,5760.91,No
6346-MBHHU,Male,0,Yes,Yes,51,Yes,No,Fiber optic,Yes,No,No,No,No,Yes,One year,Yes,Credit card (automatic),95.8,4747.18,No
1477-MDVRU,Female,0,No,No,29,Yes,No,DSL,No,No,No,No,No,Yes,Month-to-month,No,Electronic check,62.82,1825.04,No
8911-RGVRT,Female,0,No,No,49,Yes,Yes,No,No internet service,No internet service,No internet service,No internet service,No internet service,No internet service,Month-to-month,No,Electronic check,43.23,2155.95,No
1934-GYNCM,Female,0,No,Yes,2,Yes,Yes,Fiber optic,No,Yes,Yes,No,No,No,Month-to-month,Yes,Electronic check,104.37,203.98,Yes
9195-YOGVE,Male,0,No,No,16,Yes,Yes,No,No internet service,No internet service,No internet service,No internet service,No internet service,No internet service,Month-to-month,Yes,Electronic check,36.91,617.07,No
8653-AWDYR,Female,0,Yes,No,71,Yes,No,Fiber optic,Yes,No,No,Yes,Yes,No,Two year,Yes,Credit card (automatic),100.91,7476.33,No
1969-CLZGG,Female,0,No,Yes,29,Yes,No,DSL,No,Yes,No,No,No,No,Month-to-month,Yes,Bank transfer (automatic),61.9,1710.88,No
5330-XRVCU,Female,0,Yes,No,70,Yes,No,Fiber optic,No,Yes,Yes,Yes,Yes,No,Two year,No,Bank transfer (automatic),112.27,7886.57,No
3720-MPXMA,Male,0,No,No,6,Yes,Yes,DSL,Yes,No,Yes,Yes,No,No,Month-to-month,No,Credit card (automatic),90.12,544.21,No
5443-GTHSE,Female,0,Yes,No,1,Yes,Yes,No,No internet service,No internet service,No internet service,No internet service,No internet service,No internet service,Month-to-month,No,Credit card (automatic),46.3,45.31,No
7247-UMAVZ,Female,0,Yes,Yes,20,Yes,No,DSL,No,Yes,No,No,Yes,Yes,Two year,Yes,Credit card (automatic),84.34,1647.02,No
6416-FDCQE,Male,0,Yes,No,29,Yes,No,DSL,No,Yes,No,No,Yes,Yes,One year,Yes,Bank transfer (automatic),83.06,2372.08,No
3022-BICBP,Male,0,No,Yes,15,Yes,Yes,Fiber optic,No,No,No,No,Yes,No,Two year,Yes,Mailed check,101.86,1523.0,No
1442-QAACT,Male,0,No,No,22,Yes,Yes,DSL,No,Yes,Yes,No,Yes,Yes,Month-to-month,No,Electronic check,101.58,2183.57,No
4340-BAWEZ,Female,0,No,No,64,No,No phone service,DSL,No,No,Yes,Yes,Yes,No,Two year,Yes,Credit card (automatic),71.74,4640.28,No
6067-GQLYR,Female,0,No,No,17,Yes,Yes,Fiber optic,No,No,No,No,Yes,Yes,Month-to-month,Yes,Electronic check,104.79,1854.3,No
5003-TJFGD,Female,0,Yes,No,8,Yes,No,DSL,No,Yes,Yes,No,Yes,No,Month-to-month,Yes,Electronic check,74.34,608.36,Yes
7953-DVCRR,Female,1,No,Yes,23,Yes,No,DSL,Yes,No,No,No,Yes,No,One year,No,Bank transfer (automatic),66.54,1472.89,No
6096-HDUCH,Female,0,No,Yes,72,Yes,No,Fiber optic,No,Yes,Yes,Yes,No,Yes,One year,Yes,Credit card (automatic),103.24,7087.32,No
6397-ILUWN,Male,0,No,No,28,Yes,Yes,DSL,Yes,Yes,No,No,No,Yes,Month-to-month,No,Bank transfer (automatic),91.9,2610.28,No
3526-KDQJN,Male,0,No,No,2,Yes,Yes,Fiber optic,No,No,No,No,Yes,No,Month-to-month,Yes,Mailed check,93.97,190.83,No
5418-WPWIA,Male,0,No,No,42,Yes,Yes,Fiber optic,No,No,No,Yes,No,No,Two year,Yes,Credit card (automatic),96.2,4095.42,No
4137-DJJFJ,Male,0,No,No,64,Yes,Yes,Fiber optic,No,No,Yes,Yes,No,No,Month-to-month,Yes,Electronic check,102.0,6269.12,Yes
1916-SYTQW,Male,0,Yes,No,1,No,No phone service,Fiber optic,No,Yes,Yes,No,No,No,Month-to-month,Yes,Electronic check,73.02,71.94,Yes
3808-NAAUI,Male,1,Yes,No,69,Yes,No,DSL,No,No,No,Yes,No,Yes,Month-to-month,Yes,Mailed check,71.83,4794.14,No
9144-SNPWQ,Male,0,Yes,No,61,Yes,No,No,No internet service,No internet service,No internet service,No internet service,No internet service,No internet service,One year,Yes,Credit card (automatic),28.97,1762.79,No
8390-VJUVX,Male,0,Yes,Yes,61,Yes,No,No,No internet service,No internet service,No internet service,No internet service,No internet service,No internet service,Two year,No,Electronic check,31.31,1908.51,No
6867-ESMMG,Male,0,Yes,Yes,12,Yes,Yes,Fiber optic,Yes,No,Yes,Yes,No,No,One year,No,Mailed check,107.25,1225.15,No
5480-OGPAL,Male,0,No,No,26,Yes,Yes,Fiber optic,No,Yes,Yes,No,No,No,Two year,No,Electronic check,102.25,2729.63,No
1866-BAOWY,Female,0,Yes,Yes,8,Yes,No,No,No internet service,No internet service,No internet service,No internet service,No internet service,No internet service,Month-to-month,No,Electronic check,31.65,246.3,Yes
7392-HLYRJ,Female,0,No,No,10,Yes,No,Fiber optic,No,No,Yes,Yes,Yes,No,Month-to-month,Yes,Credit card (automatic),95.35,994.74,Yes
6980-UMPUV,Female,0,No,No,1,Yes,No,Fiber optic,Yes,No,Yes,Yes,Yes,No,Month-to-month,No,Electronic check,100.75,101.82,No
6761-XWQJP,Male,0,Yes,No,5,Yes,No,Fiber optic,No,No,Yes,No,No,No,Month-to-month,No,Electronic check,82.01,426.75,No
3289-DXGMW,Female,1,Yes,Yes,1,Yes,No,DSL,No,No,Yes,No,Yes,Yes,Month-to-month,Yes,Electronic check,83.43,86.12,No
5149-VJFLC,Female,0,No,No,61,Yes,No,Fiber optic,Yes,Yes,No,Yes,Yes,Yes,Month-to-month,No,Mailed check,118.74,7277.52,No
8112-BVPZF,Female,0,No,No,21,Yes,No,DSL,Yes,Yes,No,Yes,No,No,Month-to-month,No,Mailed check,78.69,1669.05,No
5143-MLDYJ,Male,0,No,No,10,Yes,Yes,DSL,No,Yes,Yes,No,No,No,Month-to-month,No,Electronic check,80.85,801.97,Yes
2706-SHDKB,Female,0,Yes,Yes,26,Yes,No,No,No internet service,No internet service,No internet service,No internet service,No internet service,No internet service,One year,Yes,Credit card (automatic),30.54,785.79,No
3157-JQGRS,Female,1,No,No,21,Yes,No,Fiber optic,No,Yes,No,No,No,No,Month-to-month,No,Credit card (automatic),84.77,1738.05,Yes
5868-GQNNY,Female,0,Yes,No,72,Yes,Yes,Fiber optic,Yes,No,Yes,Yes,Yes,Yes,Month-to-month,Yes,Mailed check,118.75,8238.15,No
3532-LOEYL,Female,0,No,No,44,Yes,No,DSL,Yes,No,Yes,Yes,No,Yes,Month-to-month,No,Electronic check,85.44,3598.54,No
9181-PGKGY,Male,0,No,No,33,Yes,No,DSL,No,No,No,No,Yes,No,Month-to-month,Yes,Electronic check,64.88,2164.28,No
6018-PTJQV,Female,0,Yes,No,9,Yes,No,Fiber optic,Yes,No,No,Yes,No,Yes,Month-to-month,Yes,Mailed check,95.13,866.14,No
9307-WESSM,Male,0,Yes,No,8,No,No phone service,Fiber optic,No,No,Yes,No,Yes,Yes,Month-to-month,Yes,Credit card (automatic),89.51,699.13,Yes
5716-RWULC,Female,0,Yes,Yes,11,Yes,Yes,Fiber optic,No,No,Yes,No,No,No,Month-to-month,No,Mailed check,99.33,1072.73,Yes
4745-DDRXE,Male,1,Yes,No,52,Yes,No,No,No internet service,No internet service,No internet service,No internet service,No internet service,No internet service,Month-to-month,Yes,Mailed check,28.8,1491.49,No
4418-KRDKM,Male,0,No,No,6,Yes,Yes,No,No internet service,No internet service,No internet service,No internet service,No internet service,No internet service,Month-to-month,Yes,Credit card (automatic),42.17,246.97,Yes
5433-STHBS,Male,0,Yes,No,13,No,No phone service,No,No internet service,No internet service,No internet service,No internet service,No internet service,No internet service,Month-to-month,Yes,Credit card (automatic),18.25,239.67,No
7380-IJCOG,Female,0,No,No,60,Yes,No,Fiber optic,No,No,Yes,No,No,No,Two year,No,Mailed check,90.52,5495.17,No
2301-YZJYS,Male,0,Yes,No,62,Yes,No,DSL,Yes,Yes,Yes,No,Yes,Yes,One year,No,Credit card (automatic),90.94,5507.06,No
3150-NPAUH,Female,0,No,No,12,Yes,No,No,No internet service,No internet service,No internet service,No internet service,No internet service,No internet service,One year,No,Electronic check,24.55,299.47,No
6546-PEYNS,Female,0,No,No,72,Yes,Yes,No,No internet service,No internet service,No internet service,No internet service,No internet service,No internet service,Two year,Yes,Electronic check,44.7,3165.95,No
3209-LYKMH,Male,0,No,No,61,No,No phone service,Fiber optic,Yes,Yes,No,No,Yes,No,One year,Yes,Mailed check,85.69,5124.86,No
4379-QIGXF,Male,0,No,No,37,Yes,No,DSL,No,No,Yes,No,Yes,Yes,Two year,Yes,Mailed check,75.19,2818.14,No
8484-FUSNF,Male,0,Yes,Yes,6,Yes,No,DSL,Yes,No,Yes,No,No,Yes,Month-to-month,No,Electronic check,78.25,459.32,No
7852-UPCYD,Female,0,No,No,71,Yes,No,Fiber optic,Yes,Yes,No,Yes,No,No,Month-to-month,No,Mailed check,95.68,6629.61,No
1195-DALEG,Female,1,Yes,No,46,Yes,No,Fiber optic,No,No,No,Yes,No,No,Two year,No,Bank transfer (automatic),80.39,3840.2,No
5118-YSKWR,Male,0,Yes,Yes,64,Yes,No,DSL,Yes,No,No,No,No,Yes,Two year,Yes,Electronic check,70.39,4431.46,No
7269-ZYIWB,Male,0,Yes,Yes,5,Yes,No,No,No internet service,No internet service,No internet service,No internet service,No internet service,No internet service,Month-to-month,Yes,Mailed check,28.71,143.62,Yes
6840-MCAEO,Female,0,No,Yes,69,Yes,Yes,Fiber optic,No,No,Yes,No,Yes,No,Two year,No,Electronic check,110.23,7904.7,No
4187-BLAVZ,Female,0,No,No,9,No,No phone service,Fiber optic,No,Yes,No,No,No,Yes,Month-to-month,Yes,Credit card (automatic),81.17,699.17,Yes
1847-MFGLV,Female,0,No,No,1,Yes,Yes,Fiber optic,Yes,No,No,No,No,Yes,Month-to-month,Yes,Bank transfer (automatic),107.57,111.07,Yes
4731-CDMFY,Female,0,Yes,No,57,Yes,No,DSL,Yes,Yes,No,No,Yes,No,One year,No,Electronic check,78.12,4249.84,No
2403-TNBZE,Male,1,Yes,No,22,Yes,Yes,No,No internet service,No internet service,No internet service,No internet service,No internet service,No internet service,Month-to-month,Yes,Electronic check,41.58,922.79,Yes
8436-RZPVS,Male,0,No,Yes,12,Yes,No,DSL,No,No,No,Yes,Yes,Yes,One year,No,Mailed check,77.82,927.05,No
9609-DOAPM,Male,1,No,No,62,Yes,No,Fiber optic,No,No,Yes,No,No,Yes,Two year,No,Electronic check,93.18,6030.98,No
3831-ARMWY,Male,0,Yes,Yes,31,No,No phone service,Fiber optic,No,No,No,Yes,Yes,Yes,Two year,Yes,Mailed check,91.99,2989.29,No
2986-NVZJG,Male,0,No,No,72,Yes,Yes,DSL,No,Yes,Yes,No,Yes,Yes,Two year,Yes,Mailed check,106.61,7958.47,No
6297-OUDFV,Male,0,Yes,Yes,58,Yes,No,Fiber optic,No,Yes,No,No,Yes,No,Two year,No,Mailed check,90.5,5317.21,No
9455-SYCJU,Male,0,Yes,Yes,63,Yes,Yes,DSL,Yes,No,Yes,No,No,No,One year,No,Mailed check,76.38,4698.64,No
1484-FFVON,Female,0,Yes,No,36,No,No phone service,No,No internet service,No internet service,No internet service,No internet service,No internet service,No internet service,Two year,No,Electronic check,27.12,1011.56,No
8109-WXHBI,Female,0,Yes,Yes,15,Yes,No,No,No internet service,No internet service,No internet service,No internet service,No internet service,No internet service,One year,No,Bank transfer (automatic),36.46,522.08,No
3773-YTDFA,Female,0,Yes,No,43,Yes,Yes,No,No internet service,No internet service,No internet service,No internet service,No internet service,No internet service,One year,Yes,Bank transfer (automatic),48.1,2003.17,No
8269-NOMJS,Female,0,No,No,64,Yes,Yes,No,No internet service,No internet service,No internet service,No internet service,No internet service,No internet service,One year,Yes,Bank transfer (automatic),41.74,2617.54,No
8939-IRIZP,Male,0,No,No,68,Yes,No,No,No internet service,No internet service,No internet service,No internet service,No internet service,No internet service,One year,Yes,Electronic check,34.56,2395.26,No
2588-HBQXE,Female,0,No,No,38,Yes,No,Fiber optic,No,Yes,Yes,No,No,Yes,One year,Yes,Credit card (automatic),92.7,3526.76,No
5064-KQRDE,Male,0,No,No,2,Yes,No,No,No internet service,No internet service,No internet service,No internet service,No internet service,No internet service,Month-to-month,No,Mailed check,31.91,66.58,No
8032-YCXHR,Female,0,No,No,41,Yes,Yes,DSL,No,No,Yes,Yes,Yes,No,Month-to-month,No,Electronic check,88.62,3573.96,No
1644-IZFOT,Male,0,Yes,No,1,Yes,Yes,DSL,Yes,No,No,No,Yes,Yes,Month-to-month,Yes,Electronic check,95.94,97.81,Yes
6307-XRRXD,Female,0,No,No,43,Yes,Yes,DSL,No,Yes,Yes,No,Yes,No,Month-to-month,Yes,Bank transfer (automatic),87.18,3575.82,No
8978-WGFHW,Male,0,No,Yes,68,No,No phone service,DSL,No,Yes,Yes,No,No,No,Two year,Yes,Credit card (automatic),62.07,4297.15,No
5694-CUXSX,Male,0,Yes,No,63,Yes,Yes,DSL,No,No,No,Yes,No,No,Two year,No,Electronic check,77.03,4813.69,No
8358-GAORR,Female,1,Yes,Yes,66,Yes,No,Fiber optic,Yes,Yes,Yes,No,Yes,No,Two year,No,Bank transfer (automatic),104.93,7168.98,No
7872-OTWSV,Male,1,No,No,11,Yes,No,Fiber optic,No,No,No,No,Yes,No,Month-to-month,Yes,Electronic check,82.01,912.63,No
6896-NLQYC,Female,1,No,Yes,39,Yes,No,Fiber optic,No,No,No,No,Yes,Yes,One year,Yes,Bank transfer (automatic),90.85,3610.81,No
7476-QYLDL,Female,0,Yes,Yes,1,Yes,No,Fiber optic,No,No,No,No,Yes,Yes,Month-to-month,Yes,Electronic check,98.99,102.34,Yes
2501-NQQLP,Female,0,No,Yes,40,Yes,Yes,No,No internet service,No internet service,No internet service,No internet service,No internet service,No internet service,One year,Yes,Credit card (automatic),39.06,1489.48,No
6194-FMBEO,Female,0,No,Yes,10,Yes,Yes,No,No internet service,No internet service,No internet service,No internet service,No internet service,No internet service,Month-to-month,Yes,Electronic check,47.75,500.76,No
2794-LGRPZ,Female,0,Yes,Yes,7,Yes,Yes,Fiber optic,No,No,No,No,No,Yes,Month-to-month,Yes,Mailed check,100.77,685.08,No
5238-ZZLAL,Male,1,No,No,2,Yes,No,DSL,No,No,No,No,Yes,Yes,Month-to-month,Yes,Mailed check,72.75,140.96,Yes
5796-BQFIU,Female,0,No,No,67,Yes,No,Fiber optic,No,Yes,No,No,No,Yes,Two year,Yes,Bank transfer (automatic),91.6,6321.48,No
8324-JUELS,Female,0,Yes,No,3,Yes,No,Fiber optic,Yes,No,Yes,Yes,No,Yes,Month-to-month,Yes,Electronic check,104.56,311.27,No
3286-TVUYF,Female,0,No,No,51,Yes,No,DSL,No,No,Yes,Yes,No,Yes,One year,Yes,Credit card (automatic),72.3,3576.48,No
3605-MFIMD,Male,0,Yes,Yes,72,Yes,No,DSL,No,No,No,Yes,No,No,Month-to-month,Yes,Electronic check,56.38,3930.54,No
7379-XZZEG,Female,0,Yes,Yes,69,Yes,No,DSL,Yes,No,No,Yes,No,No,One year,Yes,Mailed check,67.63,4502.97,No
1440-OIRWJ,Female,0,Yes,Yes,20,Yes,No,Fiber optic,No,Yes,No,Yes,Yes,No,Month-to-month,Yes,Mailed check,98.22,1952.69,Yes
2886-JDHIK,Female,1,No,No,65,Yes,No,Fiber optic,No,No,Yes,No,No,No,One year,No,Electronic check,83.11,5163.46,No
1323-AOSAW,Male,1,No,No,4,No,No phone service,Fiber optic,No,Yes,No,No,No,No,Month-to-month,Yes,Credit card (automatic),68.76,261.56,No
9046-VFQBY,Male,0,Yes,No,69,Yes,Yes,No,No internet service,No internet service,No internet service,No internet service,No internet service,No internet service,Two year,No,Bank transfer (automatic),41.34,2941.36,No
1505-FXBXG,Male,0,Yes,No,13,Yes,Yes,No,No internet service,No internet service,No internet service,No internet service,No internet service,No internet service,Month-to-month,Yes,Mailed check,44.46,581.35,No
7646-IEPIT,Female,0,Yes,No,72,Yes,Yes,Fiber optic,No,Yes,Yes,No,Yes,No,One year,Yes,Bank transfer (automatic),107.2,7531.14,No
9783-GXPWW,Female,0,No,No,54,Yes,Yes,Fiber optic,Yes,No,No,Yes,Yes,No,One year,No,Mailed check,116.06,6007.04,No
8228-VAMBB,Male,1,No,No,40,Yes,Yes,DSL,Yes,Yes,Yes,Yes,Yes,No,One year,Yes,Bank transfer (automatic),102.02,4158.46,No
9171-HJVUG,Male,0,No,No,10,Yes,Yes,Fiber optic,No,Yes,Yes,Yes,No,Yes,Month-to-month,No,Electronic check,114.73,1182.26,No
8293-ABHPS,Male,0,No,No,61,Yes,Yes,Fiber optic,No,Yes,No,No,Yes,No,Two year,Yes,Credit card (automatic),110.65,6731.57,No
8998-ZXHKL,Male,0,No,No,9,Yes,Yes,DSL,Yes,No,No,Yes,Yes,Yes,Month-to-month,No,Electronic check,98.92,918.19,No
7251-GXLEC,Female,0,Yes,Yes,5,Yes,Yes,DSL,No,Yes,No,No,No,No,Month-to-month,Yes,Mailed check,76.09,395.62,No
6861-XSUVT,Female,0,Yes,Yes,5,Yes,No,No,No internet service,No internet service,No internet service,No internet service,No internet service,No internet service,Month-to-month,Yes,Credit card (automatic),25.99,129.15,No
5177-ZVLDD,Male,0,No,No,1,Yes,Yes,DSL,No,No,No,Yes,No,Yes,One year,Yes,Electronic check,83.52,87.14,No
9834-SHHMJ,Female,0,No,No,2,Yes,No,No,No internet service,No internet service,No internet service,No internet service,No internet service,No internet service,Month-to-month,No,Electronic check,30.76,59.41,No
4831-QGSPN,Male,0,Yes,No,24,Yes,Yes,DSL,No,No,Yes,No,No,No,One year,Yes,Bank transfer (automatic),76.59,1865.94,No
3836-KSREQ,Female,0,No,No,6,Yes,Yes,DSL,No,No,Yes,No,Yes,Yes,Month-to-month,No,Credit card (automatic),95.94,571.87,No
3234-FFWVN,Male,0,No,No,72,Yes,No,Fiber optic,Yes,Yes,No,Yes,Yes,Yes,Two year,No,Credit card (automatic),110.87,7659.93,No
3608-DOALV,Male,0,Yes,No,70,Yes,No,DSL,Yes,Yes,Yes,No,No,Yes,One year,No,Electronic check,92.28,6737.78,No
4467-WDSHH,Male,0,No,No,23,Yes,No,Fiber optic,No,Yes,No,Yes,No,Yes,One year,Yes,Electronic check,99.07,2344.29,No
9379-GUKYM,Female,0,No,No,22,Yes,Yes,Fiber optic,No,Yes,Yes,No,Yes,Yes,Month-to-month,Yes,Bank transfer (automatic),118.75,2624.7,No
6953-VRCYQ,Female,0,Yes,No,10,Yes,Yes,No,No internet service,No internet service,No internet service,No internet service,No internet service,No internet service,Month-to-month,Yes,Electronic check,36.08,369.58,No
7223-KHKPF,Female,0,No,No,18,Yes,Yes,No,No internet service,No internet service,No internet service,No internet service,No internet service,No internet service,Two year,Yes,Electronic check,43.16,775.31,No
2384-XKVIL,Male,1,Yes,No,11,No,No phone service,Fiber optic,No,No,No,No,Yes,No,One year,No,Mailed check,72.52,804.55,No
7564-MURLV,Male,0,Yes,No,3,No,No phone service,DSL,No,No,No,Yes,Yes,No,Month-to-month,Yes,Electronic check,62.31,181.37,No
7102-VSKWM,Male,0,No,No,58,No,No phone service,DSL,No,Yes,No,Yes,No,No,Two year,No,Electronic check,59.77,3462.8,No
7456-BJARY,Female,0,Yes,No,55,Yes,Yes,DSL,Yes,Yes,No,No,Yes,Yes,Two year,No,Electronic check,99.56,5314.22,No
3288-PIWYB,Male,0,Yes,No,40,Yes,No,No,No internet service,No internet service,No internet service,No internet service,No internet service,No internet service,One year,Yes,Credit card (automatic),33.7,1410.27,No
6959-BONMD,Female,0,Yes,No,11,Yes,No,Fiber optic,Yes,No,No,Yes,No,Yes,Month-to-month,Yes,Mailed check,97.94,1070.91,No
9212-MDJTD,Female,1,Yes,No,61,Yes,Yes,DSL,Yes,No,Yes,Yes,No,Yes,One year,Yes,Credit card (automatic),94.51,5721.54,No
1081-LROSK,Female,0,Yes,No,1,Yes,No,Fiber optic,No,Yes,No,Yes,Yes,No,Month-to-month,Yes,Mailed check,98.72,103.34,No
3788-PNUGN,Male,0,No,No,64,Yes,No,No,No internet service,No internet service,No internet service,No internet service,No internet service,No internet service,One year,Yes,Credit card (automatic),31.69,2118.88,No
5515-AJMHW,Male,0,Yes,Yes,69,Yes,Yes,Fiber optic,Yes,No,No,Yes,No,Yes,Two year,Yes,Electronic check,112.17,7922.6,No
8074-FAEWG,Male,0,No,No,65,Yes,Yes,No,No internet service,No internet service,No internet service,No internet service,No internet service,No internet service,Two year,Yes,Electronic check,43.08,2868.41,No
1911-FOEOX,Female,0,No,No,19,Yes,Yes,No,No internet service,No internet service,No internet service,No internet service,No internet service,No internet service,Two year,Yes,Mailed check,45.16,891.9,No
4961-VXCCW,Female,0,Yes,Yes,60,Yes,Yes,Fiber optic,No,Yes,No,Yes,No,Yes,One year,No,Electronic check,112.45,7061.16,No
5306-RKGNI,Male,0,No,No,60,Yes,No,No,No internet service,No internet service,No internet service,No internet service,No internet service,No internet service,Two year,Yes,Mailed check,29.31,1825.89,No
9161-IDHDK,Male,0,No,No,70,Yes,No,Fiber optic,Yes,No,Yes,Yes,No,No,Two year,Yes,Bank transfer (automatic),92.51,6167.29,No
6629-BFPYJ,Female,0,Yes,Yes,6,Yes,No,Fiber optic,No,No,No,Yes,Yes,No,Month-to-month,Yes,Electronic check,88.68,541.43,Yes
9573-FBLOO,Female,0,Yes,No,3,Yes,No,Fiber optic,Yes,Yes,No,No,No,No,Month-to-month,No,Mailed check,85.64,268.65,Yes
9219-LYRIZ,Male,0,No,No,2,No,No phone service,DSL,No,Yes,No,No,Yes,No,Month-to-month,Yes,Credit card (automatic),63.79,124.08,No
7950-XLWRF,Female,0,No,No,69,Yes,No,Fiber optic,No,No,No,Yes,No,Yes,Two year,Yes,Mailed check,90.52,6275.98,No
9890-SOSTL,Male,0,Yes,Yes,8,Yes,Yes,No,No internet service,No internet service,No internet service,No internet service,No internet service,No internet service,Month-to-month,Yes,Mailed check,41.46,348.15,No
5101-BQYIR,Male,0,Yes,Yes,11,Yes,Yes,No,No internet service,No internet service,No internet service,No internet service,No internet service,No internet service,One year,No,Bank transfer (automatic),37.04,409.81,No
1752-SPTZU,Female,0,Yes,Yes,2,No,No phone service,No,No internet service,No internet service,No internet service,No internet service,No internet service,No internet service,Month-to-month,Yes,Credit card (automatic),25.82,50.74,No
8080-DWYHM,Female,0,Yes,No,66,Yes,Yes,No,No internet service,No internet service,No internet service,No internet service,No internet service,No internet service,One year,Yes,Credit card (automatic),42.57,2880.84,No
3754-PKXYH,Female,0,No,No,64,Yes,No,Fiber optic,Yes,Yes,No,No,Yes,Yes,Two year,Yes,Electronic check,102.64,6889.75,No
8071-NJDZL,Male,0,Yes,Yes,66,Yes,Yes,DSL,No,Yes,No,No,No,Yes,Two year,No,Electronic check,78.79,4980.7,No
8112-MSPZC,Female,0,Yes,No,22,Yes,No,Fiber optic,No,No,No,Yes,Yes,No,Month-to-month,No,Electronic check,92.15,1951.28,No
1064-DZVMC,Male,0,Yes,Yes,4,No,No phone service,DSL,No,Yes,Yes,Yes,No,No,Month-to-month,No,Credit card (automatic),65.28,263.32,No
1952-RZISR,Male,0,Yes,No,72,Yes,No,DSL,Yes,No,No,No,Yes,No,One year,Yes,Mailed check,70.73,5225.57,No
3084-VEYLC,Female,0,Yes,No,35,Yes,Yes,DSL,Yes,No,No,No,Yes,Yes,Month-to-month,Yes,Bank transfer (automatic),101.09,3631.67,No
3107-DWJBB,Male,0,Yes,No,4,Yes,Yes,DSL,No,No,No,No,No,No,Month-to-month,Yes,Bank transfer (automatic),65.38,262.08,No
5489-XTJVV,Female,0,Yes,Yes,64,Yes,Yes,Fiber optic,Yes,Yes,No,No,Yes,Yes,One year,Yes,Bank transfer (automatic),118.75,7955.1,No
5434-KEAKL,Female,0,No,No,3,Yes,Yes,No,No internet service,No internet service,No internet service,No internet service,No internet service,No internet service,Month-to-month,No,Electronic check,39.71,120.94,No
4556-QGFRA,Male,0,No,No,15,Yes,Yes,Fiber optic,No,Yes,No,Yes,Yes,No,Month-to-month,Yes,Mailed check,106.91,1599.91,No
3550-HTJIR,Male,0,Yes,No,20,Yes,Yes,DSL,No,Yes,Yes,No,Yes,No,Month-to-month,No,Mailed check,87.44,1760.52,Yes
2496-YABMI,Male,0,No,No,1,No,No phone service,No,No internet service,No internet service,No internet service,No internet service,No internet service,No internet service,Month-to-month,No,Bank transfer (automatic),18.25,18.81,No
9635-VBHED,Male,0,Yes,Yes,7,Yes,Yes,No,No internet service,No internet service,No internet service,No internet service,No internet service,No internet service,Month-to-month,Yes,Credit card (automatic),33.99,247.49,Yes
5638-NEYBH,Female,0,No,Yes,62,Yes,Yes,DSL,Yes,No,No,Yes,No,No,Two year,Yes,Electronic check,81.35,5210.14,No
1237-TTFWY,Female,0,Yes,Yes,49,Yes,Yes,Fiber optic,No,No,Yes,Yes,No,Yes,Two year,No,Electronic check,108.98,5388.85,No
9445-BPYOU,Male,0,Yes,Yes,55,Yes,No,Fiber optic,Yes,No,Yes,Yes,Yes,Yes,Two year,No,Bank transfer (automatic),117.58,6188.52,No
1400-DHHUC,Male,0,No,No,66,Yes,No,Fiber optic,Yes,Yes,No,No,Yes,No,Two year,Yes,Credit card (automatic),96.66,6525.8,No
1197-MCOGI,Female,0,Yes,No,11,Yes,No,No,No internet service,No internet service,No internet service,No internet service,No internet service,No internet service,Month-to-month,No,Electronic check,23.04,260.03,No
4957-YDWMQ,Female,0,Yes,Yes,54,Yes,Yes,Fiber optic,Yes,Yes,No,No,Yes,Yes,Two year,No,Mailed check,116.89,6052.36,No
9020-LILBD,Male,1,No,No,10,Yes,No,DSL,Yes,Yes,Yes,No,No,No,Month-to-month,No,Mailed check,73.03,716.78,No
6848-MFIOC,Male,0,No,No,21,Yes,Yes,Fiber optic,No,No,Yes,Yes,No,No,Month-to-month,No,Bank transfer (automatic),101.84,2049.77,No
8670-YEKLI,Female,0,No,No,15,Yes,Yes,Fiber optic,No,No,Yes,No,No,Yes,Month-to-month,Yes,Mailed check,103.25,1534.3,Yes
5047-PUPWP,Male,0,Yes,Yes,24,Yes,No,No,No internet service,No internet service,No internet service,No internet service,No internet service,No internet service,One year,Yes,Bank transfer (automatic),29.59,712.98,No
3936-MBDBB,Male,0,No,No,62,Yes,Yes,Fiber optic,No,Yes,Yes,No,Yes,Yes,Two year,Yes,Mailed check,118.75,7119.54,No
2609-FGWQO,Female,0,Yes,No,11,Yes,No,No,No internet service,No internet service,No internet service,No internet service,No internet service,No internet service,Month-to-month,No,Electronic check,28.84,320.45,No
8154-EQTZQ,Female,0,Yes,No,59,Yes,No,DSL,Yes,Yes,Yes,No,Yes,Yes,One year,Yes,Mailed check,90.41,5476.41,No
6415-NXVMF,Female,0,No,No,34,Yes,No,Fiber optic,No,Yes,No,Yes,Yes,No,Month-to-month,Yes,Electronic check,102.89,3631.07,No
2144-VPPBL,Female,0,No,No,63,Yes,Yes,Fiber optic,Yes,Yes,Yes,Yes,No,Yes,Month-to-month,Yes,Electronic check,118.75,7754.88,No
2833-RCZJG,Female,0,No,No,3,Yes,No,No,No internet service,No internet service,No internet service,No internet service,No internet service,No internet service,Month-to-month,Yes,Bank transfer (automatic),26.82,81.76,No
6941-IRCHE,Male,0,No,No,8,Yes,Yes,Fiber optic,No,No,Yes,No,Yes,Yes,Month-to-month,Yes,Mailed check,110.94,904.28,Yes
2467-KRZAY,Male,0,Yes,No,16,Yes,No,DSL,No,No,No,Yes,No,Yes,Two year,Yes,Credit card (automatic),68.88,1059.64,No
7415-WSICA,Male,0,Yes,Yes,26,Yes,No,DSL,Yes,Yes,Yes,No,Yes,Yes,Month-to-month,No,Electronic check,95.1,2403.38,No
5523-VEGFG,Male,1,Yes,No,9,Yes,No,DSL,No,Yes,Yes,No,Yes,Yes,Month-to-month,Yes,Bank transfer (automatic),83.61,787.46,No
5112-FEUVK,Female,0,No,No,8,Yes,No,Fiber optic,Yes,No,No,Yes,No,No,Month-to-month,Yes,Bank transfer (automatic),87.94,738.64,No
2522-GETYA,Female,0,Yes,Yes,65,Yes,Yes,Fiber optic,No,Yes,Yes,No,No,No,Two year,Yes,Bank transfer (automatic),106.29,6578.53,No
1923-MDXYK,Female,0,No,No,8,Yes,No,No,No internet service,No internet service,No internet service,No internet service,No internet service,No internet service,Month-to-month,Yes,Mailed check,23.83,195.65,No
9195-GENWN,Female,0,No,No,28,Yes,Yes,No,No internet service,No internet service,No internet service,No internet service,No internet service,No internet service,Month-to-month,No,Mailed check,44.85,1272.27,No
8307-XIMBX,Male,0,No,No,67,Yes,Yes,No,No internet service,No internet service,No internet service,No internet service,No internet service,No internet service,Month-to-month,Yes,Bank transfer (automatic),44.8,2861.02,No
4086-OJBBB,Male,0,No,No,5,Yes,No,DSL,Yes,Yes,Yes,Yes,No,Yes,Month-to-month,Yes,Credit card (automatic),89.56,451.32,Yes
1982-RFZIT,Female,1,No,No,42,Yes,Yes,No,No internet service,No internet service,No internet service,No internet service,No internet service,No internet service,Two year,No,Electronic check,34.93,1480.5,No
7948-QMLIK,Female,0,No,Yes,3,Yes,No,DSL,No,No,No,No,Yes,No,Month-to-month,Yes,Electronic check,66.2,195.36,No
7769-DERZR,Female,0,No,No,64,Yes,Yes,Fiber optic,No,Yes,No,Yes,No,No,One year,Yes,Mailed check,100.02,6670.72,No
4953-HUQFS,Female,0,Yes,Yes,50,Yes,No,DSL,Yes,Yes,Yes,Yes,No,No,Two year,Yes,Bank transfer (automatic),86.48,4537.9,No
7202-JUTKW,Female,0,Yes,Yes,20,Yes,No,DSL,Yes,Yes,No,No,No,No,One year,Yes,Credit card (automatic),67.43,1405.96,Yes
5670-YUITT,Female,0,No,No,68,Yes,No,DSL,No,Yes,No,No,No,No,One year,Yes,Bank transfer (automatic),60.3,3897.47,No
6454-DIFZT,Male,0,No,Yes,11,Yes,No,Fiber optic,No,Yes,No,No,Yes,Yes,Month-to-month,No,Electronic check,101.62,1088.71,Yes
9432-JUVMO,Female,0,Yes,No,6,Yes,No,DSL,No,Yes,Yes,No,No,Yes,One year,Yes,Electronic check,80.05,481.86,Yes
7334-JVJPI,Female,0,Yes,Yes,12,Yes,Yes,DSL,No,Yes,Yes,No,No,No,Two year,Yes,Mailed check,78.24,965.56,No
7747-AUQTY,Male,0,No,No,6,Yes,No,Fiber optic,Yes,No,Yes,No,Yes,Yes,Month-to-month,Yes,Bank transfer (automatic),110.04,634.76,No
4586-LIEVT,Female,0,No,No,62,Yes,No,Fiber optic,Yes,No,No,No,Yes,No,One year,Yes,Mailed check,93.26,5817.62,No
9451-GDAEZ,Male,0,Yes,No,44,No,No phone service,DSL,Yes,No,Yes,No,Yes,Yes,One year,No,Mailed check,79.81,3415.08,No
3095-ITIMP,Female,0,No,No,28,Yes,Yes,Fiber optic,No,Yes,No,No,Yes,No,Month-to-month,Yes,Electronic check,106.22,2946.19,Yes
7033-VFQFK,Male,0,No,No,62,Yes,Yes,Fiber optic,Yes,No,No,Yes,No,No,Two year,Yes,Bank transfer (automatic),95.27,6165.39,No
1738-HHYHB,Female,0,No,No,64,Yes,No,DSL,No,Yes,No,Yes,No,Yes,Month-to-month,Yes,Bank transfer (automatic),74.1,4675.52,No
8731-BCUEP,Male,0,Yes,Yes,63,Yes,Yes,No,No internet service,No internet service,No internet service,No internet service,No internet service,No internet service,One year,No,Credit card (automatic),36.2,2307.65,No
3338-DQFQD,Female,0,Yes,Yes,42,Yes,Yes,No,No internet service,No internet service,No internet service,No internet service,No internet service,No internet service,One year,Yes,Bank transfer (automatic),43.81,1782.8,No
4116-PEQAS,Male,1,Yes,Yes,17,Yes,Yes,DSL,No,No,Yes,Yes,Yes,Yes,Month-to-month,No,Mailed check,104.67,1704.06,No
6007-OXOAU,Male,1,Yes,No,15,Yes,Yes,Fiber optic,No,Yes,No,Yes,No,Yes,Month-to-month,Yes,Credit card (automatic),111.75,1745.8,No
6380-FBOOF,Male,0,Yes,No,4,Yes,No,Fiber optic,No,Yes,No,No,Yes,No,Month-to-month,Yes,Electronic check,89.19,374.31,No
5817-TKRAY,Female,1,No,No,6,Yes,No,DSL,No,Yes,Yes,Yes,No,Yes,One year,Yes,Electronic check,86.51,494.45,Yes
8181-NIKZJ,Male,0,Yes,No,66,Yes,No,Fiber optic,No,Yes,No,Yes,Yes,No,Two year,No,Bank transfer (automatic),97.12,6396.51,No
6056-RFYVR,Male,0,No,Yes,62,Yes,Yes,Fiber optic,Yes,No,No,Yes,No,No,One year,No,Mailed check,101.26,5997.88,No
6067-FKERJ,Female,0,No,No,34,Yes,No,No,No internet service,No internet service,No internet service,No internet service,No internet service,No internet service,Month-to-month,No,Bank transfer (automatic),29.28,1000.53,No
1268-NIEUL,Male,0,Yes,Yes,4,Yes,No,DSL,No,Yes,Yes,No,No,No,Month-to-month,No,Credit card (automatic),71.01,291.84,No
8810-UJOWF,Female,0,No,No,17,Yes,No,Fiber optic,No,No,Yes,No,No,No,Two year,Yes,Credit card (automatic),79.34,1342.98,No
3338-ITEGY,Male,0,No,Yes,71,No,No phone service,No,No internet service,No internet service,No internet service,No internet service,No internet service,No internet service,Two year,Yes,Credit card (automatic),18.25,1258.22,No
7764-XVPEY,Female,0,No,No,16,Yes,No,No,No internet service,No internet service,No internet service,No internet service,No internet service,No internet service,Month-to-month,No,Mailed check,32.08,516.95,No
5431-MFRGQ,Male,0,Yes,No,5,Yes,No,Fiber optic,No,Yes,Yes,No,Yes,No,Month-to-month,Yes,Bank transfer (automatic),101.27,492.9,No
8052-KCJYH,Male,0,No,No,64,Yes,Yes,DSL,Yes,No,No,No,No,No,Two year,No,Bank transfer (automatic),70.83,4691.01,No
7329-CBJNE,Female,0,Yes,No,3,Yes,No,Fiber optic,Yes,Yes,No,No,Yes,No,Month-to-month,No,Electronic check,98.71,304.43,Yes
9993-KTNNM,Female,0,No,No,37,Yes,Yes,Fiber optic,No,No,No,Yes,Yes,No,Month-to-month,Yes,Mailed check,101.5,3785.71,No
3775-HGXGA,Female,0,Yes,Yes,5,Yes,No,Fiber optic,No,No,Yes,No,Yes,No,Month-to-month,No,Mailed check,96.36,477.94,No
5027-RUQXJ,Male,1,No,No,28,Yes,Yes,DSL,No,Yes,Yes,No,Yes,Yes,One year,No,Bank transfer (automatic),100.47,2910.46,No
9521-YQIUF,Male,0,Yes,Yes,66,Yes,No,Fiber optic,Yes,Yes,Yes,No,No,No,One year,Yes,Bank transfer (automatic),93.85,6304.15,No
5910-HWZFR,Male,0,Yes,Yes,15,Yes,Yes,No,No internet service,No internet service,No internet service,No internet service,No internet service,No internet service,One year,No,Credit card (automatic),40.43,617.19,No
2662-OODPE,Female,0,No,Yes,29,Yes,Yes,Fiber optic,No,No,Yes,Yes,Yes,Yes,Month-to-month,Yes,Electronic check,118.75,3508.24,No
8682-KBDVX,Male,0,No,No,1,Yes,Yes,Fiber optic,No,No,Yes,Yes,No,No,Month-to-month,Yes,Bank transfer (automatic),95.76,92.13,Yes
9093-ZPUQP,Male,0,Yes,Yes,61,Yes,No,DSL,No,Yes,Yes,No,Yes,Yes,Two year,Yes,Bank transfer (automatic),81.79,5031.11,No
1038-CREYA,Male,1,Yes,No,20,No,No phone service,DSL,Yes,Yes,No,No,Yes,No,Two year,Yes,Electronic check,72.78,1434.66,No
7316-FNJAQ,Female,0,No,No,24,Yes,Yes,Fiber optic,No,Yes,No,No,No,Yes,Month-to-month,Yes,Bank transfer (automatic),105.08,2496.78,Yes
4939-PJFYG,Male,0,No,No,13,Yes,Yes,Fiber optic,Yes,No,Yes,No,Yes,No,Month-to-month,Yes,Bank transfer (automatic),114.72,1498.93,No
7471-QRRHA,Female,0,Yes,No,1,Yes,No,DSL,No,No,Yes,No,No,Yes,Month-to-month,Yes,Electronic check,77.35,81.19,Yes
3907-CMEDP,Male,0,No,No,4,Yes,No,No,No internet service,No internet service,No internet service,No internet service,No internet service,No internet service,Month-to-month,No,Credit card (automatic),31.18,129.77,No
7986-MACQP,Female,0,No,No,4,Yes,No,DSL,No,Yes,Yes,No,Yes,No,Month-to-month,Yes,Mailed check,80.25,336.91,Yes
5012-CUMIX,Male,0,Yes,Yes,55,Yes,Yes,DSL,No,Yes,Yes,No,Yes,Yes,One year,No,Electronic check,106.65,6045.98,No
1225-AACPZ,Female,0,No,No,54,Yes,Yes,Fiber optic,No,Yes,Yes,Yes,No,No,Two year,No,Mailed check,112.56,5848.23,No
2297-YJIYF,Female,0,No,No,62,Yes,Yes,DSL,No,Yes,No,No,No,Yes,One year,Yes,Mailed check,82.1,4911.95,No
3853-YWNGF,Male,0,No,No,18,Yes,Yes,DSL,Yes,Yes,No,Yes,No,No,Month-to-month,Yes,Electronic check,85.02,1488.84,Yes
9360-XMJBH,Female,0,Yes,Yes,3,Yes,No,Fiber optic,No,Yes,No,Yes,No,Yes,Month-to-month,No,Electronic check,101.26,318.92,No
9074-HQCZB,Male,0,No,No,63,Yes,No,No,No internet service,No internet service,No internet service,No internet service,No internet service,No internet service,Two year,No,Bank transfer (automatic),28.46,1793.9,No
8408-AMNEA,Female,0,Yes,No,69,Yes,No,Fiber optic,No,No,Yes,No,No,Yes,One year,Yes,Electronic check,91.37,6478.77,No
5169-BQRTN,Female,1,No,Yes,3,Yes,Yes,DSL,No,No,Yes,No,Yes,No,Month-to-month,Yes,Bank transfer (automatic),83.28,256.4,Yes
9934-YFQOC,Male,0,Yes,No,17,Yes,Yes,Fiber optic,No,No,No,No,Yes,Yes,Month-to-month,Yes,Electronic check,109.37,1946.94,Yes
4357-EJRAW,Male,0,No,Yes,66,Yes,Yes,DSL,No,Yes,Yes,No,Yes,Yes,One year,Yes,Electronic check,105.01,6648.07,No
4517-ESODT,Male,0,No,No,65,Yes,Yes,Fiber optic,No,No,No,No,Yes,No,Two year,No,Bank transfer (automatic),97.44,6073.38,No
6739-ELEDW,Male,0,Yes,No,60,Yes,No,Fiber optic,Yes,No,Yes,No,Yes,Yes,Two year,No,Electronic check,105.81,6514.19,No
3687-CCLOS,Male,0,No,No,5,Yes,No,DSL,No,No,No,No,Yes,No,Month-to-month,No,Credit card (automatic),62.96,299.52,No
3713-NXFXM,Male,0,No,Yes,72,Yes,Yes,Fiber optic,Yes,Yes,No,No,Yes,No,Two year,Yes,Electronic check,107.26,8011.41,No
1435-CTKNC,Male,0,Yes,Yes,64,No,No phone service,No,No internet service,No internet service,No internet service,No internet service,No internet service,No internet service,One year,No,Electronic check,23.9,1531.26,No
8094-ZMVNT,Female,0,No,No,69,Yes,Yes,Fiber optic,No,Yes,Yes,Yes,No,Yes,One year,No,Bank transfer (automatic),115.05,7746.34,No
1115-ECEKG,Male,0,No,No,27,Yes,No,No,No internet service,No internet service,No internet service,No internet service,No internet service,No internet service,Month-to-month,No,Electronic check,38.11,1071.27,No
3773-LGAEP,Male,1,Yes,No,41,Yes,Yes,Fiber optic,No,Yes,Yes,Yes,No,No,One year,Yes,Mailed check,101.42,4257.95,No
5896-CRYIQ,Female,0,No,No,70,Yes,No,Fiber optic,Yes,Yes,No,Yes,No,No,Two year,Yes,Electronic check,90.74,6219.42,No
1379-HRJFP,Male,0,No,No,17,No,No phone service,No,No internet service,No internet service,No internet service,No internet service,No internet service,No internet service,Month-to-month,Yes,Electronic check,18.35,319.45,Yes
5604-UBILU,Male,0,Yes,No,16,Yes,No,Fiber optic,No,No,No,No,Yes,No,Month-to-month,No,Electronic check,87.03,1365.12,Yes
1043-NNEHY,Male,0,No,No,38,Yes,Yes,Fiber optic,No,No,Yes,No,No,No,Two year,No,Credit card (automatic),92.21,3517.52,No
8316-BUNLP,Female,0,Yes,Yes,11,Yes,Yes,No,No internet service,No internet service,No internet service,No internet service,No internet service,No internet service,Month-to-month,Yes,Bank transfer (automatic),48.25,543.99,No
1811-TOSZQ,Female,0,No,No,69,Yes,No,No,No internet service,No internet service,No internet service,No internet service,No internet service,No internet service,Two year,Yes,Credit card (automatic),29.56,2024.18,No
7434-HHBYG,Male,0,No,No,1,Yes,Yes,DSL,No,Yes,Yes,No,No,Yes,Month-to-month,Yes,Credit card (automatic),86.59,89.3,Yes
6368-SAMEE,Female,0,Yes,No,26,Yes,No,Fiber optic,Yes,No,No,Yes,No,No,One year,No,Mailed check,85.18,2139.0,No
8253-GSOOD,Female,0,No,No,33,Yes,Yes,Fiber optic,Yes,No,No,No,No,No,Two year,No,Credit card (automatic),90.04,2976.92,No
9964-XDJCE,Female,1,No,Yes,17,Yes,No,DSL,No,Yes,No,No,Yes,Yes,Two year,No,Electronic check,82.94,1343.7,No
4166-GLFJA,Female,0,Yes,No,11,Yes,No,DSL,Yes,Yes,Yes,Yes,No,No,Month-to-month,No,Electronic check,82.2,947.63,No
1647-JEBIB,Female,0,No,No,72,Yes,Yes,DSL,Yes,Yes,No,Yes,Yes,Yes,One year,Yes,Mailed check,110.09,7669.97,No
8685-QVWMC,Male,0,No,No,62,Yes,No,DSL,No,Yes,No,Yes,No,No,Month-to-month,Yes,Electronic check,68.68,4114.86,No
2453-LRHJV,Male,1,Yes,Yes,50,Yes,Yes,No,No internet service,No internet service,No internet service,No internet service,No internet service,No internet service,One year,Yes,Credit card (automatic),38.03,1890.49,No
8207-OXOYQ,Male,0,No,No,6,Yes,Yes,Fiber optic,No,Yes,No,No,No,No,Month-to-month,No,Mailed check,96.62,554.58,Yes
2467-EYUVL,Female,0,Yes,No,12,Yes,No,No,No internet service,No internet service,No internet service,No internet service,No internet service,No internet service,Two year,Yes,Credit card (automatic),22.88,284.78,No
1413-IHRYO,Female,0,Yes,Yes,4,Yes,No,No,No internet service,No internet service,No internet service,No internet service,No internet service,No internet service,Month-to-month,No,Electronic check,24.83,96.27,No
9539-DBDZY,Female,0,No,No,67,Yes,No,Fiber optic,No,Yes,No,No,Yes,Yes,Two year,Yes,Bank transfer (automatic),107.32,7284.71,No
5495-VIKUK,Female,0,No,No,59,Yes,Yes,No,No internet service,No internet service,No internet service,No internet service,No internet service,No internet service,Two year,Yes,Electronic check,42.7,2591.97,No
8192-KBWDO,Male,1,No,No,67,Yes,No,Fiber optic,No,Yes,Yes,No,Yes,No,One year,Yes,Mailed check,99.32,6653.79,No
1474-CBDCK,Female,0,Yes,Yes,2,Yes,No,Fiber optic,No,Yes,Yes,Yes,Yes,No,Month-to-month,Yes,Credit card (automatic),102.2,194.92,No
6424-BXWMU,Female,0,No,No,8,Yes,No,DSL,Yes,Yes,Yes,No,No,Yes,Month-to-month,No,Electronic check,78.49,616.41,Yes
3112-WROGZ,Female,0,No,No,9,Yes,No,Fiber optic,Yes,Yes,No,Yes,No,Yes,Month-to-month,No,Mailed check,103.51,941.72,Yes
4768-HNELD,Female,0,Yes,No,72,Yes,No,DSL,Yes,No,Yes,No,No,No,Two year,Yes,Mailed check,67.99,4831.81,No
4106-SBXQQ,Female,0,Yes,No,20,Yes,No,DSL,No,No,Yes,Yes,Yes,No,One year,Yes,Bank transfer (automatic),82.86,1681.64,Yes
3991-NNOUJ,Male,1,No,No,61,Yes,No,DSL,Yes,No,No,No,Yes,No,Two year,Yes,Credit card (automatic),69.21,4227.05,No
9225-MZYQW,Female,0,Yes,Yes,15,Yes,No,Fiber optic,No,No,No,No,No,No,One year,No,Electronic check,77.85,1165.25,No
4115-FSSXQ,Male,1,Yes,Yes,11,Yes,Yes,Fiber optic,No,Yes,Yes,Yes,No,Yes,One year,No,Mailed check,112.09,1201.42,No
3677-SGXPO,Female,0,No,No,1,No,No phone service,No,No internet service,No internet service,No internet service,No internet service,No internet service,No internet service,Month-to-month,No,Electronic check,24.44,25.54,No
7568-RFPNT,Female,0,No,Yes,59,Yes,Yes,No,No internet service,No internet service,No internet service,No internet service,No internet service,No internet service,Month-to-month,Yes,Electronic check,44.58,2646.78,Yes
5688-NGRGO,Male,0,No,No,45,No,No phone service,Fiber optic,Yes,No,No,No,Yes,Yes,Two year,Yes,Mailed check,92.46,4044.24,No
6228-SKRDG,Female,0,No,No,11,No,No phone service,Fiber optic,Yes,Yes,No,Yes,Yes,Yes,Month-to-month,Yes,Electronic check,102.5,1112.48,Yes
2268-OORKU,Male,0,No,No,44,Yes,No,No,No internet service,No internet service,No internet service,No internet service,No internet service,No internet service,Month-to-month,No,Electronic check,25.34,1072.12,No
3548-MIZFG,Male,0,No,No,1,Yes,No,Fiber optic,No,Yes,No,Yes,Yes,Yes,Month-to-month,No,Electronic check,109.03,112.23,Yes
6107-XYQBC,Male,0,Yes,No,3,No,No phone service,No,No internet service,No internet service,No internet service,No internet service,No internet service,No internet service,Month-to-month,No,Mailed check,18.25,55.27,No
7948-FHBGW,Female,0,Yes,Yes,60,Yes,Yes,DSL,Yes,No,No,Yes,Yes,No,Two year,Yes,Electronic check,94.24,5812.76,No
2505-JRGRI,Female,0,Yes,Yes,17,Yes,No,Fiber optic,No,Yes,Yes,No,No,Yes,One year,No,Mailed check,96.69,1673.97,No
7809-FEWOE,Female,0,Yes,No,47,Yes,Yes,DSL,No,Yes,Yes,Yes,No,No,One year,No,Credit card (automatic),82.39,4051.4,No
4557-FLHGJ,Male,0,Yes,Yes,6,Yes,No,Fiber optic,Yes,No,No,Yes,Yes,No,Month-to-month,No,Credit card (automatic),93.94,577.41,No
2920-TWYFW,Female,0,Yes,No,2,Yes,No,Fiber optic,Yes,Yes,No,No,No,No,Month-to-month,Yes,Mailed check,84.96,172.88,Yes
3413-CCIXG,Female,0,Yes,Yes,59,Yes,Yes,Fiber optic,Yes,No,Yes,No,No,Yes,One year,No,Credit card (automatic),115.31,6875.64,No
6446-MHTCO,Male,0,Yes,Yes,68,Yes,No,Fiber optic,No,No,Yes,No,No,No,Two year,Yes,Bank transfer (automatic),88.46,5758.7,No
5903-EQHGC,Male,0,No,Yes,4,Yes,Yes,Fiber optic,No,Yes,No,No,Yes,No,One year,Yes,Electronic check,110.24,421.73,Yes
7014-BQDXH,Male,0,Yes,No,2,Yes,No,DSL,No,No,No,No,Yes,Yes,Month-to-month,Yes,Bank transfer (automatic),77.32,158.82,No
9046-QEGKE,Female,0,No,No,1,Yes,Yes,No,No internet service,No internet service,No internet service,No internet service,No internet service,No internet service,Month-to-month,No,Bank transfer (automatic),38.39,39.24,Yes
9210-ZELFF,Female,0,Yes,Yes,62,Yes,No,Fiber optic,Yes,No,No,No,No,No,One year,Yes,Credit card (automatic),89.52,5404.26,No
9655-WJQVJ,Female,0,No,No,68,No,No phone service,No,No internet service,No internet service,No internet service,No internet service,No internet service,No internet service,One year,Yes,Mailed check,18.25,1301.42,No
1034-BIDJY,Male,0,No,No,70,Yes,No,Fiber optic,Yes,No,No,Yes,No,Yes,Month-to-month,No,Bank transfer (automatic),98.23,6632.44,No
2233-UFHWE,Female,0,No,No,11,Yes,Yes,Fiber optic,No,No,Yes,No,No,No,Month-to-month,Yes,Mailed check,93.6,1024.39,Yes
4843-BYVOG,Male,1,No,No,6,Yes,No,Fiber optic,Yes,Yes,Yes,No,Yes,No,Month-to-month,Yes,Electronic check,106.09,668.18,Yes
4220-ZANDK,Male,0,No,No,32,No,No phone service,Fiber optic,No,Yes,No,No,Yes,Yes,Two year,No,Bank transfer (automatic),89.53,2982.2,No
5912-XGMQV,Female,0,Yes,No,57,Yes,No,DSL,No,No,Yes,No,No,Yes,Month-to-month,Yes,Credit card (automatic),71.83,3972.1,No
7290-YITZQ,Male,0,No,No,17,Yes,No,DSL,Yes,Yes,Yes,Yes,No,Yes,One year,No,Electronic check,94.47,1542.04,No
5401-QAKTK,Female,0,No,No,36,Yes,No,DSL,No,No,Yes,No,Yes,No,One year,No,Electronic check,69.33,2396.73,No
1433-JWQGL,Male,0,No,No,6,Yes,No,DSL,Yes,Yes,No,No,Yes,No,Month-to-month,No,Mailed check,77.85,456.02,No
6071-PWDWB,Female,0,Yes,No,37,Yes,No,DSL,Yes,Yes,No,No,Yes,Yes,Two year,Yes,Credit card (automatic),84.66,3131.56,No
9045-PSAIL,Male,1,No,No,2,Yes,No,Fiber optic,No,Yes,Yes,Yes,Yes,No,Month-to-month,Yes,Bank transfer (automatic),107.32,222.28,No
5362-LJACE,Female,0,No,No,60,Yes,No,Fiber optic,No,Yes,Yes,Yes,No,Yes,One year,Yes,Mailed check,105.91,6056.55,No
1036-DZCBX,Male,0,No,No,66,Yes,Yes,No,No internet service,No internet service,No internet service,No internet service,No internet service,No internet service,Two year,Yes,Credit card (automatic),41.09,2710.07,No
1863-EZEYQ,Male,0,No,No,67,Yes,Yes,DSL,No,Yes,No,No,No,Yes,Month-to-month,Yes,Electronic check,83.76,5413.56,No
7809-UZNFD,Female,0,Yes,No,18,Yes,Yes,No,No internet service,No internet service,No internet service,No internet service,No internet service,No internet service,Month-to-month,No,Credit card (automatic),50.52,922.53,No
3828-BKCTQ,Male,0,Yes,No,54,Yes,Yes,DSL,No,No,No,Yes,Yes,No,Two year,Yes,Credit card (automatic),79.61,4396.41,No
5839-DAMKJ,Female,0,Yes,No,69,Yes,No,No,No internet service,No internet service,No internet service,No internet service,No internet service,No internet service,Two year,Yes,Credit card (automatic),26.88,1806.84,No
8416-NGABB,Female,0,Yes,Yes,6,Yes,Yes,No,No internet service,No internet service,No internet service,No internet service,No internet service,No internet service,Month-to-month,No,Electronic check,43.0,257.92,No
2388-HHGAM,Male,0,Yes,No,26,Yes,No,Fiber optic,No,No,Yes,No,Yes,Yes,One year,Yes,Mailed check,104.46,2714.33,No
9000-ESNLS,Male,0,Yes,No,15,Yes,Yes,Fiber optic,Yes,No,No,Yes,No,No,One year,Yes,Mailed check,94.8,1366.61,No
6799-PESVT,Female,0,Yes,No,5,Yes,No,No,No internet service,No internet service,No internet service,No internet service,No internet service,No internet service,Month-to-month,Yes,Electronic check,23.69,120.78,Yes
5477-LIMLX,Female,0,No,No,34,Yes,Yes,Fiber optic,No,No,Yes,No,No,Yes,One year,No,Electronic check,91.79,3163.88,No
9024-SPEFI,Female,1,Yes,Yes,1,Yes,Yes,DSL,No,No,No,No,Yes,Yes,Month-to-month,Yes,Electronic check,87.05,85.82,Yes
9174-MMVQW,Male,0,No,No,43,Yes,No,Fiber optic,No,Yes,Yes,No,No,No,Two year,No,Bank transfer (automatic),88.72,3653.91,No
4423-KLMSC,Female,0,No,No,55,Yes,No,DSL,No,No,Yes,No,No,No,Two year,Yes,Credit card (automatic),59.08,3224.75,No
7045-PPSNI,Male,0,No,No,64,Yes,No,Fiber optic,No,No,No,Yes,Yes,No,One year,No,Electronic check,92.74,5885.92,No
5599-VFBGZ,Female,1,Yes,Yes,30,Yes,No,Fiber optic,No,No,Yes,Yes,No,No,Month-to-month,Yes,Bank transfer (automatic),90.65,2709.67,No
8104-TWNTQ,Female,0,No,No,25,No,No phone service,Fiber optic,No,No,No,No,No,Yes,One year,Yes,Electronic check,76.67,1874.17,No
7276-LAQFH,Male,0,No,No,5,Yes,Yes,DSL,Yes,Yes,No,No,Yes,Yes,Month-to-month,Yes,Bank transfer (automatic),92.53,483.65,No
8667-XKXIC,Male,0,No,No,64,Yes,Yes,DSL,Yes,No,No,No,Yes,No,Two year,No,Mailed check,81.72,4973.43,No
3808-CCHKR,Male,0,No,No,10,Yes,No,No,No internet service,No internet service,No internet service,No internet service,No internet service,No internet service,Month-to-month,No,Electronic check,28.93,299.43,No
7220-IRXNW,Male,0,No,Yes,21,Yes,No,Fiber optic,No,No,No,No,No,Yes,One year,No,Mailed check,85.94,1816.73,Yes
3140-WIHNZ,Female,1,No,No,23,Yes,No,DSL,No,No,Yes,No,No,Yes,Month-to-month,Yes,Bank transfer (automatic),69.45,1600.7,No
4836-IJIUQ,Male,1,Yes,Yes,28,Yes,Yes,Fiber optic,No,No,Yes,Yes,Yes,No,Month-to-month,No,Electronic check,116.55,3388.05,No
8710-UTYIV,Male,0,Yes,Yes,12,Yes,Yes,No,No internet service,No internet service,No internet service,No internet service,No internet service,No internet service,Month-to-month,Yes,Mailed check,37.99,443.51,No
7837-XYUIX,Male,0,No,No,64,Yes,Yes,Fiber optic,Yes,No,Yes,No,No,Yes,Month-to-month,No,Electronic check,110.95,6862.1,No
8960-WGVUJ,Female,0,Yes,No,3,Yes,No,DSL,No,Yes,Yes,Yes,No,No,Month-to-month,No,Credit card (automatic),74.86,214.14,Yes
3534-IEYYT,Female,0,Yes,No,64,Yes,No,Fiber optic,No,Yes,Yes,Yes,No,No,Month-to-month,Yes,Credit card (automatic),90.48,6079.41,No
5758-KUVBR,Male,1,No,No,63,No,No phone service,No,No internet service,No internet service,No internet service,No internet service,No internet service,No internet service,Month-to-month,Yes,Bank transfer (automatic),18.25,1120.81,No
6318-UWWPQ,Male,0,Yes,No,17,Yes,No,No,No internet service,No internet service,No internet service,No internet service,No internet service,No internet service,One year,Yes,Bank transfer (automatic),31.63,516.27,No
3869-QOTZI,Female,0,No,No,19,No,No phone service,No,No internet service,No internet service,No internet service,No internet service,No internet service,No internet service,Month-to-month,Yes,Mailed check,18.25,357.73,No
3655-FQMRP,Female,0,No,No,37,Yes,No,DSL,Yes,Yes,No,No,No,Yes,Month-to-month,No,Bank transfer (automatic),81.58,3163.53,No
1864-DVRIA,Male,0,Yes,Yes,32,Yes,No,Fiber optic,Yes,No,No,Yes,No,Yes,Month-to-month,Yes,Credit card (automatic),97.32,3258.19,No
1015-BGCOC,Male,0,Yes,No,71,Yes,Yes,DSL,Yes,Yes,No,No,No,Yes,Two year,Yes,Credit card (automatic),89.49,6443.88,No
3111-HKTMI,Male,0,Yes,Yes,66,Yes,No,Fiber optic,No,Yes,Yes,Yes,No,No,One year,Yes,Credit card (automatic),93.81,5928.08,No
9902-ISFYW,Male,0,Yes,Yes,57,Yes,No,DSL,No,No,No,Yes,No,Yes,Two year,Yes,Electronic check,68.88,3987.18,No
7145-SIPKI,Female,0,Yes,No,61,Yes,No,Fiber optic,No,No,No,Yes,No,Yes,One year,No,Credit card (automatic),96.7,5837.95,No
8116-TABJA,Female,1,Yes,Yes,4,Yes,No,Fiber optic,No,No,No,No,Yes,No,One year,No,Bank transfer (automatic),86.08,349.84,No
5031-FXBNM,Male,0,Yes,Yes,45,Yes,Yes,Fiber optic,No,Yes,Yes,No,No,Yes,One year,Yes,Mailed check,115.93,5469.87,No
9126-EDEJJ,Female,0,Yes,Yes,7,Yes,No,DSL,No,No,Yes,Yes,Yes,Yes,Month-to-month,Yes,Mailed check,87.1,595.67,Yes
4089-RRBCY,Male,0,No,Yes,34,Yes,No,DSL,No,Yes,Yes,Yes,Yes,No,Month-to-month,Yes,Electronic check,81.84,2791.41,No
2080-MUUBG,Female,0,No,No,11,Yes,No,Fiber optic,No,No,No,Yes,Yes,No,Month-to-month,No,Electronic check,90.17,988.33,Yes
4791-BVHCQ,Female,0,No,No,30,Yes,No,Fiber optic,Yes,No,Yes,No,No,No,One year,No,Mailed check,91.13,2748.99,No
5092-KULRR,Male,0,No,No,6,Yes,No,Fiber optic,No,Yes,Yes,No,Yes,No,Month-to-month,No,Bank transfer (automatic),95.55,574.77,Yes
4263-CMOBE,Male,0,Yes,Yes,30,Yes,Yes,No,No internet service,No internet service,No internet service,No internet service,No internet service,No internet service,Two year,No,Bank transfer (automatic),39.91,1205.96,No
2094-AGKSS,Female,0,No,No,29,Yes,No,Fiber optic,Yes,Yes,No,No,No,No,Month-to-month,Yes,Mailed check,84.21,2453.45,No
7769-MLMGK,Male,0,Yes,Yes,9,Yes,No,DSL,Yes,No,No,No,No,Yes,Month-to-month,Yes,Credit card (automatic),73.05,633.73,Yes
8473-JJHQB,Male,1,Yes,No,3,Yes,No,Fiber optic,Yes,No,Yes,No,No,Yes,Month-to-month,Yes,Credit card (automatic),97.66,286.04,Yes
5099-XNPUS,Female,0,No,No,53,Yes,No,No,No internet service,No internet service,No internet service,No internet service,No internet service,No internet service,One year,Yes,Electronic check,29.65,1518.04,No
4310-JTCXD,Female,0,Yes,Yes,23,Yes,Yes,DSL,Yes,No,No,Yes,No,No,Month-to-month,No,Bank transfer (automatic),83.49,1879.03,No
4347-OJGBQ,Male,1,Yes,No,72,Yes,Yes,Fiber optic,No,No,Yes,No,Yes,No,Two year,No,Electronic check,105.3,7748.01,No
3216-EGQWF,Female,0,No,No,24,Yes,No,No,No internet service,No internet service,No internet service,No internet service,No internet service,No internet service,Two year,Yes,Credit card (automatic),31.48,789.98,No
2144-IRITA,Male,0,No,No,65,Yes,Yes,No,No internet service,No internet service,No internet service,No internet service,No internet service,No internet service,Two year,Yes,Mailed check,43.98,2778.67,No
1374-DGLUK,Female,0,Yes,Yes,65,Yes,Yes,Fiber optic,Yes,Yes,No,No,No,No,Two year,Yes,Mailed check,98.41,6294.72,No
7316-LSIZT,Female,0,Yes,Yes,6,Yes,No,DSL,Yes,Yes,No,No,No,Yes,Month-to-month,No,Bank transfer (automatic),77.41,468.2,No
5865-HNLCY,Female,0,No,No,8,Yes,Yes,Fiber optic,No,Yes,No,No,No,No,Month-to-month,Yes,Electronic check,96.93,774.7,Yes
7882-YOGZR,Male,0,No,No,11,No,No phone service,No,No internet service,No internet service,No internet service,No internet service,No internet service,No internet service,Month-to-month,Yes,Mailed check,21.79,242.99,No
8424-SVPGE,Female,0,Yes,No,58,Yes,Yes,No,No internet service,No internet service,No internet service,No internet service,No internet service,No internet service,One year,No,Mailed check,44.17,2523.13,No
5618-BOVXI,Female,0,No,No,30,Yes,Yes,DSL,No,Yes,Yes,No,Yes,No,One year,Yes,Credit card (automatic),91.55,2623.82,No
1550-ETUJQ,Male,0,No,No,4,Yes,Yes,DSL,Yes,Yes,No,No,Yes,No,Month-to-month,No,Electronic check,94.08,372.64,No
8437-MCJEG,Male,0,Yes,No,68,Yes,Yes,Fiber optic,Yes,No,Yes,No,Yes,No,Two year,No,Electronic check,111.34,7433.3,No
2386-PXSYH,Male,0,No,No,54,Yes,No,DSL,No,Yes,Yes,No,No,No,Two year,No,Electronic check,66.89,3599.42,No
6869-YJSQB,Male,0,No,No,4,Yes,Yes,Fiber optic,No,No,Yes,Yes,Yes,Yes,Month-to-month,Yes,Mailed check,118.75,471.58,No
5526-IVRHH,Female,0,Yes,No,24,Yes,No,DSL,No,Yes,Yes,Yes,Yes,Yes,One year,Yes,Electronic check,94.89,2337.6,No
5119-TDVAG,Male,1,No,No,46,No,No phone service,DSL,Yes,Yes,Yes,No,Yes,No,One year,Yes,Credit card (automatic),68.94,3193.22,No
7068-EWZWT,Male,0,Yes,No,23,Yes,Yes,DSL,Yes,Yes,No,Yes,No,Yes,Month-to-month,Yes,Electronic check,97.54,2167.15,No
7155-MJGXU,Female,0,No,No,48,Yes,Yes,DSL,Yes,No,Yes,Yes,No,No,One year,Yes,Mailed check,83.2,3997.88,No
9226-PTPJB,Male,0,No,No,5,Yes,No,DSL,No,Yes,Yes,Yes,No,No,Month-to-month,Yes,Electronic check,74.21,386.71,Yes
5935-JYTQT,Female,0,Yes,Yes,44,Yes,No,Fiber optic,No,No,Yes,No,Yes,Yes,Month-to-month,Yes,Electronic check,99.76,4268.06,No
7938-MTYXT,Male,1,No,No,1,Yes,No,Fiber optic,Yes,Yes,Yes,No,No,Yes,Month-to-month,No,Credit card (automatic),101.68,102.76,No
9249-SBRRL,Female,0,No,Yes,36,Yes,No,DSL,Yes,Yes,No,No,No,Yes,One year,No,Credit card (automatic),79.81,2784.44,No
1531-VMHWB,Female,0,Yes,Yes,1,No,No phone service,DSL,Yes,Yes,No,No,Yes,Yes,Month-to-month,No,Electronic check,78.44,77.94,No
5066-CCRAM,Female,0,Yes,Yes,72,Yes,Yes,DSL,No,Yes,No,No,No,Yes,Two year,Yes,Credit card (automatic),93.02,7029.77,No
3089-UTKGM,Male,1,Yes,No,36,Yes,No,No,No internet service,No internet service,No internet service,No internet service,No internet service,No internet service,Two year,Yes,Electronic check,32.51,1176.13,No
3907-MHENX,Female,1,No,Yes,62,Yes,Yes,DSL,No,Yes,Yes,No,No,No,Month-to-month,Yes,Electronic check,81.84,5174.46,No
4296-WTTMX,Male,0,No,No,57,Yes,Yes,DSL,No,Yes,No,No,Yes,Yes,Month-to-month,Yes,Electronic check,94.16,5332.12,Yes
6545-XYRKW,Male,1,No,No,59,Yes,No,Fiber optic,No,Yes,Yes,Yes,No,No,One year,Yes,Credit card (automatic),94.41,5784.7,No
9537-YBJMS,Male,0,Yes,Yes,19,Yes,Yes,No,No internet service,No internet service,No internet service,No internet service,No internet service,No internet service,One year,Yes,Bank transfer (automatic),45.83,848.66,No
6976-VRCKO,Female,0,No,No,72,Yes,Yes,DSL,Yes,Yes,No,Yes,No,Yes,Two year,Yes,Bank transfer (automatic),96.27,6825.33,No
5940-ZOKTK,Male,1,Yes,No,72,Yes,Yes,DSL,No,Yes,Yes,No,No,No,Two year,Yes,Electronic check,80.14,5899.01,No
7673-QIWIS,Female,1,Yes,No,62,Yes,No,Fiber optic,No,No,No,No,Yes,No,One year,Yes,Mailed check,90.39,5737.66,No
2909-WBFIZ,Male,0,No,Yes,13,Yes,No,Fiber optic,No,Yes,No,Yes,No,No,Month-to-month,No,Credit card (automatic),82.54,1103.76,Yes
4069-DXYNJ,Male,0,Yes,No,18,Yes,Yes,Fiber optic,No,Yes,No,No,Yes,Yes,One year,No,Credit card (automatic),115.92,2168.52,Yes
7620-BDYQL,Female,0,No,No,8,Yes,Yes,Fiber optic,Yes,Yes,Yes,Yes,No,Yes,One year,Yes,Credit card (automatic),118.75,960.74,No
8389-VXOTW,Male,0,No,No,40,No,No phone service,DSL,No,No,Yes,No,No,No,Two year,Yes,Electronic check,60.82,2493.98,No
8964-ONOVQ,Female,1,No,No,28,Yes,No,DSL,No,No,Yes,No,No,Yes,Month-to-month,Yes,Mailed check,68.57,1876.75,Yes
7690-TCLFJ,Male,0,No,No,69,Yes,Yes,No,No internet service,No internet service,No internet service,No internet service,No internet service,No internet service,Two year,Yes,Electronic check,39.08,2584.98,No
9104-QGFOV,Female,1,Yes,No,9,Yes,Yes,DSL,Yes,No,No,Yes,Yes,No,Month-to-month,Yes,Electronic check,92.71,874.91,Yes
4001-EJOCG,Female,1,No,No,37,Yes,No,Fiber optic,No,Yes,No,Yes,Yes,No,Two year,No,Electronic check,94.01,3603.3,No
4851-ADMKX,Male,0,No,Yes,6,Yes,Yes,No,No internet service,No internet service,No internet service,No internet service,No internet service,No internet service,Month-to-month,No,Bank transfer (automatic),46.54,285.34,No
1163-CKZTC,Male,1,No,No,50,Yes,Yes,Fiber optic,Yes,Yes,Yes,No,Yes,No,One year,Yes,Credit card (automatic),115.49,5538.29,No
9231-WGZQV,Female,0,Yes,Yes,63,Yes,No,Fiber optic,No,No,No,Yes,No,Yes,Month-to-month,Yes,Electronic check,88.98,5500.5,No
6944-RFKKD,Female,0,No,No,13,No,No phone service,DSL,Yes,Yes,Yes,No,Yes,No,Month-to-month,Yes,Mailed check,81.68,1055.55,Yes
4156-AEKFT,Male,0,No,No,1,Yes,Yes,No,No internet service,No internet service,No internet service,No internet service,No internet service,No internet service,Month-to-month,Yes,Electronic check,45.54,43.92,Yes
9033-LKTEP,Male,0,Yes,Yes,54,No,No phone service,DSL,No,Yes,Yes,No,No,No,Two year,No,Electronic check,59.67,3178.47,No
6069-UAHAZ,Female,0,No,No,57,No,No phone service,Fiber optic,No,Yes,No,Yes,Yes,No,One year,No,Electronic check,87.14,4722.57,No
1578-FTMAT,Female,1,No,No,70,Yes,No,DSL,No,Yes,No,No,Yes,No,Month-to-month,No,Credit card (automatic),74.53,5028.79,No
6055-TELWZ,Male,0,Yes,No,9,Yes,No,Fiber optic,Yes,No,Yes,No,Yes,No,Month-to-month,Yes,Mailed check,93.04,821.18,No
4391-TIRFI,Male,0,Yes,No,61,Yes,Yes,No,No internet service,No internet service,No internet service,No internet service,No internet service,No internet service,Two year,No,Electronic check,48.06,2970.86,No
7769-CORDZ,Male,1,No,No,72,Yes,No,Fiber optic,No,Yes,No,No,No,No,Month-to-month,No,Electronic check,84.83,6248.79,No
9848-AVWRS,Female,0,Yes,Yes,69,Yes,No,DSL,No,No,Yes,No,No,Yes,One year,Yes,Bank transfer (automatic),69.61,4721.69,No
6398-NZZRO,Male,0,No,No,63,Yes,No,No,No internet service,No internet service,No internet service,No internet service,No internet service,No internet service,Month-to-month,Yes,Electronic check,33.81,2182.96,No
4274-XZWSC,Female,0,No,No,14,Yes,No,No,No internet service,No internet service,No internet service,No internet service,No internet service,No internet service,One year,Yes,Electronic check,29.81,406.76,No
3680-NCMPV,Male,0,Yes,No,9,Yes,No,No,No internet service,No internet service,No internet service,No internet service,No internet service,No internet service,Month-to-month,Yes,Electronic check,32.56,301.73,No
4425-QLKKS,Male,0,No,No,66,Yes,No,Fiber optic,No,Yes,Yes,Yes,No,No,Two year,No,Mailed check,98.68,6795.11,No
5976-MNQEY,Female,0,No,No,9,Yes,Yes,Fiber optic,Yes,Yes,No,Yes,No,Yes,Month-to-month,No,Credit card (automatic),113.55,976.8,No
6347-PHAFR,Female,0,No,No,42,Yes,No,Fiber optic,No,No,No,No,No,Yes,Two year,No,Electronic check,84.66,3629.53,No
1806-SRPZA,Female,0,No,No,2,Yes,No,Fiber optic,Yes,No,No,Yes,No,Yes,Month-to-month,Yes,Mailed check,102.16,196.08,Yes
4685-MFQFT,Male,0,No,No,23,Yes,Yes,DSL,Yes,Yes,Yes,Yes,No,No,One year,Yes,Bank transfer (automatic),96.82,2152.77,No
4291-EGIVL,Female,0,Yes,No,10,Yes,Yes,Fiber optic,No,Yes,No,Yes,Yes,No,Month-to-month,Yes,Electronic check,109.08,1117.2,Yes
6407-KVPIV,Female,0,Yes,Yes,13,Yes,Yes,DSL,Yes,Yes,No,No,No,No,One year,Yes,Electronic check,80.76,1011.37,No
5088-BKLBU,Male,0,Yes,No,6,Yes,No,Fiber optic,No,No,Yes,No,Yes,Yes,Month-to-month,Yes,Mailed check,99.08,591.19,Yes
3061-SUIHW,Male,0,Yes,Yes,68,Yes,Yes,No,No internet service,No internet service,No internet service,No internet service,No internet service,No internet service,One year,Yes,Credit card (automatic),41.55,2752.02,No
5785-UPNES,Male,0,No,No,58,Yes,No,Fiber optic,No,Yes,Yes,No,No,No,Two year,No,Mailed check,87.44,5095.08,No
9279-GNEAS,Male,0,Yes,Yes,72,Yes,No,No,No internet service,No internet service,No internet service,No internet service,No internet service,No internet service,One year,Yes,Mailed check,22.3,1664.59,No
6374-DPLKO,Female,0,No,No,72,Yes,Yes,DSL,No,No,Yes,Yes,No,No,One year,No,Mailed check,80.28,5898.22,No
5031-KCWLV,Male,0,Yes,No,13,Yes,No,No,No internet service,No internet service,No internet service,No internet service,No internet service,No internet service,Two year,Yes,Mailed check,31.64,405.03,No
3255-NZYSU,Female,0,Yes,Yes,69,Yes,No,No,No internet service,No internet service,No internet service,No internet service,No internet service,No internet service,Two year,No,Credit card (automatic),31.06,2058.63,No
7336-COIGY,Female,0,No,No,8,Yes,Yes,No,No internet service,No internet service,No internet service,No internet service,No internet service,No internet service,Month-to-month,No,Bank transfer (automatic),40.62,338.42,Yes
1388-XYOOG,Female,0,Yes,No,43,Yes,Yes,Fiber optic,No,No,No,No,No,Yes,Two year,No,Electronic check,99.07,4182.86,No
5857-EWVTI,Female,0,No,No,31,Yes,Yes,No,No internet service,No internet service,No internet service,No internet service,No internet service,No internet service,Month-to-month,Yes,Electronic check,41.48,1348.12,No
8868-VZWBW,Male,0,Yes,Yes,64,Yes,No,No,No internet service,No internet service,No internet service,No internet service,No internet service,No internet service,Two year,No,Credit card (automatic),31.69,2000.35,No
9885-NLQAT,Male,0,No,No,2,Yes,No,No,No internet service,No internet service,No internet service,No internet service,No internet service,No internet service,Month-to-month,Yes,Bank transfer (automatic),24.77,48.89,No
1556-SPCJJ,Male,0,No,No,66,Yes,Yes,Fiber optic,No,Yes,Yes,No,Yes,Yes,One year,No,Electronic check,118.75,7740.51,No
7558-TNDFS,Female,1,No,Yes,45,Yes,No,No,No internet service,No internet service,No internet service,No internet service,No internet service,No internet service,One year,Yes,Mailed check,29.05,1314.06,No
6973-YTTJA,Male,0,Yes,Yes,66,Yes,Yes,Fiber optic,No,No,Yes,No,No,Yes,Month-to-month,Yes,Mailed check,99.97,6592.62,No
2917-PHELK,Female,0,No,No,21,Yes,No,Fiber optic,No,No,No,No,No,No,One year,No,Credit card (automatic),79.59,1713.95,No
2737-OIFAN,Male,1,No,No,2,Yes,Yes,Fiber optic,No,Yes,Yes,No,No,No,Month-to-month,Yes,Credit card (automatic),100.93,205.88,No
9763-BYDRA,Male,0,No,No,15,Yes,Yes,DSL,No,No,No,No,No,Yes,One year,No,Electronic check,76.97,1159.14,No
4661-YSOOY,Male,0,Yes,No,66,Yes,Yes,Fiber optic,Yes,Yes,Yes,Yes,No,Yes,Two year,Yes,Bank transfer (automatic),118.75,7476.9,No
3587-AXQKM,Female,0,Yes,Yes,2,Yes,No,Fiber optic,No,Yes,Yes,No,No,Yes,One year,No,Credit card (automatic),97.62,196.99,No
4601-LYFLH,Female,0,Yes,Yes,17,No,No phone service,No,No internet service,No internet service,No internet service,No internet service,No internet service,No internet service,Month-to-month,Yes,Electronic check,20.97,356.68,No
5099-NZJKA,Male,1,Yes,No,56,Yes,Yes,Fiber optic,No,Yes,Yes,No,Yes,No,One year,Yes,Mailed check,117.94,6899.22,No
2648-PSJRI,Female,1,No,No,66,Yes,Yes,Fiber optic,No,Yes,Yes,Yes,Yes,Yes,Two year,Yes,Electronic check,118.75,7914.7,No
5702-VWPMA,Male,0,Yes,No,13,Yes,No,Fiber optic,No,No,Yes,Yes,Yes,No,Month-to-month,Yes,Electronic check,92.97,1258.62,Yes
5270-KLPBG,Female,1,Yes,No,72,Yes,No,Fiber optic,No,No,No,Yes,Yes,No,Month-to-month,Yes,Credit card (automatic),92.05,6333.92,No
1092-PTIZX,Female,0,No,Yes,66,Yes,Yes,Fiber optic,No,No,No,No,Yes,Yes,Two year,Yes,Bank transfer (automatic),106.0,6668.21,No
9727-MZSBJ,Male,0,No,No,9,Yes,No,No,No internet service,No internet service,No internet service,No internet service,No internet service,No internet service,One year,Yes,Bank transfer (automatic),28.65,258.87,No
9234-LDWIZ,Female,0,No,No,62,Yes,Yes,Fiber optic,No,No,No,No,No,No,One year,Yes,Electronic check,84.06,5099.75,No
3238-ZUKWD,Male,0,No,No,70,Yes,No,Fiber optic,No,Yes,Yes,Yes,No,No,Two year,No,Mailed check,95.17,6836.27,No
5458-ZUXRO,Female,0,Yes,No,13,Yes,Yes,No,No internet service,No internet service,No internet service,No internet service,No internet service,No internet service,Month-to-month,No,Bank transfer (automatic),44.65,606.44,No
9448-BACHD,Male,0,No,Yes,69,No,No phone service,Fiber optic,No,Yes,No,No,Yes,Yes,Two year,No,Mailed check,88.02,5864.68,No
6168-PMTBB,Female,0,Yes,Yes,2,Yes,No,DSL,Yes,No,Yes,No,Yes,No,Month-to-month,Yes,Bank transfer (automatic),79.41,165.52,No
1910-ZYLNY,Male,0,Yes,Yes,64,Yes,No,DSL,Yes,No,Yes,No,No,Yes,One year,Yes,Credit card (automatic),80.88,5247.94,No
5221-KXSQS,Female,0,Yes,No,15,Yes,Yes,No,No internet service,No internet service,No internet service,No internet service,No internet service,No internet service,Month-to-month,No,Bank transfer (automatic),44.44,679.22,No
5637-GKOVQ,Female,0,Yes,Yes,3,Yes,No,Fiber optic,Yes,No,No,No,Yes,Yes,Month-to-month,Yes,Credit card (automatic),101.91,299.5,Yes
1531-OHFOI,Female,0,Yes,Yes,67,Yes,No,DSL,Yes,Yes,No,No,No,No,Two year,No,Mailed check,69.53,4655.64,No
7192-MNDFA,Female,1,Yes,Yes,69,Yes,No,DSL,Yes,No,No,Yes,No,Yes,Month-to-month,Yes,Credit card (automatic),78.84,5599.6,No
5813-DRQRS,Female,0,No,No,65,Yes,Yes,Fiber optic,Yes,No,Yes,No,No,No,One year,No,Credit card (automatic),101.23,6773.8,No
6873-QCZPB,Male,0,No,No,33,Yes,No,No,No internet service,No internet service,No internet service,No internet service,No internet service,No internet service,Month-to-month,No,Mailed check,25.97,879.89,No
6789-PWAHR,Male,1,No,No,59,Yes,No,DSL,No,No,Yes,No,Yes,No,Two year,Yes,Electronic check,70.15,4209.25,No
5631-BEOQT,Male,0,No,No,7,No,No phone service,Fiber optic,Yes,No,No,No,Yes,No,Month-to-month,No,Electronic check,75.51,524.03,No
1595-SFUGO,Female,0,Yes,Yes,27,Yes,No,No,No internet service,No internet service,No internet service,No internet service,No internet service,No internet service,Month-to-month,No,Mailed check,31.96,850.83,No
8334-RZKLZ,Male,0,Yes,No,58,Yes,Yes,Fiber optic,No,Yes,No,Yes,Yes,Yes,One year,No,Bank transfer (automatic),118.75,6567.71,No
7344-VVNYX,Female,0,Yes,Yes,5,Yes,Yes,Fiber optic,No,No,Yes,No,Yes,No,One year,Yes,Bank transfer (automatic),106.31,552.64,No
2163-XUVAF,Female,0,Yes,Yes,41,Yes,No,No,No internet service,No internet service,No internet service,No internet service,No internet service,No internet service,One year,No,Bank transfer (automatic),24.53,1029.15,No
8706-ONHRQ,Male,0,No,No,48,Yes,Yes,Fiber optic,No,No,No,No,Yes,Yes,One year,Yes,Bank transfer (automatic),96.83,4597.61,No
1349-NNKET,Male,0,No,No,72,Yes,Yes,No,No internet service,No internet service,No internet service,No internet service,No internet service,No internet service,Two year,Yes,Mailed check,41.5,2854.23,No
4350-QWVSE,Male,0,Yes,No,29,Yes,Yes,No,No internet service,No internet service,No internet service,No internet service,No internet service,No internet service,Month-to-month,Yes,Credit card (automatic),43.89,1240.35,No
7256-GEADY,Male,1,Yes,No,61,Yes,Yes,DSL,No,No,Yes,Yes,No,Yes,Two year,Yes,Bank transfer (automatic),85.04,5278.5,No
2308-ODFWC,Male,0,Yes,No,2,Yes,No,Fiber optic,No,Yes,No,No,Yes,No,Month-to-month,No,Bank transfer (automatic),86.42,177.37,Yes
8698-NBLLV,Male,1,Yes,Yes,51,Yes,No,No,No internet service,No internet service,No internet service,No internet service,No internet service,No internet service,Two year,Yes,Bank transfer (automatic),30.55,1625.03,No
9082-BDSWR,Female,1,Yes,Yes,20,Yes,Yes,Fiber optic,No,Yes,Yes,Yes,Yes,No,One year,Yes,Electronic check,118.51,2426.43,No
3208-TWBEZ,Female,0,No,No,5,Yes,No,Fiber optic,No,No,No,No,No,Yes,One year,Yes,Electronic check,85.36,433.38,No
8273-ILANT,Male,0,Yes,Yes,5,Yes,No,No,No internet service,No internet service,No internet service,No internet service,No internet service,No internet service,Month-to-month,Yes,Electronic check,34.58,180.2,No
4042-GVFAL,Male,0,No,No,70,Yes,No,Fiber optic,No,Yes,Yes,Yes,Yes,Yes,Two year,Yes,Electronic check,110.76,7637.59,No
9681-MPQGP,Male,1,Yes,No,9,Yes,No,Fiber optic,Yes,Yes,No,No,No,No,Month-to-month,Yes,Electronic check,91.56,852.74,Yes
3866-JIWBY,Female,0,Yes,Yes,62,Yes,Yes,DSL,No,No,Yes,No,Yes,No,Two year,Yes,Mailed check,84.88,5387.38,No
5617-OKYSC,Female,0,No,No,4,Yes,No,Fiber optic,No,Yes,Yes,No,No,Yes,Month-to-month,Yes,Electronic check,97.81,388.31,No
6065-ILTJS,Male,0,No,No,5,Yes,No,Fiber optic,Yes,Yes,Yes,No,No,Yes,Month-to-month,Yes,Electronic check,108.15,544.98,Yes
5868-RYNDW,Male,0,Yes,No,13,Yes,Yes,No,No internet service,No internet service,No internet service,No internet service,No internet service,No internet service,One year,No,Bank transfer (automatic),40.98,516.48,No
3285-SRYOB,Female,1,No,No,64,Yes,No,Fiber optic,No,Yes,No,No,Yes,Yes,One year,No,Electronic check,101.63,6239.79,No
2843-VJCYV,Female,0,Yes,Yes,4,Yes,No,DSL,No,No,No,No,No,No,Month-to-month,Yes,Electronic check,50.63,198.2,Yes
6155-TMGGW,Male,1,Yes,Yes,22,Yes,No,Fiber optic,No,Yes,No,Yes,Yes,Yes,One year,No,Credit card (automatic),112.94,2438.56,No
2221-ILTMA,Female,0,No,Yes,18,Yes,Yes,Fiber optic,Yes,No,Yes,No,No,No,Month-to-month,No,Mailed check,97.57,1764.09,No
7033-BKWZA,Male,0,No,No,65,Yes,No,Fiber optic,No,Yes,Yes,Yes,No,Yes,Two year,Yes,Electronic check,107.65,6744.83,No
9922-FTZWF,Male,1,Yes,No,11,Yes,Yes,DSL,Yes,Yes,No,No,Yes,Yes,Month-to-month,No,Mailed check,97.62,1036.01,Yes
8109-IBTIY,Female,0,Yes,Yes,13,Yes,Yes,Fiber optic,Yes,Yes,Yes,Yes,No,Yes,Month-to-month,Yes,Mailed check,118.75,1475.98,Yes
1845-GQTXJ,Female,1,No,No,25,Yes,Yes,Fiber optic,No,Yes,Yes,No,No,Yes,One year,Yes,Credit card (automatic),109.54,2871.26,No
4949-WUPGQ,Male,0,Yes,No,3,Yes,Yes,Fiber optic,Yes,Yes,No,No,Yes,Yes,Month-to-month,No,Electronic check,118.75,352.39,Yes
6891-DULII,Female,0,Yes,No,6,Yes,Yes,No,No internet service,No internet service,No internet service,No internet service,No internet service,No internet service,Month-to-month,No,Bank transfer (automatic),43.75,253.84,No
6525-SWYQK,Male,0,No,No,2,Yes,Yes,Fiber optic,No,No,Yes,No,Yes,Yes,Month-to-month,No,Credit card (automatic),115.98,242.35,Yes
9772-OVFEH,Female,1,No,No,27,Yes,No,DSL,Yes,No,No,No,No,Yes,Month-to-month,Yes,Bank transfer (automatic),71.05,1837.37,No
3381-MJRTK,Male,1,Yes,No,35,Yes,Yes,Fiber optic,No,No,No,No,Yes,No,One year,Yes,Mailed check,104.02,3483.8,No
3632-SRXJY,Female,0,No,No,55,Yes,Yes,Fiber optic,No,No,Yes,Yes,Yes,Yes,One year,No,Bank transfer (automatic),118.75,6857.44,No
5111-MSEXF,Female,0,No,No,3,Yes,Yes,No,No internet service,No internet service,No internet service,No internet service,No internet service,No internet service,Month-to-month,No,Electronic check,45.9,137.14,No
8690-ARIZM,Male,0,Yes,Yes,67,Yes,Yes,DSL,No,Yes,No,No,No,No,Two year,Yes,Bank transfer (automatic),73.56,4901.62,No
8272-TSKCZ,Female,0,No,No,68,No,No phone service,DSL,No,No,No,Yes,Yes,Yes,Two year,Yes,Bank transfer (automatic),69.42,4628.3,No
4100-XUESY,Female,0,No,No,65,Yes,No,DSL,No,Yes,Yes,No,No,Yes,One year,Yes,Mailed check,76.48,4974.65,No
2479-USEZF,Female,0,Yes,Yes,38,No,No phone service,Fiber optic,Yes,Yes,No,No,No,Yes,Two year,No,Mailed check,90.21,3527.96,No
9362-TAYZK,Male,1,Yes,Yes,8,Yes,Yes,DSL,Yes,Yes,No,Yes,Yes,No,Month-to-month,Yes,Mailed check,100.72,837.34,No
6710-GPWCN,Female,0,No,No,37,Yes,Yes,DSL,No,Yes,No,Yes,Yes,Yes,Two year,No,Mailed check,105.48,3983.66,No
5498-IHVPI,Female,1,No,No,1,Yes,Yes,DSL,No,No,No,No,Yes,No,Month-to-month,Yes,Electronic check,81.05,77.81,Yes
9680-XXCTB,Male,0,Yes,No,15,Yes,No,No,No internet service,No internet service,No internet service,No internet service,No internet service,No internet service,One year,Yes,Bank transfer (automatic),28.06,413.5,No
4805-JFFXN,Female,0,No,No,43,Yes,Yes,DSL,No,No,No,No,Yes,Yes,Month-to-month,No,Mailed check,81.96,3683.94,No
8063-MIHPI,Male,1,No,No,44,Yes,Yes,Fiber optic,No,No,Yes,No,No,Yes,Two year,Yes,Electronic check,105.62,4618.06,No
8319-PTYJC,Male,0,No,No,1,Yes,No,Fiber optic,No,Yes,No,No,No,Yes,Month-to-month,No,Electronic check,89.68,93.26,Yes
9253-PLDFU,Female,1,No,No,5,Yes,No,No,No internet service,No internet service,No internet service,No internet service,No internet service,No internet service,Month-to-month,No,Credit card (automatic),31.25,159.29,No
7007-BKWKN,Female,1,Yes,No,72,No,No phone service,Fiber optic,No,Yes,No,Yes,No,Yes,Two year,Yes,Bank transfer (automatic),94.79,6617.22,No
7323-HQHKR,Female,0,Yes,No,29,Yes,No,Fiber optic,Yes,Yes,Yes,Yes,No,Yes,Month-to-month,Yes,Credit card (automatic),107.11,3235.32,Yes
9582-VYEAE,Male,0,No,No,8,Yes,No,DSL,No,No,Yes,No,Yes,No,Month-to-month,Yes,Mailed check,72.52,589.75,Yes
6922-OEPQH,Female,0,Yes,No,12,Yes,No,Fiber optic,No,Yes,Yes,Yes,No,No,Month-to-month,No,Bank transfer (automatic),90.47,1042.54,No
8648-YRKCF,Male,0,No,No,59,Yes,Yes,DSL,Yes,Yes,No,No,No,No,One year,Yes,Electronic check,85.74,4998.87,No
1269-WHBMT,Male,0,Yes,No,60,Yes,Yes,No,No internet service,No internet service,No internet service,No internet service,No internet service,No internet service,Two year,Yes,Electronic check,40.36,2526.69,No
3494-NAYSK,Male,0,Yes,No,4,Yes,No,Fiber optic,Yes,No,No,No,No,Yes,Two year,No,Bank transfer (automatic),90.88,372.76,No
1804-NVURH,Female,0,Yes,Yes,35,Yes,Yes,DSL,Yes,No,Yes,Yes,Yes,No,One year,No,Electronic check,100.09,3437.05,No
2322-QLZGQ,Female,0,No,No,17,Yes,No,Fiber optic,Yes,No,Yes,No,Yes,No,One year,Yes,Electronic check,104.7,1817.33,No
4646-WRFCS,Female,0,No,No,2,Yes,No,Fiber optic,No,No,Yes,No,No,Yes,One year,No,Electronic check,91.29,180.01,Yes
2604-KGJET,Female,0,No,No,31,No,No phone service,DSL,Yes,Yes,Yes,Yes,No,Yes,Month-to-month,No,Mailed check,86.11,2561.08,No
3354-NJIBT,Male,0,Yes,No,12,Yes,No,DSL,No,Yes,No,Yes,Yes,Yes,One year,No,Credit card (automatic),89.18,1068.68,No
9739-QLXWJ,Female,0,Yes,Yes,8,No,No phone service,DSL,No,Yes,Yes,No,Yes,Yes,Month-to-month,No,Mailed check,78.45,605.94,No
3667-XJTCA,Male,0,No,No,1,Yes,Yes,DSL,No,Yes,No,Yes,Yes,No,Month-to-month,No,Bank transfer (automatic),87.4,86.35,Yes
6115-NCJZK,Male,0,Yes,Yes,47,Yes,No,Fiber optic,No,Yes,No,No,Yes,Yes,Month-to-month,Yes,Mailed check,92.77,4333.68,No
1716-TUEKA,Male,0,No,No,64,Yes,No,No,No internet service,No internet service,No internet service,No internet service,No internet service,No internet service,Two year,Yes,Bank transfer (automatic),41.13,2610.73,No
7862-PQLPI,Female,0,No,No,60,Yes,Yes,No,No internet service,No internet service,No internet service,No internet service,No internet service,No internet service,Month-to-month,No,Credit card (automatic),43.35,2621.29,No
9374-VQXSX,Male,0,Yes,Yes,60,No,No phone service,No,No internet service,No internet service,No internet service,No internet service,No internet service,No internet service,Two year,Yes,Credit card (automatic),18.25,1091.22,No
3197-XHZKQ,Female,0,No,No,53,No,No phone service,Fiber optic,No,No,No,No,No,Yes,Month-to-month,Yes,Electronic check,72.36,3686.1,Yes
9940-OIMYW,Male,0,Yes,No,17,Yes,Yes,Fiber optic,No,Yes,No,Yes,No,Yes,One year,No,Mailed check,113.51,1966.79,No
3416-XLBER,Male,1,No,No,62,Yes,No,DSL,No,No,No,No,Yes,Yes,Month-to-month,Yes,Bank transfer (automatic),73.91,4542.25,No
3504-XUOJT,Female,0,Yes,No,65,Yes,Yes,No,No internet service,No internet service,No internet service,No internet service,No internet service,No internet service,Two year,No,Mailed check,39.86,2625.38,No
1229-LUQAM,Male,0,Yes,No,7,Yes,No,Fiber optic,No,No,Yes,No,No,No,Month-to-month,Yes,Electronic check,84.7,566.77,Yes
3810-QJERA,Female,0,No,No,49,Yes,No,DSL,No,No,No,No,Yes,No,Two year,Yes,Bank transfer (automatic),64.56,3070.95,No
6669-QTVLC,Female,0,No,No,69,Yes,No,No,No internet service,No internet service,No internet service,No internet service,No internet service,No internet service,Two year,No,Electronic check,28.11,1894.71,No
9861-IYRUM,Male,0,No,No,70,Yes,Yes,Fiber optic,No,Yes,Yes,No,No,No,Two year,No,Credit card (automatic),99.22,7217.42,No
2320-GOIGV,Female,1,No,No,32,Yes,No,Fiber optic,No,Yes,Yes,No,No,Yes,Month-to-month,No,Electronic check,96.79,2964.54,No
3796-OUOET,Female,0,No,No,3,Yes,Yes,DSL,No,No,Yes,No,No,No,Month-to-month,Yes,Bank transfer (automatic),68.67,211.08,No
3912-EVEYX,Male,1,Yes,No,6,Yes,Yes,DSL,No,No,Yes,No,Yes,No,Month-to-month,Yes,Electronic check,82.58,478.34,Yes
2183-JQBPZ,Female,0,No,No,21,Yes,Yes,DSL,No,Yes,No,No,No,Yes,One year,Yes,Bank transfer (automatic),87.02,1816.82,No
6803-DVWOD,Male,1,No,No,5,No,No phone service,No,No internet service,No internet service,No internet service,No internet service,No internet service,No internet service,Month-to-month,Yes,Electronic check,19.34,94.54,Yes
3587-KLIBI,Female,0,Yes,Yes,10,Yes,Yes,No,No internet service,No internet service,No internet service,No internet service,No internet service,No internet service,Month-to-month,Yes,Electronic check,40.73,416.84,No
1934-MFSHX,Female,0,No,No,4,Yes,Yes,DSL,Yes,Yes,Yes,Yes,No,No,Month-to-month,Yes,Electronic check,97.44,372.06,Yes
2038-GPGGZ,Female,0,No,No,4,Yes,Yes,Fiber optic,No,No,Yes,No,Yes,No,Month-to-month,Yes,Electronic check,99.37,391.17,Yes
3765-JTEGK,Male,0,Yes,Yes,45,Yes,No,No,No internet service,No internet service,No internet service,No internet service,No internet service,No internet service,Two year,Yes,Electronic check,29.87,1406.27,No
3489-UGFYH,Male,0,No,No,20,Yes,Yes,Fiber optic,No,Yes,No,Yes,No,Yes,One year,Yes,Electronic check,112.4,2201.98,No
4800-MKGPP,Female,0,Yes,No,58,Yes,Yes,Fiber optic,No,Yes,Yes,Yes,Yes,No,One year,Yes,Electronic check,114.65,6805.78,No
3529-VOJNE,Male,0,Yes,No,65,Yes,No,No,No internet service,No internet service,No internet service,No internet service,No internet service,No internet service,Two year,No,Mailed check,29.53,2007.73,No
1430-NQVHK,Female,0,Yes,No,65,Yes,No,DSL,No,Yes,No,Yes,No,Yes,Two year,No,Electronic check,77.67,4899.63,No
5027-VPBIA,Female,0,No,No,3,Yes,No,No,No internet service,No internet service,No internet service,No internet service,No internet service,No internet service,Month-to-month,No,Electronic check,33.77,101.98,No
1937-THRWR,Male,0,Yes,No,2,Yes,No,Fiber optic,No,Yes,No,No,No,No,Month-to-month,Yes,Electronic check,78.5,151.21,Yes
6481-PVDDF,Male,1,No,No,8,No,No phone service,DSL,Yes,No,No,No,No,Yes,Month-to-month,No,Credit card (automatic),57.21,463.69,No
8999-EBBGG,Female,0,No,No,7,No,No phone service,No,No internet service,No internet service,No internet service,No internet service,No internet service,No internet service,Month-to-month,No,Electronic check,18.53,127.88,No
4792-ORMMG,Female,0,No,Yes,68,Yes,No,DSL,No,Yes,Yes,No,Yes,No,Month-to-month,Yes,Mailed check,78.22,5271.9,No
1161-ASJNX,Male,0,Yes,Yes,65,Yes,Yes,Fiber optic,No,No,No,No,No,No,Two year,Yes,Electronic check,90.3,5857.36,No
5539-XNIYT,Male,0,No,No,12,Yes,Yes,DSL,No,Yes,No,No,Yes,Yes,One year,Yes,Mailed check,90.21,1119.55,No
8845-HHJJA,Male,1,No,No,26,Yes,Yes,No,No internet service,No internet service,No internet service,No internet service,No internet service,No internet service,Month-to-month,Yes,Credit card (automatic),49.74,1301.96,No
3213-FJBHW,Female,0,No,No,5,Yes,Yes,Fiber optic,Yes,No,No,Yes,Yes,No,Month-to-month,No,Mailed check,104.57,541.52,Yes
8699-GDOOF,Male,0,No,No,2,Yes,Yes,Fiber optic,Yes,No,No,No,Yes,No,Month-to-month,Yes,Electronic check,96.81,202.92,No
9466-PNEVD,Female,1,No,No,5,Yes,No,Fiber optic,No,No,Yes,No,No,No,Month-to-month,Yes,Mailed check,77.63,392.88,Yes
9740-RPHHP,Male,0,No,No,61,Yes,No,DSL,No,No,No,No,No,Yes,Two year,No,Mailed check,60.67,3776.94,No
6980-DAKUI,Female,0,Yes,Yes,3,Yes,No,Fiber optic,Yes,Yes,No,No,Yes,Yes,Month-to-month,Yes,Credit card (automatic),107.21,319.74,Yes
8227-JRLOY,Male,1,Yes,Yes,71,Yes,Yes,No,No internet service,No internet service,No internet service,No internet service,No internet service,No internet service,Month-to-month,No,Credit card (automatic),40.92,2908.84,No
1840-FTLKN,Female,0,Yes,No,68,No,No phone service,No,No internet service,No internet service,No internet service,No internet service,No internet service,No internet service,Month-to-month,Yes,Credit card (automatic),22.96,1629.05,No
8535-IGQBI,Male,0,Yes,Yes,60,Yes,Yes,Fiber optic,Yes,No,No,No,Yes,No,One year,Yes,Electronic check,108.27,6703.68,No
8986-KGPWN,Female,0,No,No,12,Yes,No,No,No internet service,No internet service,No internet service,No internet service,No internet service,No internet service,One year,Yes,Electronic check,30.67,367.66,No
4607-AYTJP,Male,0,No,No,57,Yes,No,Fiber optic,Yes,Yes,Yes,Yes,Yes,No,Month-to-month,No,Electronic check,106.23,5832.1,No
3222-TWKNN,Female,1,No,No,20,No,No phone service,DSL,Yes,No,No,No,Yes,Yes,Month-to-month,Yes,Mailed check,73.45,1407.17,No
6664-EPOMG,Female,0,No,No,66,Yes,Yes,Fiber optic,No,Yes,No,Yes,No,No,One year,Yes,Electronic check,100.43,6685.9,No
1494-CGVMS,Male,0,No,No,24,Yes,Yes,Fiber optic,No,Yes,No,Yes,Yes,Yes,Two year,No,Bank transfer (automatic),118.75,2838.77,No
8459-ZHMRR,Female,0,Yes,Yes,72,Yes,Yes,Fiber optic,No,Yes,Yes,Yes,No,No,Two year,Yes,Credit card (automatic),107.87,7896.04,No
8589-ATYBZ,Female,0,No,No,67,Yes,Yes,DSL,No,No,No,No,No,No,Month-to-month,Yes,Mailed check,68.72,4610.27,No
8517-NPJUZ,Male,0,Yes,Yes,16,Yes,No,Fiber optic,No,Yes,No,Yes,Yes,Yes,One year,Yes,Bank transfer (automatic),110.29,1765.43,No
6511-OYGKU,Male,0,Yes,Yes,2,Yes,Yes,Fiber optic,No,Yes,No,No,Yes,Yes,Month-to-month,Yes,Electronic check,116.61,236.8,No
1513-RUGIF,Male,0,No,No,15,Yes,Yes,Fiber optic,No,Yes,No,No,Yes,No,Month-to-month,Yes,Credit card (automatic),102.41,1516.44,No
7577-OWPXN,Female,1,Yes,No,60,Yes,No,DSL,No,Yes,Yes,Yes,Yes,No,Two year,Yes,Credit card (automatic),87.33,5016.78,No
1330-HCRZI,Female,0,Yes,No,12,Yes,No,DSL,Yes,Yes,Yes,Yes,No,No,One year,Yes,Credit card (automatic),84.2,1009.45,No
5553-XAWXU,Male,0,No,No,12,Yes,No,Fiber optic,Yes,Yes,No,No,No,Yes,Month-to-month,No,Credit card (automatic),94.93,1107.75,No
9238-RNRUR,Female,0,Yes,No,7,Yes,Yes,No,No internet service,No internet service,No internet service,No internet service,No internet service,No internet service,One year,Yes,Electronic check,43.55,316.12,No
7952-YOCIM,Female,0,Yes,Yes,1,Yes,Yes,DSL,No,Yes,Yes,No,No,No,One year,Yes,Mailed check,78.17,80.02,No
4794-KIBAN,Female,0,Yes,Yes,62,Yes,No,Fiber optic,No,No,No,No,Yes,Yes,One year,Yes,Electronic check,96.4,6135.62,No
6436-LOSLX,Female,0,Yes,No,4,Yes,No,DSL,No,Yes,No,No,No,No,Month-to-month,Yes,Credit card (automatic),62.31,249.58,No
3382-KVSOB,Female,1,Yes,No,4,Yes,No,No,No internet service,No internet service,No internet service,No internet service,No internet service,No internet service,Month-to-month,No,Credit card (automatic),24.86,99.85,No
3352-VPDWT,Female,1,No,No,1,No,No phone service,DSL,No,Yes,Yes,No,No,No,Month-to-month,Yes,Bank transfer (automatic),57.26,55.64,Yes
9749-NXEPR,Male,0,Yes,Yes,5,Yes,No,DSL,Yes,No,No,No,No,No,Month-to-month,Yes,Electronic check,59.28,301.47,No
2048-QKQHS,Female,0,No,No,69,Yes,Yes,Fiber optic,No,Yes,Yes,No,Yes,Yes,Two year,Yes,Electronic check,118.75,8329.22,No
6696-ROIJM,Male,0,Yes,Yes,57,Yes,No,DSL,No,Yes,No,No,Yes,No,Month-to-month,No,Credit card (automatic),70.86,4057.07,No
4717-BUFXF,Male,0,No,No,2,Yes,No,Fiber optic,No,Yes,No,No,Yes,Yes,One year,No,Mailed check,104.44,212.31,Yes
9677-IOZAV,Male,0,No,No,1,No,No phone service,Fiber optic,Yes,Yes,Yes,No,Yes,No,Month-to-month,No,Bank transfer (automatic),90.01,94.28,No
8130-TVGSW,Female,0,No,No,46,Yes,No,No,No internet service,No internet service,No internet service,No internet service,No internet service,No internet service,Month-to-month,Yes,Credit card (automatic),27.74,1334.68,No
5439-TABTA,Female,0,No,No,65,Yes,No,Fiber optic,Yes,No,No,No,No,Yes,One year,Yes,Bank transfer (automatic),92.96,6319.41,No
8283-JBGWD,Male,0,No,No,1,Yes,No,Fiber optic,No,Yes,No,No,No,Yes,Month-to-month,Yes,Credit card (automatic),92.13,88.41,Yes
7927-IULZM,Male,0,Yes,Yes,63,Yes,No,Fiber optic,Yes,No,No,Yes,Yes,Yes,One year,No,Bank transfer (automatic),103.79,6736.1,No
7735-NETNX,Male,0,No,No,18,Yes,Yes,DSL,No,Yes,No,Yes,Yes,Yes,One year,No,Mailed check,94.32,1767.22,No
6005-EYTGP,Female,0,No,No,59,Yes,No,DSL,No,No,Yes,No,No,Yes,Two year,Yes,Bank transfer (automatic),74.77,4569.07,No
8953-OTDWC,Male,1,Yes,Yes,4,Yes,No,DSL,Yes,No,Yes,Yes,Yes,No,Month-to-month,Yes,Mailed check,77.78,305.13,Yes
8871-RVKVI,Female,1,Yes,No,17,Yes,Yes,No,No internet service,No internet service,No internet service,No internet service,No internet service,No internet service,One year,No,Bank transfer (automatic),41.38,698.13,No
5519-LYNVV,Male,0,Yes,Yes,10,Yes,No,Fiber optic,Yes,No,No,No,Yes,No,Month-to-month,Yes,Credit card (automatic),90.39,872.27,Yes
4987-YMBBS,Male,0,No,No,1,Yes,No,Fiber optic,No,Yes,No,No,No,No,Two year,No,Credit card (automatic),82.54,83.32,No
4072-ZTDQP,Male,0,Yes,Yes,67,Yes,Yes,DSL,Yes,Yes,No,No,No,Yes,Two year,Yes,Mailed check,90.23,5753.55,No
8047-SMDIS,Male,0,Yes,Yes,26,Yes,No,Fiber optic,Yes,Yes,Yes,Yes,Yes,No,Month-to-month,No,Credit card (automatic),104.25,2771.88,No
1033-TCHFA,Female,0,Yes,No,57,Yes,Yes,No,No internet service,No internet service,No internet service,No internet service,No internet service,No internet service,One year,No,Electronic check,44.67,2462.89,No
2003-ZEJUB,Male,0,No,No,8,Yes,Yes,No,No internet service,No internet service,No internet service,No internet service,No internet service,No internet service,One year,Yes,Mailed check,40.53,332.81,No
2981-FCRWM,Male,0,Yes,Yes,53,No,No phone service,Fiber optic,Yes,Yes,Yes,Yes,No,No,Two year,No,Mailed check,91.14,4751.25,No
3419-MZLZW,Male,0,Yes,No,66,Yes,No,Fiber optic,Yes,No,Yes,No,Yes,Yes,Two year,No,Electronic check,108.18,7492.43,No
8679-CLTIK,Male,0,No,No,65,No,No phone service,DSL,No,Yes,No,Yes,Yes,Yes,One year,Yes,Credit card (automatic),77.38,4983.42,No
5843-ESESX,Male,1,No,Yes,68,Yes,Yes,Fiber optic,Yes,No,No,Yes,No,No,One year,Yes,Credit card (automatic),103.4,7255.61,No
5818-FOCXK,Male,0,No,No,70,Yes,Yes,No,No internet service,No internet service,No internet service,No internet service,No internet service,No internet service,One year,Yes,Electronic check,49.58,3369.93,No
7514-DWWLD,Female,0,No,No,48,Yes,No,DSL,No,Yes,No,No,Yes,No,One year,Yes,Mailed check,73.72,3544.07,No
6697-IYKZG,Female,0,Yes,Yes,11,Yes,No,Fiber optic,No,Yes,No,No,No,No,Month-to-month,Yes,Electronic check,79.29,889.74,Yes
2093-IIKXD,Male,0,Yes,No,63,Yes,No,DSL,No,No,Yes,No,Yes,Yes,Two year,No,Electronic check,85.63,5407.21,No
7857-BHUZN,Male,0,Yes,No,11,Yes,Yes,No,No internet service,No internet service,No internet service,No internet service,No internet service,No internet service,Month-to-month,Yes,Electronic check,41.94,472.76,No
1734-RLASC,Female,0,No,Yes,31,Yes,No,DSL,Yes,Yes,No,No,No,Yes,Two year,No,Mailed check,83.46,2622.68,No
6749-AVKBG,Male,0,Yes,Yes,68,Yes,Yes,Fiber optic,Yes,Yes,No,No,Yes,Yes,Two year,Yes,Bank transfer (automatic),118.75,8200.93,No
8721-FWEUB,Male,0,No,No,10,Yes,No,DSL,No,Yes,Yes,No,No,Yes,Month-to-month,No,Mailed check,75.15,724.63,No
8077-JLZHA,Male,0,No,No,7,Yes,No,Fiber optic,Yes,No,No,Yes,No,No,Month-to-month,Yes,Mailed check,88.21,638.25,No
4838-TEEZC,Male,0,Yes,Yes,31,Yes,No,Fiber optic,No,Yes,No,Yes,Yes,Yes,Month-to-month,No,Mailed check,105.71,3135.48,No
7748-ZHISY,Female,0,Yes,No,3,Yes,No,Fiber optic,No,No,Yes,No,Yes,No,Month-to-month,Yes,Bank transfer (automatic),92.01,269.55,Yes
9201-TXMRJ,Male,0,Yes,No,1,Yes,No,Fiber optic,Yes,Yes,No,No,Yes,Yes,One year,No,Electronic check,107.11,112.07,No
2110-GZAIF,Female,0,Yes,Yes,3,Yes,Yes,Fiber optic,No,No,Yes,Yes,Yes,Yes,Month-to-month,Yes,Credit card (automatic),118.75,364.03,No
2896-FULOY,Male,0,Yes,No,8,Yes,Yes,Fiber optic,Yes,No,Yes,No,Yes,Yes,Month-to-month,No,Mailed check,116.93,974.14,Yes
7305-HIJKI,Male,0,No,No,57,Yes,No,DSL,Yes,Yes,Yes,No,Yes,No,Two year,No,Electronic check,81.04,4397.38,No
1494-LZJJM,Female,0,Yes,Yes,1,Yes,Yes,DSL,No,Yes,No,No,Yes,No,Month-to-month,Yes,Electronic check,81.14,78.42,No
6966-ZEYAK,Male,1,Yes,Yes,64,Yes,Yes,DSL,No,No,Yes,No,Yes,No,One year,No,Bank transfer (automatic),81.34,5454.71,No
9072-XGCUI,Female,1,Yes,No,16,Yes,Yes,Fiber optic,No,No,Yes,No,Yes,Yes,Month-to-month,Yes,Mailed check,118.5,1925.74,Yes
9948-PRYIK,Male,0,No,No,28,Yes,No,No,No internet service,No internet service,No internet service,No internet service,No internet service,No internet service,Month-to-month,Yes,Electronic check,29.75,803.13,No
3465-WGLAQ,Female,1,No,Yes,66,Yes,No,Fiber optic,Yes,Yes,No,No,No,No,One year,Yes,Credit card (automatic),94.17,6289.82,No
6484-RBCUY,Male,0,No,Yes,66,Yes,No,DSL,Yes,No,Yes,No,No,Yes,Two year,No,Bank transfer (automatic),82.66,5373.68,No
8319-SJWFW,Female,1,No,No,2,Yes,Yes,No,No internet service,No internet service,No internet service,No internet service,No internet service,No internet service,Month-to-month,Yes,Electronic check,41.48,84.62,No
5103-PFVEU,Male,0,No,Yes,68,Yes,No,Fiber optic,Yes,No,No,Yes,No,Yes,Two year,No,Electronic check,95.6,6743.22,No
5376-TGWNA,Female,0,Yes,No,12,Yes,Yes,No,No internet service,No internet service,No internet service,No internet service,No internet service,No internet service,Month-to-month,Yes,Electronic check,41.11,513.42,No
2083-QMRCY,Male,0,Yes,No,1,Yes,No,DSL,Yes,Yes,No,No,Yes,No,Month-to-month,No,Electronic check,78.89,75.52,No
7830-TKRCD,Female,0,Yes,Yes,15,Yes,No,Fiber optic,No,Yes,No,No,No,No,One year,Yes,Credit card (automatic),86.38,1242.17,No
8070-UGVDR,Male,0,No,No,66,Yes,Yes,No,No internet service,No internet service,No internet service,No internet service,No internet service,No internet service,Two year,Yes,Credit card (automatic),37.77,2412.48,No
5287-XUBRC,Female,1,Yes,Yes,48,No,No phone service,Fiber optic,No,Yes,No,No,No,No,Month-to-month,Yes,Mailed check,69.03,3252.32,No
1039-CNCPL,Male,0,Yes,Yes,57,Yes,Yes,Fiber optic,No,Yes,No,No,No,Yes,Two year,No,Electronic check,101.88,5828.23,No
9769-HUOWR,Male,0,No,No,12,Yes,No,Fiber optic,Yes,No,No,Yes,No,Yes,Month-to-month,Yes,Mailed check,100.86,1258.96,No
5034-LUHRX,Male,0,No,No,57,Yes,Yes,No,No internet service,No internet service,No internet service,No internet service,No internet service,No internet service,One year,Yes,Mailed check,43.79,2432.93,No
2956-VXNMY,Male,0,No,No,57,Yes,Yes,No,No internet service,No internet service,No internet service,No internet service,No internet service,No internet service,Two year,No,Electronic check,41.58,2383.26,No
5091-AAWIO,Male,0,Yes,Yes,12,Yes,No,DSL,No,Yes,Yes,No,No,Yes,One year,Yes,Electronic check,82.19,997.46,No
1195-IRZBD,Female,0,No,No,57,Yes,Yes,DSL,Yes,No,No,No,No,No,Two year,No,Electronic check,79.24,4696.64,No
1263-FHVIA,Female,0,No,No,1,Yes,No,Fiber optic,No,Yes,No,No,No,Yes,Month-to-month,No,Credit card (automatic),86.53,90.63,No
2840-SXIZS,Male,0,Yes,Yes,5,Yes,Yes,DSL,No,No,No,Yes,No,No,Month-to-month,Yes,Credit card (automatic),71.04,348.3,No
6591-YNVLU,Female,0,No,No,67,Yes,No,DSL,No,No,Yes,No,No,No,Two year,No,Electronic check,62.2,4158.46,No
1623-QYUZC,Female,0,No,Yes,67,Yes,Yes,No,No internet service,No internet service,No internet service,No internet service,No internet service,No internet service,Two year,No,Bank transfer (automatic),38.83,2622.27,No
7796-OKXYB,Male,0,Yes,No,20,Yes,Yes,Fiber optic,Yes,No,No,No,No,Yes,Month-to-month,No,Electronic check,103.08,2151.84,Yes
5761-XZVUD,Female,1,Yes,Yes,21,Yes,No,Fiber optic,No,No,Yes,No,Yes,Yes,Two year,No,Electronic check,99.51,2156.33,No
2880-DRSOW,Female,0,No,No,14,Yes,Yes,DSL,No,Yes,No,No,Yes,Yes,Two year,No,Bank transfer (automatic),86.78,1235.31,No
7496-UBVGN,Female,0,Yes,No,39,Yes,No,Fiber optic,No,No,Yes,No,Yes,Yes,Two year,No,Bank transfer (automatic),98.43,3827.37,No
5316-PRIBE,Male,0,No,No,20,Yes,No,DSL,No,No,Yes,No,No,No,One year,Yes,Bank transfer (automatic),58.15,1214.89,No
1073-WDGCV,Female,0,Yes,Yes,7,Yes,Yes,Fiber optic,No,No,No,Yes,Yes,No,Month-to-month,Yes,Mailed check,103.64,702.83,No
8089-JZJSW,Male,0,No,No,60,Yes,No,Fiber optic,No,Yes,No,Yes,Yes,Yes,One year,Yes,Electronic check,108.97,6268.57,No
7874-KMWNC,Male,0,No,Yes,26,Yes,No,No,No internet service,No internet service,No internet service,No internet service,No internet service,No internet service,Month-to-month,No,Mailed check,31.22,783.23,No
1371-HOIBG,Male,0,No,No,20,Yes,Yes,Fiber optic,Yes,Yes,No,Yes,No,No,Month-to-month,Yes,Electronic check,109.52,2095.7,Yes
9213-OTHCH,Female,0,Yes,Yes,35,Yes,Yes,DSL,No,No,Yes,Yes,Yes,No,One year,No,Electronic check,86.14,2970.25,No
1646-NDSYW,Female,0,Yes,Yes,68,Yes,No,No,No internet service,No internet service,No internet service,No internet service,No internet service,No internet service,Month-to-month,Yes,Electronic check,27.87,1921.42,No
4113-UDDFM,Female,0,Yes,Yes,5,Yes,No,Fiber optic,No,No,No,No,No,Yes,Month-to-month,No,Electronic check,81.77,422.17,Yes
3420-ZXZOM,Female,0,Yes,No,48,Yes,No,Fiber optic,Yes,No,No,No,No,Yes,Two year,Yes,Electronic check,89.96,4229.28,No
5172-CECFW,Male,0,Yes,Yes,6,No,No phone service,DSL,Yes,No,No,No,Yes,Yes,Two year,Yes,Electronic check,65.38,377.8,No
6964-VYJGO,Male,0,No,Yes,30,Yes,No,DSL,No,No,Yes,No,No,Yes,Month-to-month,Yes,Mailed check,65.05,2025.82,No
2942-NAINO,Male,0,Yes,No,30,Yes,No,DSL,Yes,No,Yes,No,Yes,No,Month-to-month,Yes,Credit card (automatic),77.47,2306.01,No
6116-WAFHV,Male,1,No,No,59,Yes,No,DSL,No,Yes,No,No,No,No,Month-to-month,Yes,Credit card (automatic),53.75,3173.97,No
5575-VRMNO,Female,0,Yes,Yes,27,Yes,No,DSL,No,Yes,No,No,No,No,Month-to-month,Yes,Mailed check,62.33,1634.03,No
9354-DELJJ,Female,0,No,Yes,53,Yes,Yes,DSL,Yes,Yes,Yes,No,No,Yes,Two year,No,Bank transfer (automatic),96.05,4855.49,No
4213-ERPVY,Male,0,No,No,1,Yes,No,Fiber optic,Yes,No,No,No,Yes,Yes,Month-to-month,Yes,Electronic check,98.08,98.22,Yes
8136-RDKGU,Male,0,Yes,No,68,Yes,No,DSL,Yes,Yes,No,No,No,Yes,Month-to-month,Yes,Mailed check,76.91,5155.83,Yes
8700-IXDFT,Male,0,No,No,7,Yes,No,No,No internet service,No internet service,No internet service,No internet service,No internet service,No internet service,Month-to-month,Yes,Credit card (automatic),29.79,207.5,No
6642-ZQMOT,Male,0,No,No,63,Yes,No,DSL,No,No,Yes,No,Yes,Yes,Month-to-month,Yes,Electronic check,80.29,4902.64,No
1536-EZYWD,Female,0,No,No,50,Yes,No,No,No internet service,No internet service,No internet service,No internet service,No internet service,No internet service,One year,Yes,Bank transfer (automatic),31.5,1525.49,No
9420-AWMRA,Female,0,No,No,47,Yes,Yes,DSL,No,No,No,No,No,Yes,Two year,Yes,Mailed check,78.63,3679.81,No
3129-OJXDK,Female,0,Yes,Yes,11,Yes,Yes,No,No internet service,No internet service,No internet service,No internet service,No internet service,No internet service,Month-to-month,No,Electronic check,35.89,383.96,Yes
5690-GFJFC,Male,0,Yes,Yes,70,Yes,No,DSL,No,No,Yes,Yes,Yes,No,Two year,Yes,Electronic check,76.16,5161.39,No
5618-SQAFY,Male,0,Yes,Yes,56,Yes,Yes,No,No internet service,No internet service,No internet service,No internet service,No internet service,No internet service,Two year,Yes,Credit card (automatic),44.22,2388.53,No
3026-VLRLM,Male,1,No,No,52,No,No phone service,Fiber optic,Yes,Yes,Yes,No,No,No,One year,No,Electronic check,83.45,4305.83,No
1818-XKMTM,Female,0,No,No,13,Yes,No,DSL,Yes,No,Yes,No,No,Yes,Month-to-month,No,Credit card (automatic),78.24,1027.85,No
3224-TSCRB,Female,1,No,Yes,14,Yes,Yes,DSL,Yes,No,Yes,No,Yes,No,One year,No,Mailed check,92.62,1285.34,No
1025-ONGMO,Male,1,Yes,Yes,3,Yes,No,No,No internet service,No internet service,No internet service,No internet service,No internet service,No internet service,Month-to-month,Yes,Credit card (automatic),30.48,95.28,Yes
7459-ACOMM,Female,1,No,Yes,62,Yes,No,DSL,Yes,Yes,No,No,No,No,Month-to-month,No,Credit card (automatic),68.3,4299.22,No
6665-QEYYD,Male,0,No,No,1,Yes,Yes,Fiber optic,Yes,No,Yes,Yes,Yes,No,Month-to-month,Yes,Electronic check,114.58,113.31,Yes
6316-FFQDD,Female,0,Yes,Yes,48,Yes,Yes,DSL,Yes,No,Yes,No,No,Yes,Two year,Yes,Credit card (automatic),87.69,4155.67,No
9069-MULGL,Female,0,Yes,No,36,No,No phone service,DSL,Yes,No,No,Yes,No,Yes,Two year,Yes,Mailed check,67.16,2366.42,No
6555-BZRNW,Female,0,Yes,Yes,12,Yes,Yes,DSL,Yes,Yes,No,Yes,Yes,Yes,One year,Yes,Credit card (automatic),107.56,1269.18,No
4058-CYHIZ,Female,0,No,No,29,Yes,No,Fiber optic,No,Yes,Yes,No,Yes,Yes,One year,Yes,Credit card (automatic),107.31,3069.83,No
4723-SEFVS,Male,1,No,No,8,Yes,Yes,Fiber optic,No,Yes,No,No,Yes,Yes,One year,No,Electronic check,110.2,862.62,No
9752-MVWEU,Male,1,Yes,No,22,Yes,Yes,DSL,No,No,Yes,No,No,No,One year,No,Bank transfer (automatic),71.9,1518.74,No
5675-MXQWU,Male,0,Yes,No,60,No,No phone service,No,No internet service,No internet service,No internet service,No internet service,No internet service,No internet service,One year,Yes,Electronic check,18.25,1093.35,No
5040-JNPLM,Male,0,No,Yes,56,Yes,Yes,Fiber optic,Yes,No,Yes,Yes,No,No,One year,No,Bank transfer (automatic),102.91,5735.24,No
7280-OYVRE,Female,0,No,No,66,Yes,No,DSL,No,Yes,Yes,Yes,Yes,No,One year,Yes,Mailed check,80.27,5417.4,No
6576-GQBZY,Female,0,No,Yes,62,Yes,No,DSL,Yes,No,Yes,No,Yes,Yes,One year,Yes,Electronic check,90.65,5853.97,No
6087-KWSSM,Male,0,No,No,15,Yes,No,No,No internet service,No internet service,No internet service,No internet service,No internet service,No internet service,Two year,No,Electronic check,24.81,376.33,No
5748-KZQNU,Female,0,Yes,No,22,Yes,Yes,Fiber optic,No,Yes,Yes,No,Yes,Yes,Month-to-month,Yes,Electronic check,118.75,2672.65,Yes
9516-ZOUFK,Male,0,No,Yes,62,Yes,No,No,No internet service,No internet service,No internet service,No internet service,No internet service,No internet service,Two year,Yes,Credit card (automatic),25.52,1583.86,No
2284-WWISU,Male,0,Yes,No,41,No,No phone service,DSL,No,Yes,No,Yes,Yes,Yes,One year,No,Bank transfer (automatic),70.01,2842.97,No
6374-ZPSBS,Male,1,No,No,47,Yes,No,Fiber optic,No,No,Yes,No,No,No,Two year,No,Electronic check,81.51,3658.57,No
6493-TEYIQ,Male,0,Yes,No,30,Yes,Yes,DSL,No,No,No,No,Yes,Yes,Month-to-month,No,Mailed check,88.13,2612.02,No
2431-QLMOD,Male,1,No,No,68,Yes,Yes,Fiber optic,No,No,Yes,No,Yes,Yes,Two year,Yes,Bank transfer (automatic),118.75,8084.55,No
4222-NUJVH,Male,0,Yes,Yes,19,Yes,Yes,DSL,No,No,No,No,Yes,Yes,One year,No,Credit card (automatic),85.54,1593.52,No
9084-ROSOQ,Male,1,No,No,1,Yes,Yes,Fiber optic,No,No,No,No,Yes,Yes,Month-to-month,No,Bank transfer (automatic),99.4,98.08,No
3214-AOQAA,Female,0,Yes,No,38,Yes,No,No,No internet service,No internet service,No internet service,No internet service,No internet service,No internet service,Two year,Yes,Electronic check,28.33,1060.18,No
5186-EVRPK,Male,0,Yes,No,18,Yes,Yes,Fiber optic,No,Yes,No,No,No,No,Month-to-month,No,Credit card (automatic),96.55,1746.31,No
6238-CMPCW,Male,0,No,No,57,No,No phone service,DSL,Yes,No,Yes,No,No,Yes,One year,Yes,Mailed check,70.79,4221.25,No
1700-OKCSR,Male,1,Yes,Yes,54,Yes,No,DSL,Yes,Yes,No,No,No,Yes,One year,No,Bank transfer (automatic),82.33,4310.7,No
1229-RASQJ,Female,0,No,Yes,35,Yes,Yes,Fiber optic,No,Yes,Yes,No,No,No,One year,Yes,Electronic check,101.29,3493.55,No
8925-XHRMR,Male,0,No,No,69,Yes,No,Fiber optic,No,No,No,Yes,Yes,No,Two year,Yes,Bank transfer (automatic),91.39,6618.56,No
5800-WSPKJ,Female,0,No,No,34,No,No phone service,Fiber optic,Yes,Yes,Yes,Yes,Yes,Yes,One year,Yes,Mailed check,118.33,3976.78,No
3105-QVFBZ,Female,0,No,No,72,No,No phone service,No,No internet service,No internet service,No internet service,No internet service,No internet service,No internet service,Two year,No,Electronic check,18.25,1351.74,No
2883-LPEIE,Female,0,No,No,67,Yes,Yes,No,No internet service,No internet service,No internet service,No internet service,No internet service,No internet service,One year,Yes,Credit card (automatic),44.14,2926.07,No
4557-WGTGG,Female,0,No,No,3,Yes,No,Fiber optic,No,No,No,Yes,No,No,Month-to-month,No,Bank transfer (automatic),84.01,251.84,Yes
8078-MRRMF,Male,0,No,No,63,Yes,No,DSL,No,Yes,Yes,Yes,Yes,No,One year,Yes,Electronic check,84.2,5449.13,No
3131-KVIWI,Male,1,Yes,No,1,Yes,No,No,No internet service,No internet service,No internet service,No internet service,No internet service,No internet service,Month-to-month,No,Bank transfer (automatic),27.17,27.31,Yes
4388-RASPP,Male,0,Yes,No,3,Yes,No,Fiber optic,Yes,Yes,No,Yes,No,Yes,Month-to-month,Yes,Credit card (automatic),107.04,320.24,Yes
5206-AXBXQ,Female,1,No,No,17,Yes,No,DSL,No,No,No,No,Yes,No,One year,Yes,Mailed check,65.8,1078.0,No
9355-AUCRO,Male,0,Yes,No,63,Yes,No,DSL,Yes,Yes,Yes,No,Yes,No,Two year,Yes,Mailed check,85.34,5644.71,No
1577-MGKXZ,Male,0,Yes,Yes,34,Yes,Yes,No,No internet service,No internet service,No internet service,No internet service,No internet service,No internet service,One year,Yes,Bank transfer (automatic),35.55,1170.87,No
9151-VHDVX,Female,0,Yes,Yes,72,Yes,No,DSL,Yes,No,Yes,No,Yes,No,Month-to-month,Yes,Mailed check,75.12,5381.93,No
2476-LTETJ,Male,0,Yes,Yes,68,Yes,No,Fiber optic,No,No,Yes,Yes,No,No,One year,No,Mailed check,87.1,5996.66,No
7933-NVUTF,Female,0,No,Yes,10,Yes,Yes,DSL,Yes,No,Yes,Yes,No,Yes,Month-to-month,Yes,Mailed check,95.39,911.21,No
6705-TKZXJ,Female,0,No,Yes,8,Yes,No,DSL,No,Yes,No,No,Yes,No,Month-to-month,Yes,Electronic check,76.93,596.16,Yes
3365-WILTJ,Male,0,No,No,72,Yes,Yes,Fiber optic,No,Yes,Yes,Yes,No,Yes,Two year,No,Electronic check,118.75,8807.92,No
4389-IAZTT,Male,0,No,No,60,Yes,No,Fiber optic,No,No,No,No,No,Yes,Two year,Yes,Mailed check,80.76,4915.66,No
9179-ERQHL,Male,0,Yes,Yes,23,Yes,No,No,No internet service,No internet service,No internet service,No internet service,No internet service,No internet service,Two year,Yes,Electronic check,30.91,704.26,No
7324-GSTZB,Female,0,Yes,No,3,Yes,No,Fiber optic,Yes,Yes,No,No,No,No,Month-to-month,No,Bank transfer (automatic),91.95,278.96,No
7207-CPQPR,Female,0,Yes,Yes,2,Yes,No,DSL,No,Yes,Yes,No,Yes,Yes,Month-to-month,No,Credit card (automatic),84.37,167.79,No
4875-COEZL,Female,1,No,No,21,Yes,Yes,Fiber optic,No,No,Yes,No,No,Yes,Month-to-month,No,Mailed check,104.35,2198.77,Yes
7462-SGPTP,Female,0,Yes,No,4,Yes,Yes,No,No internet service,No internet service,No internet service,No internet service,No internet service,No internet service,Month-to-month,Yes,Credit card (automatic),40.06,159.12,Yes
2042-QVKZF,Female,0,Yes,Yes,16,Yes,Yes,DSL,Yes,No,No,No,Yes,No,Month-to-month,Yes,Credit card (automatic),84.79,1294.92,No
1270-BKKSD,Male,1,No,No,61,Yes,No,DSL,Yes,No,Yes,No,Yes,Yes,Month-to-month,No,Bank transfer (automatic),89.57,5369.42,No
1881-JCGLM,Male,1,No,No,8,No,No phone service,DSL,Yes,Yes,Yes,No,Yes,Yes,Month-to-month,No,Bank transfer (automatic),87.72,701.79,Yes
1908-WVNCT,Female,0,Yes,Yes,4,Yes,Yes,Fiber optic,Yes,Yes,No,Yes,Yes,No,Month-to-month,No,Bank transfer (automatic),117.12,467.83,No
6962-TXFYS,Male,0,Yes,No,11,Yes,Yes,Fiber optic,Yes,No,No,No,No,No,Month-to-month,Yes,Electronic check,93.67,985.36,No
5036-PJEXX,Male,0,No,No,35,No,No phone service,Fiber optic,No,Yes,No,No,No,Yes,Two year,Yes,Bank transfer (automatic),79.07,2845.05,No
6192-POLMB,Female,0,No,No,49,Yes,No,DSL,No,No,Yes,Yes,No,No,Two year,No,Mailed check,67.18,3251.35,No
6907-HPSAC,Male,0,Yes,Yes,31,Yes,Yes,No,No internet service,No internet service,No internet service,No internet service,No internet service,No internet service,One year,No,Electronic check,47.34,1520.73,No
3984-SXJTY,Female,0,Yes,No,1,Yes,No,No,No internet service,No internet service,No internet service,No internet service,No internet service,No internet service,One year,Yes,Bank transfer (automatic),32.55,32.25,No
6335-HOZYA,Female,0,No,No,5,Yes,No,DSL,Yes,No,Yes,Yes,Yes,Yes,Month-to-month,Yes,Credit card (automatic),93.41,482.02,No
3085-OFSCZ,Male,0,No,No,5,Yes,Yes,Fiber optic,Yes,Yes,Yes,Yes,Yes,Yes,Month-to-month,Yes,Electronic check,118.75,579.41,Yes
7407-NFVKE,Female,0,No,No,28,Yes,No,Fiber optic,No,Yes,Yes,Yes,No,Yes,Two year,Yes,Electronic check,100.07,2927.73,No
5091-LONBM,Male,0,No,No,60,Yes,Yes,Fiber optic,No,Yes,No,No,No,No,One year,Yes,Mailed check,93.48,5450.77,No
2369-STZNE,Male,0,No,No,20,Yes,No,Fiber optic,Yes,No,No,No,No,No,Month-to-month,Yes,Electronic check,87.49,1693.54,Yes
7134-BPUTM,Male,0,Yes,Yes,10,Yes,No,No,No internet service,No internet service,No internet service,No internet service,No internet service,No internet service,Month-to-month,No,Electronic check,29.26,285.27,No
6973-IPESJ,Male,0,Yes,Yes,72,Yes,Yes,Fiber optic,No,No,Yes,Yes,No,Yes,One year,No,Mailed check,109.82,7582.57,No
3124-RIMAZ,Male,0,No,No,18,Yes,Yes,DSL,Yes,No,No,Yes,Yes,No,Month-to-month,Yes,Mailed check,92.35,1608.04,No
8162-FUDDU,Male,0,No,No,42,Yes,No,Fiber optic,No,Yes,Yes,No,Yes,Yes,Two year,Yes,Bank transfer (automatic),111.23,4480.46,No
3905-PFGYO,Male,0,No,No,3,Yes,No,Fiber optic,Yes,Yes,No,Yes,Yes,Yes,Month-to-month,No,Mailed check,113.15,329.2,Yes
8189-NMJXJ,Male,0,Yes,Yes,21,Yes,Yes,DSL,Yes,No,No,Yes,No,No,One year,No,Electronic check,83.45,1689.71,No
7716-HYKRW,Female,0,No,No,69,Yes,No,DSL,No,No,No,No,Yes,No,One year,Yes,Electronic check,67.69,4798.59,No
9172-GHJAR,Female,0,Yes,No,17,Yes,No,DSL,No,Yes,No,No,Yes,Yes,Month-to-month,Yes,Mailed check,81.05,1391.82,No
9518-GTYDO,Male,0,No,No,51,Yes,No,No,No internet service,No internet service,No internet service,No internet service,No internet service,No internet service,Two year,Yes,Bank transfer (automatic),25.22,1259.93,No
6790-SBOYM,Male,0,Yes,Yes,66,Yes,No,Fiber optic,No,No,Yes,No,No,Yes,One year,No,Bank transfer (automatic),95.59,6023.35,No
7604-TVYTT,Male,0,No,No,1,Yes,Yes,No,No internet service,No internet service,No internet service,No internet service,No internet service,No internet service,Month-to-month,Yes,Mailed check,40.82,41.92,No
6544-OQIAA,Male,0,No,No,5,Yes,Yes,No,No internet service,No internet service,No internet service,No internet service,No internet service,No internet service,Month-to-month,Yes,Electronic check,37.39,192.37,No
7888-MMZGL,Female,0,Yes,No,9,Yes,Yes,DSL,No,No,No,No,Yes,No,Month-to-month,Yes,Mailed check,74.14,693.57,No
4475-LVSYJ,Female,0,Yes,Yes,7,Yes,Yes,DSL,No,No,Yes,No,Yes,Yes,Month-to-month,No,Bank transfer (automatic),90.28,630.73,Yes
7293-UHTGF,Male,1,No,No,68,Yes,No,DSL,No,Yes,Yes,Yes,No,Yes,Two year,Yes,Credit card (automatic),86.8,6154.22,No
5920-VLTKF,Male,0,No,No,57,Yes,Yes,Fiber optic,Yes,Yes,No,No,No,Yes,Two year,Yes,Electronic check,107.44,6282.36,No
8856-PWEWS,Male,0,Yes,No,23,Yes,Yes,Fiber optic,Yes,No,Yes,No,No,No,One year,No,Bank transfer (automatic),100.38,2194.36,No
3789-NQBAF,Female,1,Yes,Yes,9,Yes,No,Fiber optic,No,No,No,No,Yes,Yes,Month-to-month,No,Bank transfer (automatic),96.25,889.66,Yes
5754-FXMHI,Male,1,Yes,No,59,Yes,No,No,No internet service,No internet service,No internet service,No internet service,No internet service,No internet service,Two year,Yes,Electronic check,33.42,2067.47,No
6294-ZCHIQ,Female,0,No,No,66,Yes,No,No,No internet service,No internet service,No internet service,No internet service,No internet service,No internet service,One year,No,Mailed check,30.5,2063.32,No
5136-MTAMX,Female,0,Yes,Yes,68,Yes,Yes,DSL,No,Yes,Yes,No,Yes,No,Month-to-month,Yes,Bank transfer (automatic),86.64,6165.73,No
7997-EBJPL,Male,0,Yes,Yes,70,Yes,Yes,No,No internet service,No internet service,No internet service,No internet service,No internet service,No internet service,Two year,No,Credit card (automatic),41.69,2931.03,No
7712-JOTYP,Female,0,No,No,17,No,No phone service,No,No internet service,No internet service,No internet service,No internet service,No internet service,No internet service,One year,No,Bank transfer (automatic),18.25,306.95,No
2525-LHZGL,Female,0,No,No,3,No,No phone service,Fiber optic,No,No,Yes,No,Yes,Yes,Month-to-month,Yes,Credit card (automatic),86.51,260.89,No
4358-PQNNU,Female,0,Yes,Yes,57,Yes,No,DSL,No,No,No,Yes,No,No,One year,No,Credit card (automatic),58.07,3145.12,No
9289-TRJRJ,Male,0,No,Yes,19,Yes,No,DSL,No,No,No,Yes,Yes,No,One year,No,Mailed check,71.29,1352.91,No
2908-GUPGG,Male,0,No,No,4,Yes,Yes,DSL,Yes,Yes,No,Yes,No,No,Month-to-month,No,Credit card (automatic),88.93,361.05,No
7394-BLVII,Female,0,No,No,68,Yes,Yes,DSL,No,No,Yes,Yes,Yes,Yes,Month-to-month,No,Electronic check,102.78,7045.57,No
5111-MMGQC,Female,1,Yes,No,22,Yes,Yes,Fiber optic,No,Yes,No,No,No,No,One year,Yes,Bank transfer (automatic),93.2,2025.47,No
4641-NNLJV,Female,0,No,No,62,Yes,Yes,Fiber optic,Yes,No,Yes,No,Yes,Yes,Two year,Yes,Electronic check,118.75,7700.14,No
2333-YTVMJ,Female,0,Yes,No,67,No,No phone service,DSL,No,Yes,No,Yes,Yes,Yes,Two year,Yes,Credit card (automatic),78.52,5416.13,No
9812-WFSVB,Female,0,Yes,No,2,Yes,Yes,Fiber optic,No,Yes,No,No,No,Yes,Month-to-month,Yes,Bank transfer (automatic),103.72,214.62,No
1466-XIAHT,Female,0,Yes,No,53,Yes,No,DSL,No,No,No,Yes,Yes,Yes,One year,No,Bank transfer (automatic),80.34,4212.47,No
8178-FIJAS,Male,0,No,No,72,Yes,Yes,DSL,Yes,Yes,No,No,No,Yes,Two year,Yes,Bank transfer (automatic),91.35,6329.13,No
2100-OHYHD,Female,1,No,No,22,Yes,Yes,No,No internet service,No internet service,No internet service,No internet service,No internet service,No internet service,Month-to-month,Yes,Mailed check,41.69,889.44,No
8689-CDPGW,Female,1,No,No,37,Yes,Yes,DSL,Yes,No,Yes,No,No,Yes,Two year,Yes,Mailed check,91.3,3357.15,No
1906-UTIFW,Female,0,Yes,Yes,15,Yes,No,DSL,No,No,No,No,No,Yes,Two year,Yes,Electronic check,65.89,968.1,No
4190-WJYIX,Female,0,No,Yes,4,Yes,No,DSL,No,No,Yes,Yes,No,No,Month-to-month,Yes,Credit card (automatic),68.41,271.17,Yes
9875-AKVNS,Male,0,No,No,46,Yes,No,Fiber optic,No,No,Yes,No,Yes,Yes,One year,Yes,Electronic check,99.71,4467.44,Yes
2966-PXNOT,Female,0,Yes,Yes,27,Yes,Yes,Fiber optic,No,No,Yes,Yes,No,Yes,One year,No,Credit card (automatic),104.15,2951.87,No
6328-QNWDS,Female,0,No,No,59,Yes,Yes,Fiber optic,Yes,No,Yes,No,No,Yes,One year,No,Bank transfer (automatic),109.69,6355.74,Yes
8800-ZMYGP,Male,0,Yes,No,46,Yes,No,Fiber optic,Yes,Yes,No,No,No,Yes,Month-to-month,Yes,Mailed check,91.78,4103.88,Yes
8681-LPVSW,Male,0,No,No,39,Yes,Yes,DSL,Yes,No,Yes,Yes,No,Yes,Two year,Yes,Bank transfer (automatic),92.29,3696.53,No
7304-KORZN,Male,0,Yes,No,56,Yes,Yes,Fiber optic,No,No,Yes,Yes,No,Yes,Two year,No,Credit card (automatic),110.27,6126.42,No
6339-YZUTR,Male,0,No,No,10,No,No phone service,Fiber optic,No,Yes,Yes,No,Yes,Yes,Month-to-month,Yes,Electronic check,93.42,898.56,Yes
5789-HJBSP,Male,1,No,No,19,Yes,Yes,Fiber optic,No,No,Yes,No,Yes,No,Two year,No,Electronic check,102.05,1868.05,No
3573-YXSZT,Male,0,No,No,39,Yes,Yes,DSL,No,Yes,No,Yes,Yes,No,One year,Yes,Credit card (automatic),89.4,3485.2,No
2338-ALGEY,Female,0,Yes,No,72,Yes,No,Fiber optic,Yes,No,No,No,Yes,Yes,Month-to-month,Yes,Mailed check,96.09,6866.35,No
7631-JLEHG,Female,0,Yes,Yes,5,Yes,Yes,DSL,No,Yes,No,Yes,No,No,Month-to-month,No,Bank transfer (automatic),77.97,385.13,No
6448-QRTLD,Female,0,Yes,No,3,Yes,Yes,Fiber optic,No,No,No,Yes,Yes,No,Month-to-month,Yes,Electronic check,104.82,321.21,Yes
8517-LFOUS,Female,0,No,No,11,Yes,No,Fiber optic,Yes,Yes,No,No,Yes,No,Month-to-month,No,Mailed check,94.61,1082.86,Yes
8246-EUICW,Male,0,No,No,68,Yes,No,Fiber optic,Yes,No,No,No,Yes,Yes,Two year,Yes,Credit card (automatic),99.3,6838.3,No
8542-RZRHM,Male,0,Yes,Yes,72,Yes,Yes,Fiber optic,No,No,Yes,No,Yes,Yes,Two year,No,Mailed check,117.36,8511.56,No
6167-TRUJT,Female,0,Yes,Yes,19,Yes,Yes,Fiber optic,No,No,No,No,Yes,No,Month-to-month,No,Credit card (automatic),98.1,1856.54,No
6549-QMLFQ,Male,0,No,No,55,Yes,No,No,No internet service,No internet service,No internet service,No internet service,No internet service,No internet service,Two year,No,Electronic check,31.24,1741.61,No
7077-ALSAC,Female,0,No,No,18,No,No phone service,Fiber optic,No,No,Yes,Yes,No,No,Month-to-month,Yes,Mailed check,76.53,1432.68,No
4111-WKKEU,Female,1,Yes,No,1,Yes,No,No,No internet service,No internet service,No internet service,No internet service,No internet service,No internet service,Month-to-month,Yes,Credit card (automatic),29.9,29.15,No
9761-CKGLA,Male,1,Yes,Yes,15,Yes,Yes,Fiber optic,No,Yes,Yes,No,Yes,Yes,Month-to-month,Yes,Mailed check,118.75,1858.63,No
4000-MYYFO,Female,0,Yes,Yes,57,Yes,No,Fiber optic,Yes,No,Yes,No,Yes,Yes,One year,Yes,Electronic check,112.09,6619.78,No
3549-CZSEC,Male,0,No,Yes,65,Yes,Yes,DSL,Yes,No,Yes,No,No,No,Two year,No,Electronic check,73.35,4739.45,No
8751-CGWLE,Male,0,No,No,33,No,No phone service,No,No internet service,No internet service,No internet service,No internet service,No internet service,No internet service,Month-to-month,No,Mailed check,18.25,575.01,No
1579-VNNAO,Female,0,No,No,28,No,No phone service,No,No internet service,No internet service,No internet service,No internet service,No internet service,No internet service,Month-to-month,Yes,Bank transfer (automatic),20.25,574.3,No
9222-FWUTY,Male,0,Yes,Yes,3,Yes,No,No,No internet service,No internet service,No internet service,No internet service,No internet service,No internet service,One year,Yes,Electronic check,34.03,98.8,No
7936-LFKIK,Female,0,No,No,26,Yes,No,Fiber optic,No,No,Yes,No,Yes,Yes,Month-to-month,Yes,Bank transfer (automatic),95.92,2380.64,Yes
7538-MJYOL,Male,0,Yes,No,15,Yes,Yes,DSL,No,Yes,No,No,No,No,One year,Yes,Electronic check,74.07,1096.14,No
4989-TTICA,Female,0,Yes,No,29,No,No phone service,DSL,No,No,Yes,No,Yes,No,Two year,Yes,Electronic check,63.16,1897.13,No
8240-MRJAB,Female,0,No,No,61,Yes,No,No,No internet service,No internet service,No internet service,No internet service,No internet service,No internet service,One year,No,Electronic check,31.92,1877.94,No
6377-RUNPN,Female,1,Yes,Yes,21,Yes,No,DSL,No,Yes,No,No,No,Yes,One year,Yes,Mailed check,73.15,1602.17,No
2059-AOIIL,Male,0,Yes,No,28,Yes,No,Fiber optic,No,Yes,No,No,Yes,Yes,Two year,Yes,Bank transfer (automatic),99.56,2666.28,No
4460-INTUQ,Male,0,No,No,5,Yes,No,DSL,Yes,Yes,Yes,Yes,Yes,No,Month-to-month,Yes,Electronic check,87.56,416.63,No
1761-NDYAH,Female,0,Yes,Yes,3,Yes,Yes,DSL,Yes,No,No,No,No,No,Month-to-month,Yes,Bank transfer (automatic),75.85,218.19,Yes
7059-BMYTP,Male,0,No,Yes,2,Yes,Yes,DSL,Yes,Yes,No,Yes,No,Yes,Month-to-month,No,Bank transfer (automatic),100.16,197.12,No
2915-KARLR,Female,0,No,No,14,No,No phone service,No,No internet service,No internet service,No internet service,No internet service,No internet service,No internet service,Two year,Yes,Credit card (automatic),21.32,300.75,No
2877-CQQZC,Female,0,No,No,30,No,No phone service,No,No internet service,No internet service,No internet service,No internet service,No internet service,No internet service,Two year,No,Electronic check,18.25,569.56,No
5661-AHRJB,Female,0,Yes,Yes,9,Yes,Yes,DSL,Yes,Yes,Yes,No,No,Yes,One year,Yes,Electronic check,95.73,885.36,No
6109-IHYOD,Female,0,Yes,No,71,No,No phone service,DSL,No,Yes,Yes,No,No,No,Two year,No,Bank transfer (automatic),54.88,4039.61,No
8824-AWORY,Male,0,Yes,No,62,Yes,No,No,No internet service,No internet service,No internet service,No internet service,No internet service,No internet service,Two year,Yes,Mailed check,27.6,1783.49,No
7298-IUQIQ,Female,0,Yes,No,50,Yes,No,DSL,No,No,No,Yes,Yes,Yes,One year,No,Bank transfer (automatic),80.41,3951.07,No
9293-YXFRF,Female,1,No,Yes,29,Yes,No,DSL,No,No,Yes,Yes,No,No,Month-to-month,Yes,Electronic check,65.2,1874.4,No
4564-KMWHI,Male,0,Yes,No,49,Yes,Yes,No,No internet service,No internet service,No internet service,No internet service,No internet service,No internet service,Two year,Yes,Electronic check,45.49,2326.69,No
9355-XCASG,Female,0,Yes,No,27,Yes,Yes,No,No internet service,No internet service,No internet service,No internet service,No internet service,No internet service,Two year,Yes,Bank transfer (automatic),40.56,1133.08,No
2058-UUWRG,Male,0,No,No,66,Yes,Yes,DSL,No,No,Yes,No,Yes,Yes,Month-to-month,No,Electronic check,96.92,6149.66,No
7667-KGPUS,Male,1,No,No,35,No,No phone service,DSL,No,Yes,No,No,No,No,One year,No,Credit card (automatic),48.69,1649.3,No
5257-JPYOH,Male,0,No,No,70,Yes,Yes,DSL,No,No,No,No,Yes,No,Month-to-month,Yes,Bank transfer (automatic),79.38,5790.32,No
9908-UKQVC,Female,0,Yes,No,4,Yes,Yes,Fiber optic,No,Yes,Yes,Yes,No,Yes,Month-to-month,Yes,Credit card (automatic),118.75,464.93,No
1167-RJTBP,Male,1,No,No,67,Yes,No,Fiber optic,No,Yes,Yes,No,No,No,Month-to-month,Yes,Bank transfer (automatic),83.2,5438.88,No
8337-FMAPZ,Female,0,No,No,24,Yes,Yes,DSL,Yes,Yes,Yes,No,Yes,No,Month-to-month,Yes,Bank transfer (automatic),101.69,2533.8,No
7520-ZYXCX,Female,0,Yes,No,3,Yes,No,No,No internet service,No internet service,No internet service,No internet service,No internet service,No internet service,Month-to-month,Yes,Mailed check,29.01,87.57,No
4765-WOJCE,Male,0,Yes,Yes,56,Yes,No,Fiber optic,Yes,No,No,No,Yes,Yes,Month-to-month,No,Credit card (automatic),104.68,5884.98,No
2571-JCGGK,Male,0,Yes,No,64,No,No phone service,No,No internet service,No internet service,No internet service,No internet service,No internet service,No internet service,One year,Yes,Electronic check,26.28,1668.66,No
3514-JGEJK,Female,0,No,No,25,Yes,Yes,DSL,No,Yes,No,No,No,No,Month-to-month,Yes,Electronic check,74.0,1880.58,No
3084-LPLEW,Male,0,Yes,No,19,Yes,No,No,No internet service,No internet service,No internet service,No internet service,No internet service,No internet service,Month-to-month,Yes,Credit card (automatic),24.52,459.59,No
6810-YUQYM,Female,0,No,Yes,4,Yes,Yes,No,No internet service,No internet service,No internet service,No internet service,No internet service,No internet service,One year,No,Mailed check,43.04,180.49,No
6961-ABONU,Male,0,No,No,3,Yes,Yes,DSL,No,Yes,Yes,No,Yes,No,Month-to-month,Yes,Mailed check,90.48,268.88,Yes
2961-MGFTU,Male,0,No,No,42,No,No phone service,DSL,No,Yes,No,No,Yes,Yes,Month-to-month,Yes,Electronic check,72.76,2964.85,No
2540-YAHJY,Female,0,Yes,Yes,11,Yes,Yes,DSL,No,No,No,Yes,Yes,Yes,Month-to-month,Yes,Credit card (automatic),90.89,956.49,No
2351-GXGCK,Male,0,Yes,No,9,Yes,Yes,Fiber optic,No,No,No,Yes,No,Yes,Month-to-month,Yes,Credit card (automatic),106.59,968.7,No
1604-WGCEG,Male,0,Yes,Yes,63,Yes,No,DSL,No,No,Yes,Yes,Yes,Yes,Two year,Yes,Credit card (automatic),89.16,5707.2,No
6652-RNQPU,Male,0,Yes,Yes,13,No,No phone service,DSL,No,Yes,No,No,Yes,No,Month-to-month,Yes,Bank transfer (automatic),60.68,780.99,No
5682-SJCRO,Male,1,No,No,34,Yes,Yes,DSL,Yes,Yes,No,No,No,Yes,Two year,Yes,Electronic check,82.87,2944.04,No
2876-VYVOG,Female,0,Yes,No,3,Yes,No,No,No internet service,No internet service,No internet service,No internet service,No internet service,No internet service,Month-to-month,Yes,Credit card (automatic),30.53,87.44,No
9290-MLAEO,Female,1,Yes,No,6,Yes,No,Fiber optic,No,No,Yes,No,Yes,Yes,Month-to-month,No,Credit card (automatic),105.47,634.95,Yes
4151-LPYTI,Male,0,Yes,No,3,Yes,Yes,DSL,No,Yes,No,No,No,No,Month-to-month,Yes,Electronic check,77.52,238.25,Yes
3844-VRAUH,Female,0,Yes,No,1,Yes,Yes,DSL,No,No,Yes,No,No,Yes,Month-to-month,Yes,Bank transfer (automatic),81.19,80.79,No
2983-IGTHU,Female,0,No,No,9,No,No phone service,Fiber optic,No,No,No,No,Yes,Yes,Month-to-month,Yes,Electronic check,85.69,782.2,Yes
8132-SEEEJ,Male,0,No,No,19,Yes,Yes,DSL,No,Yes,No,No,No,Yes,Month-to-month,Yes,Bank transfer (automatic),81.74,1603.99,No
7314-CFVLD,Male,1,No,No,52,Yes,No,Fiber optic,Yes,Yes,No,No,No,Yes,Two year,Yes,Bank transfer (automatic),97.89,5213.46,No
2446-FGDRI,Female,1,Yes,No,31,Yes,Yes,Fiber optic,Yes,Yes,Yes,No,Yes,No,Month-to-month,No,Electronic check,118.44,3688.24,Yes
1145-OJYWQ,Female,0,No,No,13,Yes,Yes,DSL,No,No,No,No,No,Yes,Month-to-month,No,Electronic check,73.08,992.76,No
3316-WIJXN,Female,0,No,No,4,Yes,No,Fiber optic,Yes,Yes,No,No,Yes,Yes,Month-to-month,No,Mailed check,106.75,448.29,No
2011-NHWXS,Female,0,Yes,Yes,61,Yes,No,DSL,No,No,Yes,Yes,No,Yes,Two year,Yes,Bank transfer (automatic),77.44,4766.5,No
8186-EBKFA,Male,0,Yes,Yes,62,Yes,Yes,No,No internet service,No internet service,No internet service,No internet service,No internet service,No internet service,Two year,Yes,Bank transfer (automatic),39.87,2372.47,No
4020-RFNCU,Female,0,No,No,7,Yes,No,Fiber optic,Yes,Yes,No,No,Yes,No,Month-to-month,Yes,Electronic check,97.12,662.16,Yes
3481-KEGEK,Female,0,No,Yes,4,Yes,Yes,No,No internet service,No internet service,No internet service,No internet service,No internet service,No internet service,One year,No,Electronic check,43.53,178.87,No
8353-LSLLP,Female,0,No,No,3,Yes,No,DSL,Yes,No,No,Yes,Yes,Yes,Month-to-month,No,Bank transfer (automatic),86.88,258.74,Yes
9300-UWPVT,Male,0,Yes,No,10,No,No phone service,No,No internet service,No internet service,No internet service,No internet service,No internet service,No internet service,Month-to-month,No,Electronic check,20.62,208.69,No
9805-ZQLHR,Male,1,Yes,No,10,Yes,Yes,Fiber optic,Yes,Yes,No,No,No,Yes,Month-to-month,Yes,Mailed check,106.71,1017.81,Yes
5743-GPUFM,Male,0,No,No,59,Yes,No,DSL,No,No,Yes,No,Yes,No,One year,Yes,Electronic check,74.06,4583.39,No
9108-EWSWK,Female,0,No,No,64,Yes,No,Fiber optic,No,No,No,Yes,No,Yes,Two year,No,Mailed check,90.68,5758.98,No
5270-SPWXI,Male,1,No,No,6,Yes,No,Fiber optic,No,Yes,No,No,No,Yes,Month-to-month,No,Electronic check,88.52,545.83,Yes
7624-QXQFE,Male,0,No,No,2,Yes,No,DSL,No,Yes,Yes,No,Yes,Yes,Month-to-month,No,Credit card (automatic),92.68,189.97,No
4135-BDSUW,Male,0,Yes,Yes,34,Yes,Yes,No,No internet service,No internet service,No internet service,No internet service,No internet service,No internet service,Month-to-month,Yes,Electronic check,45.1,1529.9,No
8924-LAGBF,Male,0,No,No,4,No,No phone service,No,No internet service,No internet service,No internet service,No internet service,No internet service,No internet service,Month-to-month,Yes,Credit card (automatic),24.85,102.56,Yes
9749-FFRUR,Female,0,No,No,71,Yes,No,DSL,No,No,No,No,Yes,No,One year,Yes,Mailed check,68.29,4767.82,No
2570-NCKOA,Female,0,No,Yes,5,Yes,No,No,No internet service,No internet service,No internet service,No internet service,No internet service,No internet service,Month-to-month,Yes,Electronic check,32.11,153.42,Yes
5088-LNWWF,Female,1,Yes,Yes,61,Yes,Yes,Fiber optic,No,Yes,Yes,No,No,No,Month-to-month,No,Electronic check,95.83,5772.98,Yes
9659-VTPWY,Male,1,Yes,No,9,Yes,Yes,Fiber optic,No,No,No,No,No,No,Month-to-month,Yes,Credit card (automatic),92.28,837.8,No
2179-CHXXO,Female,0,No,No,13,Yes,No,No,No internet service,No internet service,No internet service,No internet service,No internet service,No internet service,Month-to-month,Yes,Electronic check,29.93,371.56,No
9915-XJGVW,Male,0,No,No,58,Yes,No,Fiber optic,Yes,No,No,No,No,Yes,One year,No,Bank transfer (automatic),92.43,5454.7,No
2383-AJLNV,Male,0,No,Yes,45,Yes,Yes,Fiber optic,Yes,No,No,No,Yes,No,One year,Yes,Electronic check,102.11,4807.38,No
4861-SJHAD,Male,0,No,No,63,Yes,No,Fiber optic,No,Yes,No,No,Yes,No,Two year,Yes,Credit card (automatic),87.6,5366.72,No
3860-VIYOP,Male,0,No,No,13,Yes,No,DSL,No,No,Yes,Yes,No,Yes,One year,Yes,Bank transfer (automatic),77.34,960.11,No
3369-YYCUZ,Male,0,No,No,3,Yes,Yes,Fiber optic,No,Yes,No,Yes,Yes,No,Month-to-month,No,Credit card (automatic),112.48,323.35,Yes
3398-WXZCU,Female,0,Yes,No,25,Yes,Yes,Fiber optic,No,No,No,No,No,Yes,One year,No,Electronic check,97.94,2340.17,No
5009-IYDBH,Female,0,Yes,No,71,Yes,No,DSL,No,Yes,No,Yes,No,No,Month-to-month,Yes,Bank transfer (automatic),71.93,5312.16,No
2267-IMPPY,Female,0,Yes,Yes,65,Yes,Yes,No,No internet service,No internet service,No internet service,No internet service,No internet service,No internet service,Two year,Yes,Credit card (automatic),39.44,2482.6,No
1289-KSWBO,Male,0,No,No,13,Yes,No,Fiber optic,Yes,No,No,No,Yes,No,Month-to-month,No,Mailed check,93.15,1187.84,No
8825-QEYNK,Male,0,Yes,Yes,69,Yes,No,DSL,Yes,No,Yes,Yes,Yes,No,One year,Yes,Credit card (automatic),90.78,6531.53,No
7130-BNKCK,Male,0,Yes,No,2,Yes,Yes,No,No internet service,No internet service,No internet service,No internet service,No internet service,No internet service,Month-to-month,No,Mailed check,49.43,94.62,No
3686-CBYMF,Female,0,No,No,7,Yes,No,Fiber optic,Yes,No,No,No,No,Yes,Month-to-month,No,Credit card (automatic),90.14,637.91,Yes
9609-RLYTP,Female,0,No,No,6,Yes,No,Fiber optic,Yes,No,No,No,No,Yes,One year,No,Electronic check,90.21,528.27,Yes
4195-QPYAB,Female,0,No,No,70,Yes,No,DSL,Yes,No,Yes,Yes,Yes,Yes,Month-to-month,Yes,Credit card (automatic),95.48,6976.44,No
7408-EUMQZ,Male,1,Yes,No,16,No,No phone service,Fiber optic,No,No,No,Yes,No,No,One year,Yes,Bank transfer (automatic),73.64,1119.53,No
5661-MNIQQ,Female,0,No,Yes,26,Yes,No,No,No internet service,No internet service,No internet service,No internet service,No internet service,No internet service,Month-to-month,No,Credit card (automatic),30.82,796.81,No
9753-VQBEF,Male,0,Yes,Yes,35,Yes,Yes,DSL,Yes,No,No,No,Yes,No,Month-to-month,No,Electronic check,86.66,3165.51,No
2920-XYDUF,Female,0,Yes,Yes,32,Yes,No,Fiber optic,Yes,Yes,No,Yes,Yes,Yes,Two year,Yes,Credit card (automatic),111.88,3622.64,No
3214-OREUG,Female,0,Yes,No,49,Yes,No,DSL,No,No,Yes,Yes,No,Yes,Two year,Yes,Mailed check,79.96,3831.08,No
2837-HRROY,Female,0,Yes,No,69,Yes,Yes,DSL,No,Yes,No,No,Yes,Yes,One year,Yes,Mailed check,85.54,6026.88,No
5845-MWHQN,Female,0,Yes,No,8,Yes,Yes,DSL,No,No,No,Yes,No,Yes,Month-to-month,No,Mailed check,78.88,639.58,Yes
7583-UJGOB,Male,1,No,No,72,Yes,No,Fiber optic,Yes,Yes,Yes,No,No,Yes,Month-to-month,No,Credit card (automatic),103.83,7330.48,No
3845-THLKZ,Female,0,Yes,No,10,Yes,No,DSL,No,No,Yes,Yes,Yes,No,One year,Yes,Credit card (automatic),80.2,840.24,No
9572-GVJQJ,Female,0,No,No,72,No,No phone service,Fiber optic,No,Yes,Yes,Yes,No,No,Two year,No,Electronic check,87.77,6560.04,No
1279-HXOOJ,Male,0,Yes,No,66,Yes,No,DSL,No,No,No,No,No,Yes,Month-to-month,No,Electronic check,61.13,4126.75,No
1223-WMMAP,Male,0,Yes,No,25,Yes,No,No,No internet service,No internet service,No internet service,No internet service,No internet service,No internet service,Month-to-month,Yes,Mailed check,28.01,702.11,No
4084-DUCWU,Male,0,No,No,14,No,No phone service,Fiber optic,Yes,No,No,Yes,No,Yes,One year,Yes,Credit card (automatic),88.71,1212.32,No
6940-ZSAFG,Male,0,No,No,5,No,No phone service,Fiber optic,No,Yes,No,Yes,No,Yes,Month-to-month,No,Mailed check,88.2,434.5,Yes
7140-RPGDC,Male,1,No,No,20,Yes,No,DSL,No,No,Yes,No,No,Yes,Two year,Yes,Electronic check,74.22,1479.34,No
7647-AXRZX,Female,0,No,No,3,Yes,No,Fiber optic,No,Yes,Yes,No,No,Yes,Month-to-month,No,Mailed check,96.44,275.18,Yes
6355-EWLZV,Male,1,No,No,71,No,No phone service,Fiber optic,No,No,No,No,No,Yes,One year,No,Mailed check,73.58,5279.1,No
7278-BOCKH,Male,0,No,No,13,Yes,No,Fiber optic,No,No,No,Yes,Yes,Yes,One year,Yes,Credit card (automatic),103.94,1290.8,No
7329-KYGJH,Male,0,No,No,3,Yes,No,DSL,No,No,No,No,No,No,Month-to-month,No,Credit card (automatic),56.73,169.06,No
3558-EAMRD,Female,0,No,No,63,Yes,No,Fiber optic,Yes,No,No,Yes,No,No,Two year,Yes,Electronic check,92.26,5909.71,No
5834-IXGIC,Female,0,Yes,No,52,Yes,No,Fiber optic,No,Yes,No,No,No,No,Two year,No,Electronic check,76.97,3979.83,No
6930-ABXAV,Male,1,No,No,14,Yes,No,Fiber optic,Yes,No,Yes,Yes,No,No,One year,No,Mailed check,92.64,1277.05,No
6451-KLVQE,Female,0,Yes,Yes,21,Yes,No,Fiber optic,No,Yes,No,Yes,Yes,No,Month-to-month,No,Mailed check,95.5,1950.68,Yes
7835-ZJJML,Female,0,Yes,No,70,Yes,No,Fiber optic,Yes,Yes,Yes,Yes,Yes,Yes,Two year,No,Electronic check,118.75,7942.01,No
6922-ECQAS,Male,1,No,No,14,Yes,No,DSL,Yes,No,No,No,Yes,No,One year,Yes,Bank transfer (automatic),70.66,971.68,No
9638-UJZBK,Male,1,Yes,Yes,34,Yes,No,DSL,No,Yes,No,No,Yes,Yes,Month-to-month,No,Electronic check,82.25,2815.57,Yes
7937-AHEFW,Female,0,Yes,Yes,9,Yes,No,Fiber optic,No,Yes,Yes,No,Yes,No,Month-to-month,No,Mailed check,94.16,829.1,Yes
8213-LCHBM,Female,1,Yes,Yes,3,Yes,Yes,No,No internet service,No internet service,No internet service,No internet service,No internet service,No internet service,Month-to-month,No,Mailed check,44.98,137.87,Yes
9165-IDSWQ,Female,0,No,Yes,64,Yes,No,No,No internet service,No internet service,No internet service,No internet service,No internet service,No internet service,Two year,No,Credit card (automatic),32.28,2050.09,No
9080-SRJKD,Female,0,Yes,No,2,No,No phone service,No,No internet service,No internet service,No internet service,No internet service,No internet service,No internet service,Month-to-month,No,Electronic check,18.58,36.9,No
9633-MXQXY,Female,0,Yes,No,57,Yes,Yes,DSL,No,Yes,No,No,Yes,Yes,Month-to-month,Yes,Credit card (automatic),87.76,4905.58,No
2889-KSWCZ,Female,1,No,No,34,Yes,No,Fiber optic,Yes,No,No,No,Yes,Yes,Month-to-month,Yes,Electronic check,107.57,3750.42,Yes
6197-WCBEG,Male,0,No,No,71,Yes,Yes,DSL,Yes,Yes,Yes,Yes,No,Yes,Two year,Yes,Electronic check,102.57,7169.4,No
3575-HUIJH,Male,0,Yes,Yes,64,Yes,Yes,Fiber optic,Yes,No,Yes,Yes,No,No,One year,No,Electronic check,107.08,6736.9,No
7823-LBRFB,Male,0,Yes,No,17,Yes,Yes,Fiber optic,No,Yes,Yes,No,Yes,Yes,One year,Yes,Mailed check,118.75,2077.59,No
8699-XXGOX,Female,0,Yes,Yes,70,No,No phone service,Fiber optic,No,No,No,No,No,Yes,One year,No,Mailed check,75.27,5198.42,No
7715-KIXIB,Female,0,Yes,Yes,28,Yes,Yes,Fiber optic,No,No,No,Yes,No,Yes,Month-to-month,Yes,Mailed check,96.97,2580.7,No
6765-MVEAD,Female,0,Yes,Yes,8,Yes,Yes,No,No internet service,No internet service,No internet service,No internet service,No internet service,No internet service,Month-to-month,No,Bank transfer (automatic),41.34,330.18,No
2487-YKXLK,Male,1,Yes,No,63,Yes,No,DSL,Yes,Yes,Yes,No,Yes,Yes,Two year,Yes,Credit card (automatic),94.54,5733.02,No
4379-QACDF,Female,0,No,Yes,2,Yes,Yes,Fiber optic,No,No,No,No,Yes,Yes,Month-to-month,Yes,Credit card (automatic),107.7,225.64,No
4631-WRNVC,Male,0,No,No,2,Yes,No,Fiber optic,No,Yes,Yes,No,No,Yes,Month-to-month,No,Credit card (automatic),91.92,191.97,Yes
3659-AGIPJ,Male,0,No,No,39,Yes,Yes,DSL,Yes,No,No,No,No,No,Two year,Yes,Electronic check,70.3,2850.45,No
7912-GAORW,Female,1,Yes,No,59,No,No phone service,Fiber optic,No,Yes,No,Yes,No,No,Two year,No,Bank transfer (automatic),74.83,4580.43,No
6196-HDKBX,Female,0,Yes,Yes,57,Yes,No,DSL,No,No,No,No,Yes,No,One year,Yes,Bank transfer (automatic),63.33,3755.17,No
8171-OYWBK,Female,0,No,No,31,Yes,No,Fiber optic,No,No,Yes,No,No,No,One year,Yes,Mailed check,79.77,2525.6,No
5590-FTEYS,Male,1,Yes,Yes,12,Yes,Yes,Fiber optic,Yes,No,No,No,No,No,One year,Yes,Credit card (automatic),98.23,1125.0,No
2142-VGZIH,Male,0,No,No,45,Yes,Yes,Fiber optic,No,Yes,Yes,No,No,No,Two year,Yes,Bank transfer (automatic),106.46,4983.68,No
7484-YDXND,Male,0,No,No,14,Yes,No,Fiber optic,No,No,Yes,No,Yes,Yes,Month-to-month,No,Mailed check,104.01,1405.69,Yes
2023-QXWDB,Male,0,No,No,16,Yes,No,Fiber optic,No,Yes,No,Yes,No,No,Month-to-month,No,Mailed check,81.25,1266.13,No
2298-KNKFU,Female,1,Yes,Yes,5,Yes,No,No,No internet service,No internet service,No internet service,No internet service,No internet service,No internet service,Month-to-month,Yes,Mailed check,30.82,159.32,No
6696-CSPGX,Female,0,Yes,Yes,58,Yes,No,Fiber optic,No,Yes,Yes,Yes,No,No,One year,Yes,Mailed check,95.12,5586.43,No
7923-KDVML,Female,0,No,No,34,Yes,Yes,Fiber optic,No,Yes,No,Yes,No,Yes,One year,Yes,Bank transfer (automatic),115.31,3883.85,No
6320-EYCLW,Male,1,No,No,16,Yes,No,Fiber optic,No,Yes,No,No,Yes,Yes,Month-to-month,No,Electronic check,100.04,1651.15,No
6152-AAIVC,Female,0,Yes,No,13,Yes,No,Fiber optic,No,No,No,No,No,Yes,One year,Yes,Electronic check,82.97,1061.97,No
4492-MZQYQ,Male,0,No,No,17,Yes,No,No,No internet service,No internet service,No internet service,No internet service,No internet service,No internet service,Month-to-month,Yes,Electronic check,29.57,498.38,Yes
5761-QTUQT,Female,0,Yes,No,58,Yes,No,Fiber optic,No,Yes,Yes,No,No,Yes,Month-to-month,No,Credit card (automatic),92.88,5126.22,No
1194-YOWBM,Male,0,Yes,Yes,70,Yes,Yes,DSL,No,Yes,No,No,No,Yes,Month-to-month,Yes,Mailed check,84.3,6051.48,No
8016-ORITB,Male,0,No,No,50,Yes,No,DSL,No,No,Yes,No,Yes,Yes,One year,No,Bank transfer (automatic),78.94,3819.36,No
9632-FACRQ,Female,0,No,No,17,Yes,No,No,No internet service,No internet service,No internet service,No internet service,No internet service,No internet service,Month-to-month,No,Electronic check,31.38,516.43,No
5559-QMVGG,Female,1,No,No,10,Yes,No,DSL,No,No,No,No,Yes,No,Month-to-month,No,Mailed check,67.87,648.57,No
4651-JRQPG,Male,0,Yes,Yes,4,Yes,No,Fiber optic,Yes,Yes,No,No,No,No,One year,Yes,Mailed check,87.29,353.52,No
8828-ARNJV,Male,0,Yes,No,70,Yes,Yes,DSL,No,Yes,No,No,Yes,Yes,One year,Yes,Mailed check,87.49,5997.41,No
6944-VBVSU,Female,0,No,No,71,Yes,Yes,Fiber optic,Yes,Yes,Yes,Yes,No,No,Month-to-month,No,Credit card (automatic),109.96,7615.48,No
6239-BZUFA,Male,0,Yes,Yes,19,Yes,Yes,No,No internet service,No internet service,No internet service,No internet service,No internet service,No internet service,One year,Yes,Electronic check,37.66,703.01,No
2893-NQOSG,Male,0,Yes,No,22,Yes,Yes,No,No internet service,No internet service,No internet service,No internet service,No internet service,No internet service,Month-to-month,No,Mailed check,43.84,970.96,No
1292-TJOIU,Male,1,No,Yes,38,Yes,No,No,No internet service,No internet service,No internet service,No internet service,No internet service,No internet service,One year,No,Credit card (automatic),35.56,1412.37,No
6804-AJXDB,Male,0,Yes,Yes,8,Yes,No,Fiber optic,Yes,Yes,No,No,No,No,Month-to-month,No,Bank transfer (automatic),90.14,750.16,No
5372-LDKBY,Female,1,No,No,59,Yes,Yes,DSL,No,Yes,Yes,No,Yes,No,Two year,Yes,Credit card (automatic),87.23,4903.37,No
3816-HLQCJ,Female,0,Yes,No,7,Yes,No,DSL,Yes,No,Yes,Yes,Yes,No,One year,Yes,Bank transfer (automatic),79.27,544.03,No
5413-ARSXV,Female,0,No,No,2,Yes,No,Fiber optic,Yes,No,No,Yes,No,Yes,Month-to-month,No,Electronic check,97.09,192.06,Yes
7246-EMQXA,Female,0,No,No,26,Yes,Yes,Fiber optic,No,No,Yes,No,No,No,Two year,Yes,Mailed check,92.55,2287.33,No
9728-ZTBNF,Male,0,Yes,No,13,Yes,Yes,DSL,No,No,Yes,No,Yes,No,One year,Yes,Electronic check,83.03,1126.35,No
3010-DRDYI,Male,0,Yes,Yes,47,Yes,Yes,Fiber optic,No,Yes,Yes,No,Yes,Yes,One year,Yes,Mailed check,118.75,5574.81,No
3286-WDVEG,Male,0,Yes,No,55,Yes,Yes,No,No internet service,No internet service,No internet service,No internet service,No internet service,No internet service,Two year,Yes,Bank transfer (automatic),37.37,2071.8,No
2332-EKMJV,Male,1,Yes,Yes,21,Yes,No,Fiber optic,No,No,No,Yes,No,Yes,One year,Yes,Electronic check,92.72,1883.97,No
4509-NITLL,Male,0,No,No,54,Yes,No,Fiber optic,Yes,No,No,No,Yes,Yes,Two year,No,Bank transfer (automatic),107.39,5700.64,No
8544-SYGEU,Female,0,No,Yes,64,Yes,No,Fiber optic,Yes,No,Yes,No,Yes,Yes,One year,Yes,Electronic check,104.35,6835.86,No
9139-QMDIM,Female,0,No,No,63,No,No phone service,No,No internet service,No internet service,No internet service,No internet service,No internet service,No internet service,Month-to-month,Yes,Electronic check,20.29,1215.52,No
9029-WEURI,Male,0,No,No,4,Yes,Yes,Fiber optic,Yes,Yes,Yes,Yes,No,No,Month-to-month,No,Mailed check,113.98,439.94,No
3474-AGAPX,Female,0,Yes,Yes,61,Yes,No,Fiber optic,No,No,No,No,Yes,Yes,One year,Yes,Mailed check,94.44,5496.89,No
5274-CQLQQ,Female,0,Yes,No,30,Yes,No,Fiber optic,No,No,No,Yes,No,No,Two year,No,Mailed check,86.89,2592.14,No
3350-IZRZD,Female,0,No,Yes,7,Yes,Yes,Fiber optic,Yes,Yes,Yes,Yes,No,Yes,Month-to-month,Yes,Mailed check,118.75,804.39,No
6406-FWQXW,Female,0,No,No,10,Yes,Yes,Fiber optic,No,Yes,Yes,No,Yes,Yes,Month-to-month,No,Mailed check,118.75,1186.46,No
6966-JWRMP,Female,0,No,No,21,Yes,No,No,No internet service,No internet service,No internet service,No internet service,No internet service,No internet service,Two year,Yes,Bank transfer (automatic),33.8,725.37,No
4665-KREFP,Female,0,Yes,No,27,No,No phone service,No,No internet service,No internet service,No internet service,No internet service,No internet service,No internet service,One year,No,Credit card (automatic),18.25,481.91,No
8435-DNQKR,Female,0,No,No,69,Yes,No,DSL,Yes,No,Yes,No,Yes,No,Two year,Yes,Bank transfer (automatic),79.48,5417.71,No
2170-DDGCR,Female,1,Yes,Yes,17,Yes,No,Fiber optic,No,No,Yes,No,Yes,Yes,Month-to-month,No,Credit card (automatic),103.5,1686.07,No
2206-GFCME,Male,0,No,No,14,Yes,No,No,No internet service,No internet service,No internet service,No internet service,No internet service,No internet service,Month-to-month,No,Mailed check,34.17,488.27,No
1726-EGZHN,Male,0,No,No,50,Yes,Yes,Fiber optic,No,No,No,Yes,No,Yes,Two year,Yes,Bank transfer (automatic),100.65,5005.13,No
5724-SWEDS,Female,0,Yes,Yes,37,Yes,No,Fiber optic,Yes,Yes,No,Yes,Yes,No,One year,No,Electronic check,104.72,3888.83,No
3971-FEAMG,Male,0,No,No,72,Yes,No,No,No internet service,No internet service,No internet service,No internet service,No internet service,No internet service,Two year,Yes,Credit card (automatic),31.79,2243.13,No
6271-XWMYT,Male,0,No,No,4,No,No phone service,No,No internet service,No internet service,No internet service,No internet service,No internet service,No internet service,Month-to-month,Yes,Credit card (automatic),18.25,72.19,No
5987-FVCMZ,Female,1,No,Yes,14,Yes,No,DSL,No,Yes,Yes,Yes,No,No,One year,No,Credit card (automatic),77.94,1053.48,No
6787-OLNME,Male,0,No,No,27,Yes,Yes,DSL,Yes,No,Yes,Yes,No,Yes,Month-to-month,Yes,Electronic check,89.29,2298.81,Yes
4689-YCVTE,Female,0,Yes,Yes,21,Yes,No,No,No internet service,No internet service,No internet service,No internet service,No internet service,No internet service,Month-to-month,No,Credit card (automatic),28.76,611.55,No
7156-QNQVF,Female,0,No,No,22,Yes,Yes,Fiber optic,No,No,No,Yes,Yes,No,Two year,Yes,Mailed check,99.26,2086.53,No
2107-JQBLO,Female,0,Yes,Yes,68,Yes,No,Fiber optic,No,No,No,No,No,Yes,Two year,Yes,Credit card (automatic),81.71,5576.52,No
5422-SOUUO,Male,1,Yes,No,8,Yes,No,No,No internet service,No internet service,No internet service,No internet service,No internet service,No internet service,One year,Yes,Bank transfer (automatic),31.73,242.43,No
4233-LHQXU,Male,0,Yes,Yes,65,Yes,No,No,No internet service,No internet service,No internet service,No internet service,No internet service,No internet service,One year,Yes,Credit card (automatic),36.7,2443.65,No
9908-DFFBG,Female,0,No,No,58,Yes,No,Fiber optic,Yes,No,Yes,No,Yes,Yes,Two year,No,Bank transfer (automatic),109.07,6046.15,No
5367-KHJIL,Female,0,Yes,Yes,68,Yes,Yes,DSL,No,Yes,No,No,No,Yes,One year,Yes,Electronic check,79.92,5679.96,No
8999-WAIGJ,Female,0,Yes,No,2,Yes,No,No,No internet service,No internet service,No internet service,No internet service,No internet service,No internet service,Two year,Yes,Bank transfer (automatic),25.28,50.34,No
9318-NWXOC,Male,0,Yes,No,17,Yes,Yes,DSL,No,No,No,Yes,No,No,One year,Yes,Electronic check,72.98,1211.81,No
3036-UAOEQ,Male,1,No,No,69,Yes,Yes,DSL,Yes,Yes,Yes,No,No,Yes,Two year,Yes,Electronic check,97.12,6474.04,No
4806-NIUDX,Female,0,No,No,38,Yes,Yes,Fiber optic,No,Yes,No,No,No,Yes,Two year,No,Electronic check,101.23,3844.16,No
5592-MPOEI,Male,0,Yes,Yes,67,Yes,No,No,No internet service,No internet service,No internet service,No internet service,No internet service,No internet service,Two year,Yes,Electronic check,31.92,2158.25,No
8967-TFBJU,Female,0,No,No,66,Yes,No,No,No internet service,No internet service,No internet service,No internet service,No internet service,No internet service,One year,Yes,Credit card (automatic),35.77,2254.5,No
2643-IWYFA,Male,0,Yes,No,19,Yes,No,No,No internet service,No internet service,No internet service,No internet service,No internet service,No internet service,Month-to-month,No,Electronic check,28.3,560.96,No
1264-JKXBX,Male,0,No,No,9,No,No phone service,DSL,No,No,Yes,No,No,No,Month-to-month,Yes,Mailed check,49.09,437.04,Yes
7579-FXCOZ,Male,0,No,No,61,Yes,Yes,Fiber optic,No,Yes,No,Yes,No,No,One year,Yes,Bank transfer (automatic),99.29,6231.33,No
8057-SZZPI,Male,0,No,No,1,Yes,Yes,DSL,No,Yes,Yes,No,No,Yes,Month-to-month,No,Electronic check,85.71,84.49,Yes
4608-AGFCE,Female,0,Yes,No,66,Yes,Yes,No,No internet service,No internet service,No internet service,No internet service,No internet service,No internet service,Month-to-month,Yes,Electronic check,39.69,2596.56,No
1935-FMCMU,Female,1,No,No,71,No,No phone service,Fiber optic,Yes,No,No,Yes,No,Yes,Two year,Yes,Credit card (automatic),89.14,6050.32,No
4521-MQFKV,Male,0,No,No,69,Yes,No,No,No internet service,No internet service,No internet service,No internet service,No internet service,No internet service,One year,No,Electronic check,26.24,1787.65,No
3246-WXHXN,Female,0,No,No,16,Yes,Yes,DSL,No,Yes,No,Yes,Yes,Yes,Two year,No,Electronic check,102.85,1607.07,No
1738-MUKVL,Male,0,No,No,13,Yes,No,No,No internet service,No internet service,No internet service,No internet service,No internet service,No internet service,One year,No,Credit card (automatic),32.84,439.06,No
5891-DLHMD,Female,0,Yes,No,15,Yes,No,DSL,No,Yes,Yes,No,Yes,Yes,Month-to-month,No,Bank transfer (automatic),84.91,1237.33,No
6263-BLIDR,Male,0,No,Yes,67,Yes,Yes,DSL,No,No,No,Yes,No,No,Month-to-month,No,Credit card (automatic),76.74,5380.04,No
1394-IXJXL,Female,1,Yes,No,6,Yes,No,DSL,No,Yes,No,Yes,No,Yes,Month-to-month,Yes,Electronic check,76.6,470.14,No
2960-DVZXT,Female,0,No,No,12,Yes,No,Fiber optic,Yes,Yes,No,No,Yes,No,One year,No,Electronic check,104.9,1267.98,Yes
1560-QMVZA,Female,0,Yes,Yes,1,Yes,Yes,Fiber optic,No,No,No,No,No,No,Month-to-month,Yes,Mailed check,87.77,87.2,Yes
4836-IZIXN,Female,0,No,No,17,Yes,Yes,Fiber optic,No,No,Yes,Yes,Yes,No,Two year,No,Bank transfer (automatic),105.16,1813.66,No
7789-OUYGI,Female,0,Yes,Yes,42,Yes,No,Fiber optic,No,No,No,No,No,Yes,Month-to-month,No,Electronic check,81.73,3590.02,No
6351-YLZSO,Female,0,Yes,Yes,65,Yes,Yes,DSL,No,Yes,No,Yes,Yes,Yes,Two year,Yes,Electronic check,97.84,6668.87,No
2301-VLHEZ,Female,1,Yes,No,39,Yes,Yes,Fiber optic,No,No,No,Yes,No,No,One year,Yes,Credit card (automatic),92.16,3425.61,No
5264-BYJCX,Female,0,Yes,No,67,Yes,No,Fiber optic,Yes,Yes,Yes,No,No,Yes,Two year,Yes,Mailed check,105.42,7085.16,No
7060-YRKUH,Female,0,No,Yes,5,Yes,No,No,No internet service,No internet service,No internet service,No internet service,No internet service,No internet service,Month-to-month,Yes,Bank transfer (automatic),27.55,137.58,Yes
3855-BSQUP,Male,0,No,No,52,Yes,No,DSL,No,No,No,No,Yes,Yes,One year,Yes,Mailed check,77.53,4172.29,No
4976-AZBWW,Female,0,No,No,66,Yes,No,DSL,Yes,Yes,No,No,No,Yes,Two year,No,Electronic check,78.24,5354.93,No
2285-HATOK,Male,0,No,No,71,Yes,Yes,DSL,No,No,No,No,Yes,Yes,Two year,Yes,Credit card (automatic),91.17,6566.62,No
8843-ABGUY,Female,1,No,No,1,Yes,Yes,Fiber optic,Yes,Yes,Yes,No,Yes,No,Month-to-month,No,Mailed check,113.84,114.3,Yes
6887-IGZAX,Male,0,Yes,No,54,No,No phone service,DSL,No,No,Yes,No,No,Yes,Two year,Yes,Mailed check,65.08,3355.43,No
1612-ASGJQ,Female,1,Yes,No,1,Yes,Yes,DSL,No,Yes,Yes,No,No,No,Month-to-month,No,Bank transfer (automatic),83.04,85.81,Yes
7308-NFTNL,Male,0,Yes,Yes,16,Yes,No,No,No internet service,No internet service,No internet service,No internet service,No internet service,No internet service,Month-to-month,No,Bank transfer (automatic),28.45,437.16,No
3791-JAZOP,Male,0,No,No,28,Yes,Yes,DSL,Yes,No,Yes,No,Yes,No,Two year,Yes,Bank transfer (automatic),99.92,2869.49,No
5620-KDLBZ,Male,0,Yes,Yes,36,No,No phone service,Fiber optic,No,Yes,Yes,No,Yes,Yes,Two year,Yes,Credit card (automatic),101.12,3604.78,No
9689-BMICZ,Female,0,Yes,Yes,46,No,No phone service,Fiber optic,Yes,No,Yes,Yes,No,No,Two year,Yes,Electronic check,82.13,3792.91,Yes
2836-EXUJE,Male,1,No,No,3,Yes,No,DSL,No,No,No,No,Yes,No,Month-to-month,Yes,Electronic check,63.16,183.03,No
7109-BRJIA,Male,0,No,No,39,Yes,No,Fiber optic,Yes,No,No,Yes,Yes,Yes,One year,Yes,Mailed check,102.75,3832.81,No
4936-CYLVW,Female,0,No,Yes,1,Yes,Yes,Fiber optic,Yes,Yes,Yes,No,Yes,Yes,Month-to-month,Yes,Electronic check,118.75,123.16,Yes
9147-GQRMU,Female,0,No,No,13,Yes,No,DSL,No,No,Yes,No,No,No,One year,Yes,Electronic check,62.72,786.13,No
7345-WVVCB,Male,0,No,No,7,Yes,Yes,Fiber optic,Yes,No,Yes,No,No,Yes,Month-to-month,Yes,Electronic check,108.51,736.7,No
4747-UEGPK,Male,0,No,No,36,Yes,Yes,No,No internet service,No internet service,No internet service,No internet service,No internet service,No internet service,One year,Yes,Bank transfer (automatic),38.61,1325.06,No
1948-EHJKG,Male,0,No,Yes,6,Yes,Yes,No,No internet service,No internet service,No internet service,No internet service,No internet service,No internet service,Month-to-month,Yes,Bank transfer (automatic),45.53,268.25,Yes
5792-HPHTQ,Female,0,No,No,13,No,No phone service,Fiber optic,No,No,Yes,No,Yes,Yes,Month-to-month,No,Electronic check,84.99,1087.97,Yes
3949-GIYOE,Male,0,Yes,No,2,Yes,No,No,No internet service,No internet service,No internet service,No internet service,No internet service,No internet service,One year,Yes,Electronic check,29.92,59.29,Yes
2102-WWUWQ,Male,0,Yes,Yes,61,Yes,No,No,No internet service,No internet service,No internet service,No internet service,No internet service,No internet service,One year,Yes,Bank transfer (automatic),29.3,1798.57,No
5454-YRHMS,Male,0,Yes,Yes,1,Yes,Yes,DSL,No,No,No,Yes,No,Yes,Month-to-month,Yes,Electronic check,80.65,83.25,No
3574-ULSZC,Male,1,Yes,No,59,Yes,No,DSL,No,No,Yes,Yes,No,No,One year,No,Mailed check,70.94,4223.13,No
5360-XHNXZ,Female,0,No,Yes,63,Yes,No,No,No internet service,No internet service,No internet service,No internet service,No internet service,No internet service,Month-to-month,No,Mailed check,29.01,1861.13,No
1327-XOIIT,Male,1,Yes,Yes,71,Yes,Yes,Fiber optic,Yes,No,Yes,No,Yes,No,Two year,Yes,Electronic check,114.1,8159.02,No
9919-GKWUE,Male,0,Yes,Yes,67,Yes,No,DSL,Yes,No,No,Yes,Yes,No,One year,Yes,Electronic check,80.32,5556.79,No
5738-OVNOQ,Male,0,No,No,26,No,No phone service,DSL,Yes,Yes,No,No,No,Yes,Month-to-month,No,Electronic check,63.84,1649.64,No
8808-TMRRM,Male,0,No,No,10,Yes,Yes,DSL,No,No,No,Yes,Yes,Yes,Month-to-month,Yes,Bank transfer (automatic),96.74,950.43,No
5172-WMFNI,Male,0,No,No,69,No,No phone service,No,No internet service,No internet service,No internet service,No internet service,No internet service,No internet service,Two year,Yes,Electronic check,21.98,1528.83,No
5492-WJOWL,Female,1,No,No,15,Yes,Yes,DSL,Yes,No,Yes,No,Yes,No,One year,Yes,Bank transfer (automatic),93.41,1388.45,No
7937-DNLLU,Female,0,No,No,70,Yes,No,Fiber optic,No,Yes,No,No,Yes,Yes,Two year,No,Mailed check,101.11,7051.72,No
8086-LYTRC,Female,0,No,Yes,72,Yes,No,No,No internet service,No internet service,No internet service,No internet service,No internet service,No internet service,One year,Yes,Electronic check,26.74,1926.11,No
2974-PXEVD,Female,0,Yes,Yes,1,Yes,Yes,Fiber optic,No,No,No,No,Yes,No,Month-to-month,Yes,Electronic check,96.69,96.39,Yes
4450-CLPVW,Female,0,Yes,No,21,Yes,Yes,DSL,Yes,No,No,Yes,No,No,One year,Yes,Electronic check,78.98,1620.18,No
9699-UKWID,Male,0,Yes,No,16,Yes,Yes,Fiber optic,Yes,No,No,No,No,Yes,Two year,Yes,Credit card (automatic),104.8,1659.64,No
7140-VLUUT,Female,0,No,No,34,Yes,No,DSL,No,No,No,Yes,No,Yes,Month-to-month,Yes,Credit card (automatic),79.65,2830.91,No
7810-MRWUM,Female,0,No,No,45,Yes,No,No,No internet service,No internet service,No internet service,No internet service,No internet service,No internet service,Two year,No,Electronic check,24.99,1114.94,No
8885-XZHJL,Female,0,No,No,64,Yes,No,Fiber optic,No,No,No,No,Yes,No,Two year,No,Mailed check,84.57,5247.09,No
8668-YBZZT,Female,0,No,No,54,Yes,Yes,No,No internet service,No internet service,No internet service,No internet service,No internet service,No internet service,Two year,Yes,Bank transfer (automatic),41.24,2124.58,No
2401-JZGHQ,Male,0,Yes,Yes,67,Yes,No,Fiber optic,No,Yes,Yes,No,Yes,No,One year,Yes,Mailed check,94.82,6375.29,No
9818-IVDKQ,Female,0,No,No,68,Yes,No,Fiber optic,Yes,Yes,Yes,Yes,Yes,No,Two year,No,Bank transfer (automatic),116.71,8070.98,No
9038-GXYOJ,Female,0,No,No,63,Yes,Yes,No,No internet service,No internet service,No internet service,No internet service,No internet service,No internet service,One year,Yes,Electronic check,40.17,2533.08,No
6518-SRKVT,Female,0,Yes,Yes,13,No,No phone service,Fiber optic,No,No,No,Yes,Yes,No,One year,Yes,Credit card (automatic),80.3,1058.93,No
7717-FVRZA,Male,0,No,No,42,Yes,No,DSL,No,Yes,No,No,No,Yes,Two year,Yes,Electronic check,68.64,2840.65,No
6471-AOIFA,Male,0,Yes,No,60,Yes,No,No,No internet service,No internet service,No internet service,No internet service,No internet service,No internet service,One year,Yes,Bank transfer (automatic),26.6,1527.12,No
8361-EYMNS,Male,0,Yes,No,59,Yes,No,Fiber optic,Yes,No,Yes,Yes,Yes,No,Two year,Yes,Credit card (automatic),98.06,5739.12,No
3341-MORWM,Female,0,No,Yes,8,Yes,No,DSL,No,Yes,No,Yes,No,Yes,Month-to-month,Yes,Bank transfer (automatic),79.27,635.21,Yes
5467-VWTQL,Male,0,No,No,64,Yes,No,Fiber optic,No,Yes,No,Yes,Yes,No,One year,Yes,Bank transfer (automatic),95.11,6245.02,No
7604-AKLPA,Male,0,Yes,No,8,Yes,No,Fiber optic,No,Yes,No,No,No,No,Month-to-month,No,Credit card (automatic),84.25,702.45,No
4070-ULWGE,Female,1,No,Yes,22,Yes,Yes,Fiber optic,No,Yes,No,No,No,No,Two year,Yes,Bank transfer (automatic),85.76,1928.85,No
5677-FJBMV,Male,1,No,Yes,32,Yes,Yes,Fiber optic,Yes,No,Yes,No,No,No,Month-to-month,No,Mailed check,100.93,3260.78,No
2681-LFMUR,Female,0,No,No,11,Yes,No,DSL,No,No,No,No,Yes,No,One year,Yes,Mailed check,63.03,669.2,Yes
5195-DMKHZ,Male,0,Yes,Yes,17,Yes,No,No,No internet service,No internet service,No internet service,No internet service,No internet service,No internet service,Month-to-month,Yes,Electronic check,26.95,435.84,No
2830-KYLIW,Female,1,Yes,No,1,Yes,Yes,DSL,No,Yes,Yes,No,Yes,Yes,One year,No,Electronic check,106.7,104.41,No
8712-UIEAK,Female,0,Yes,No,3,Yes,No,Fiber optic,Yes,No,No,No,Yes,No,Month-to-month,Yes,Mailed check,85.33,247.08,No
2211-JPNMN,Female,0,No,No,5,Yes,No,DSL,No,Yes,Yes,Yes,No,Yes,Month-to-month,Yes,Mailed check,83.52,403.59,No
4410-BRABF,Female,0,Yes,No,10,Yes,No,No,No internet service,No internet service,No internet service,No internet service,No internet service,No internet service,Month-to-month,Yes,Mailed check,31.07,322.15,No
6044-VPDYM,Male,0,Yes,Yes,1,Yes,No,DSL,Yes,Yes,No,No,Yes,No,Month-to-month,Yes,Electronic check,77.51,80.66,No
4796-EZOST,Male,0,No,No,10,Yes,No,Fiber optic,No,No,No,No,Yes,Yes,Month-to-month,No,Credit card (automatic),95.1,994.19,Yes
5566-QCASR,Male,1,No,No,63,Yes,No,DSL,Yes,No,No,No,No,Yes,Two year,No,Credit card (automatic),70.58,4262.7,No
6774-XPDSO,Female,0,No,No,30,Yes,No,Fiber optic,No,No,No,Yes,No,No,Month-to-month,Yes,Electronic check,77.84,2242.77,No
5923-KGGZO,Female,0,No,Yes,48,Yes,Yes,DSL,No,Yes,Yes,No,No,Yes,Two year,No,Mailed check,85.25,3989.94,No
8571-ZXGXP,Male,0,Yes,Yes,66,Yes,No,Fiber optic,No,No,No,No,Yes,Yes,One year,Yes,Mailed check,86.63,5980.01,No
2571-ZQAEF,Female,0,Yes,Yes,3,Yes,No,Fiber optic,Yes,No,Yes,No,Yes,Yes,Month-to-month,No,Electronic check,110.2,320.37,Yes
1975-ZPKLL,Male,0,No,No,72,Yes,No,DSL,No,No,Yes,No,No,Yes,One year,No,Electronic check,70.04,5139.82,No
5158-EOYVO,Female,0,No,No,9,Yes,Yes,Fiber optic,No,Yes,No,No,Yes,No,Month-to-month,No,Credit card (automatic),101.65,889.78,Yes
4404-SJWTZ,Female,0,No,No,53,Yes,Yes,Fiber optic,Yes,No,Yes,No,No,Yes,Month-to-month,Yes,Bank transfer (automatic),109.67,5979.05,No
3605-NHGSG,Male,1,No,No,27,Yes,No,DSL,No,No,No,No,Yes,Yes,One year,Yes,Credit card (automatic),73.75,2024.52,No
6316-BGVTW,Male,0,No,No,67,Yes,Yes,Fiber optic,Yes,No,No,Yes,Yes,Yes,Month-to-month,No,Bank transfer (automatic),118.75,8001.28,No
8780-URCLF,Male,0,No,No,9,Yes,No,No,No internet service,No internet service,No internet service,No internet service,No internet service,No internet service,One year,Yes,Credit card (automatic),33.39,303.14,No
2222-KJYIF,Female,0,No,Yes,12,Yes,No,No,No internet service,No internet service,No internet service,No internet service,No internet service,No internet service,Month-to-month,Yes,Mailed check,22.62,284.5,No
7955-LPHVQ,Male,0,No,No,1,Yes,Yes,No,No internet service,No internet service,No internet service,No internet service,No internet service,No internet service,Month-to-month,No,Bank transfer (automatic),48.31,47.15,No
9372-GMKOL,Male,0,Yes,Yes,9,Yes,Yes,DSL,Yes,No,Yes,No,Yes,Yes,Month-to-month,No,Mailed check,99.39,898.37,No
8985-PGNRO,Male,1,Yes,Yes,72,Yes,Yes,DSL,Yes,No,Yes,No,Yes,Yes,One year,No,Credit card (automatic),103.37,7493.2,No
5397-WCENL,Male,1,No,No,72,Yes,Yes,No,No internet service,No internet service,No internet service,No internet service,No internet service,No internet service,One year,No,Bank transfer (automatic),44.85,3114.04,No
3715-NMMNX,Female,0,Yes,Yes,1,Yes,Yes,DSL,No,Yes,Yes,Yes,No,Yes,Month-to-month,No,Bank transfer (automatic),99.38,96.29,No
2367-BAJWU,Female,0,No,No,49,Yes,No,Fiber optic,No,No,No,No,No,No,Month-to-month,No,Electronic check,82.58,4101.9,No
7179-WYJET,Male,0,Yes,Yes,64,Yes,Yes,Fiber optic,No,Yes,Yes,No,Yes,No,Two year,Yes,Credit card (automatic),109.91,6974.39,No
2643-TMBND,Female,0,Yes,No,4,Yes,Yes,No,No internet service,No internet service,No internet service,No internet service,No internet service,No internet service,Month-to-month,Yes,Credit card (automatic),47.53,199.26,Yes
5680-ACXLC,Female,0,Yes,Yes,5,Yes,Yes,DSL,No,Yes,No,No,No,Yes,Month-to-month,Yes,Credit card (automatic),82.09,398.7,No
2131-DUHUG,Male,1,Yes,Yes,17,Yes,Yes,Fiber optic,Yes,No,Yes,No,Yes,No,Month-to-month,Yes,Mailed check,108.99,1844.59,No
1921-ZEJNC,Male,0,Yes,No,1,Yes,Yes,Fiber optic,No,Yes,No,No,Yes,No,Month-to-month,Yes,Electronic check,101.07,96.81,Yes
7482-FJAPJ,Female,0,Yes,Yes,9,Yes,No,Fiber optic,Yes,Yes,No,No,No,Yes,Month-to-month,No,Electronic check,100.81,873.12,Yes
2033-RACIH,Female,0,No,No,58,Yes,Yes,Fiber optic,No,Yes,No,No,No,No,Two year,No,Mailed check,91.83,5339.48,No
7482-LFWVM,Male,0,Yes,Yes,16,Yes,No,DSL,No,Yes,Yes,No,No,Yes,Month-to-month,Yes,Electronic check,73.82,1181.06,Yes
1758-SSZSH,Male,0,Yes,No,68,Yes,No,DSL,Yes,No,Yes,Yes,Yes,No,Month-to-month,Yes,Mailed check,90.37,6307.88,No
4122-CYJYU,Male,0,Yes,No,69,Yes,No,Fiber optic,No,Yes,No,No,No,Yes,Month-to-month,Yes,Electronic check,92.18,6192.03,Yes
4821-AYSSZ,Female,0,No,No,27,Yes,Yes,Fiber optic,No,Yes,No,No,Yes,No,One year,No,Electronic check,104.39,2696.48,No
8295-FFVMQ,Male,0,No,No,65,Yes,Yes,Fiber optic,No,Yes,Yes,No,No,Yes,One year,Yes,Credit card (automatic),108.02,6839.71,No
1725-CXARY,Male,0,No,No,11,Yes,Yes,No,No internet service,No internet service,No internet service,No internet service,No internet service,No internet service,Month-to-month,Yes,Electronic check,41.8,468.05,Yes
3814-KBUOW,Female,0,Yes,Yes,5,Yes,No,Fiber optic,Yes,No,No,No,Yes,Yes,Month-to-month,Yes,Electronic check,100.37,511.53,No
3609-YRGZK,Female,0,Yes,No,51,Yes,Yes,Fiber optic,Yes,No,Yes,Yes,No,No,Two year,Yes,Bank transfer (automatic),108.62,5467.38,No
4419-NIWPY,Male,1,No,No,15,Yes,No,No,No internet service,No internet service,No internet service,No internet service,No internet service,No internet service,One year,Yes,Credit card (automatic),32.81,490.58,No
1868-EQWZH,Male,0,No,Yes,4,Yes,Yes,Fiber optic,No,No,No,Yes,Yes,Yes,One year,Yes,Electronic check,112.48,471.78,No
6593-OBHMB,Female,0,Yes,No,28,Yes,No,Fiber optic,No,Yes,No,No,Yes,No,Month-to-month,Yes,Credit card (automatic),87.77,2551.69,No
1506-ZAHBX,Male,0,No,No,65,Yes,No,DSL,No,No,No,No,No,No,Two year,Yes,Electronic check,64.0,4189.07,No
4971-XSOIZ,Male,0,Yes,No,60,Yes,Yes,Fiber optic,No,No,Yes,No,Yes,No,Month-to-month,Yes,Credit card (automatic),109.17,6430.3,No
7659-BZMPE,Female,0,Yes,No,5,No,No phone service,DSL,No,No,Yes,No,No,Yes,Month-to-month,Yes,Credit card (automatic),53.14,275.22,No
5489-UZMML,Male,0,No,No,6,Yes,Yes,Fiber optic,Yes,No,No,Yes,No,No,Month-to-month,Yes,Bank transfer (automatic),98.62,597.5,No
1814-WGNXJ,Female,0,No,No,10,Yes,Yes,DSL,Yes,Yes,Yes,No,No,No,Month-to-month,Yes,Bank transfer (automatic),84.32,873.21,Yes
6190-MAHEK,Female,0,Yes,Yes,4,Yes,Yes,Fiber optic,No,No,No,No,No,Yes,Month-to-month,Yes,Bank transfer (automatic),97.9,398.88,Yes
5275-TKWRR,Male,0,Yes,Yes,14,Yes,Yes,Fiber optic,Yes,Yes,No,Yes,Yes,No,One year,Yes,Electronic check,118.75,1636.21,Yes
7799-TUTIG,Male,0,No,No,6,Yes,Yes,DSL,Yes,No,No,No,No,No,Month-to-month,Yes,Mailed check,78.93,486.95,Yes
2734-TEUCD,Female,1,No,No,15,No,No phone service,No,No internet service,No internet service,No internet service,No internet service,No internet service,No internet service,Month-to-month,Yes,Electronic check,18.25,272.39,Yes
2591-JJOYO,Female,0,No,Yes,8,Yes,No,Fiber optic,No,Yes,Yes,Yes,Yes,No,Month-to-month,Yes,Electronic check,108.3,838.33,Yes
6411-JMOKT,Female,0,Yes,No,16,Yes,No,DSL,Yes,Yes,Yes,No,Yes,Yes,Month-to-month,Yes,Credit card (automatic),93.85,1528.77,No
7249-WIBHH,Female,0,No,No,2,Yes,No,Fiber optic,No,No,No,Yes,Yes,No,Month-to-month,Yes,Bank transfer (automatic),96.5,194.74,No
5898-XHDZG,Male,0,Yes,Yes,12,Yes,No,Fiber optic,No,Yes,No,No,Yes,Yes,One year,No,Mailed check,102.84,1242.38,No
3374-TMQNB,Female,0,Yes,Yes,71,Yes,No,Fiber optic,No,No,No,No,Yes,No,One year,No,Mailed check,86.09,6143.08,Yes
6677-WBVFR,Male,1,Yes,No,58,Yes,Yes,Fiber optic,No,Yes,No,No,Yes,No,One year,No,Bank transfer (automatic),101.83,5869.62,No
7800-ZWKGQ,Male,1,No,No,9,Yes,Yes,DSL,No,Yes,No,No,Yes,Yes,Month-to-month,Yes,Bank transfer (automatic),99.99,938.58,Yes
8278-BDBSR,Male,0,Yes,No,59,Yes,Yes,DSL,Yes,Yes,No,Yes,Yes,No,Month-to-month,Yes,Mailed check,93.94,5812.18,No
2907-HWYLJ,Male,0,No,Yes,25,Yes,No,No,No internet service,No internet service,No internet service,No internet service,No internet service,No internet service,One year,Yes,Bank transfer (automatic),29.97,772.76,No
9830-CQBNX,Female,0,Yes,Yes,11,No,No phone service,DSL,No,Yes,No,Yes,No,No,Month-to-month,Yes,Electronic check,61.54,685.77,No
4603-LOEYP,Male,0,Yes,Yes,23,Yes,No,No,No internet service,No internet service,No internet service,No internet service,No internet service,No internet service,One year,No,Electronic check,29.27,691.39,No
8659-KTRID,Male,0,Yes,No,14,Yes,Yes,Fiber optic,No,Yes,No,No,No,Yes,Month-to-month,Yes,Electronic check,106.83,1544.14,Yes
8520-UIAMA,Male,1,Yes,No,41,Yes,No,No,No internet service,No internet service,No internet service,No internet service,No internet service,No internet service,One year,Yes,Bank transfer (automatic),20.39,813.93,No
8490-JYSNA,Female,0,Yes,Yes,3,Yes,Yes,DSL,Yes,Yes,No,Yes,No,Yes,Month-to-month,Yes,Bank transfer (automatic),94.59,280.94,No
8352-XOEHJ,Female,0,Yes,Yes,62,Yes,No,Fiber optic,No,No,No,No,Yes,Yes,Two year,Yes,Mailed check,96.92,6262.74,No
8480-LNLMU,Male,0,Yes,No,11,Yes,No,DSL,Yes,Yes,Yes,No,Yes,No,Month-to-month,No,Mailed check,81.2,872.93,No
8101-LDCSU,Male,0,Yes,Yes,5,Yes,Yes,No,No internet service,No internet service,No internet service,No internet service,No internet service,No internet service,Month-to-month,No,Electronic check,46.8,242.37,No
3897-OGPDF,Male,0,No,No,35,Yes,No,Fiber optic,No,No,No,Yes,No,No,Month-to-month,No,Mailed check,82.09,2894.09,No
3474-CEYTQ,Female,0,Yes,Yes,4,Yes,No,Fiber optic,No,No,No,Yes,Yes,Yes,Month-to-month,No,Electronic check,100.86,410.68,Yes
9761-FKVXH,Female,0,No,Yes,68,Yes,No,No,No internet service,No internet service,No internet service,No internet service,No internet service,No internet service,Two year,Yes,Mailed check,31.08,2178.66,No
1891-XRCRB,Female,0,No,No,2,Yes,Yes,DSL,Yes,No,Yes,No,No,Yes,One year,No,Electronic check,86.62,180.26,No
5384-VRQUP,Female,0,Yes,Yes,36,No,No phone service,DSL,Yes,No,Yes,No,Yes,Yes,Two year,No,Electronic check,81.26,2963.93,No
9739-ZOCRE,Male,0,No,No,1,Yes,No,Fiber optic,No,Yes,Yes,Yes,Yes,Yes,Month-to-month,Yes,Credit card (automatic),110.85,112.21,Yes
7635-UBFCA,Female,0,No,No,12,Yes,No,Fiber optic,No,Yes,Yes,Yes,Yes,Yes,Month-to-month,No,Electronic check,118.75,1457.85,Yes
9842-AJVBB,Female,0,Yes,Yes,1,Yes,Yes,Fiber optic,No,Yes,No,No,No,Yes,Month-to-month,Yes,Credit card (automatic),105.16,101.78,No
7609-WEBQS,Male,0,No,No,66,Yes,No,Fiber optic,No,Yes,Yes,Yes,Yes,Yes,One year,No,Credit card (automatic),116.29,7773.15,No
8498-BXYQX,Male,0,No,No,7,Yes,No,DSL,No,No,No,No,Yes,No,Month-to-month,Yes,Bank transfer (automatic),60.94,438.02,No
2730-IKXTL,Female,0,No,No,7,Yes,Yes,Fiber optic,Yes,No,Yes,No,Yes,No,Month-to-month,Yes,Credit card (automatic),101.15,682.18,No
7772-DOWZO,Female,0,No,No,5,Yes,Yes,DSL,No,No,No,No,No,No,Month-to-month,Yes,Bank transfer (automatic),64.17,310.9,No
7497-YTKZD,Male,0,Yes,Yes,7,Yes,Yes,DSL,No,Yes,Yes,No,No,No,Month-to-month,No,Electronic check,75.52,535.83,Yes
6894-GWNED,Female,0,Yes,Yes,3,No,No phone service,DSL,Yes,Yes,No,Yes,No,No,Month-to-month,No,Mailed check,60.16,177.6,No
1993-QEWJU,Female,0,No,No,3,Yes,No,Fiber optic,No,No,Yes,Yes,No,No,Month-to-month,No,Bank transfer (automatic),87.72,266.31,Yes
1321-KGPOY,Male,1,No,No,36,No,No phone service,Fiber optic,No,Yes,No,No,No,Yes,One year,No,Bank transfer (automatic),87.15,3126.37,No
4347-VXWMC,Male,0,No,No,69,Yes,Yes,Fiber optic,No,Yes,No,Yes,No,Yes,One year,No,Mailed check,116.79,8018.88,No
9778-XQHDB,Male,0,No,No,7,Yes,Yes,No,No internet service,No internet service,No internet service,No internet service,No internet service,No internet service,Month-to-month,Yes,Electronic check,35.26,245.5,No
1833-QLIHH,Female,0,Yes,Yes,22,Yes,Yes,Fiber optic,Yes,No,Yes,No,No,Yes,Month-to-month,Yes,Credit card (automatic),110.4,2389.89,No
4946-WTUGA,Male,0,Yes,Yes,64,Yes,No,DSL,No,No,Yes,No,No,No,Two year,No,Credit card (automatic),67.79,4302.87,No
1095-HBSIQ,Male,0,No,No,72,Yes,Yes,Fiber optic,No,Yes,Yes,No,No,No,Two year,Yes,Credit card (automatic),98.6,6769.65,No
7784-ANSYM,Male,0,No,No,65,Yes,No,No,No internet service,No internet service,No internet service,No internet service,No internet service,No internet service,One year,Yes,Mailed check,32.49,2073.1,No
1625-JOWGJ,Female,0,No,No,51,Yes,No,DSL,No,Yes,Yes,Yes,Yes,No,Two year,Yes,Mailed check,88.43,4427.11,No
1087-HMPBV,Male,0,No,No,13,No,No phone service,No,No internet service,No internet service,No internet service,No internet service,No internet service,No internet service,Month-to-month,Yes,Credit card (automatic),18.25,239.08,No
6159-TVBMD,Male,0,Yes,Yes,38,Yes,Yes,Fiber optic,No,No,Yes,No,Yes,Yes,Two year,No,Credit card (automatic),110.11,4241.65,No
9679-PELGC,Male,1,No,No,3,Yes,No,Fiber optic,Yes,No,Yes,No,Yes,Yes,Month-to-month,Yes,Bank transfer (automatic),106.4,317.22,Yes
4081-AYBXU,Female,0,No,No,5,Yes,No,Fiber optic,No,No,No,No,Yes,Yes,Month-to-month,Yes,Electronic check,99.41,477.39,Yes
2937-XOYXI,Female,0,No,No,8,Yes,Yes,DSL,No,Yes,No,Yes,Yes,No,Month-to-month,Yes,Mailed check,93.35,774.03,No
8900-FOUOE,Male,1,Yes,Yes,6,Yes,No,No,No internet service,No internet service,No internet service,No internet service,No internet service,No internet service,Month-to-month,Yes,Bank transfer (automatic),27.26,168.69,No
6037-AEEIA,Female,1,Yes,Yes,11,No,No phone service,No,No internet service,No internet service,No internet service,No internet service,No internet service,No internet service,Month-to-month,No,Electronic check,24.13,267.37,No
3683-IFASZ,Female,0,No,No,51,Yes,No,No,No internet service,No internet service,No internet service,No internet service,No internet service,No internet service,Two year,Yes,Credit card (automatic),33.7,1711.17,No
6910-BVXDI,Female,0,Yes,Yes,24,Yes,No,DSL,No,Yes,No,Yes,No,No,One year,Yes,Electronic check,68.84,1706.98,No
5143-MCLNR,Female,0,No,No,51,Yes,No,Fiber optic,No,No,No,No,Yes,No,Month-to-month,Yes,Electronic check,88.47,4639.37,Yes
6661-AJFWT,Male,0,Yes,Yes,23,Yes,Yes,Fiber optic,No,Yes,Yes,No,No,Yes,Two year,Yes,Electronic check,113.71,2643.64,No
2972-WQCAT,Male,1,Yes,No,6,Yes,No,No,No internet service,No internet service,No internet service,No internet service,No internet service,No internet service,One year,Yes,Bank transfer (automatic),28.31,167.11,Yes
5743-CASVM,Female,0,No,No,23,Yes,Yes,Fiber optic,No,No,Yes,No,Yes,No,Month-to-month,No,Mailed check,100.86,2346.25,No
1683-ZTJIP,Female,0,Yes,Yes,2,Yes,No,No,No internet service,No internet service,No internet service,No internet service,No internet service,No internet service,Month-to-month,Yes,Mailed check,31.51,60.29,No
4487-FUMSD,Female,1,No,No,71,Yes,Yes,DSL,No,No,Yes,No,Yes,No,One year,No,Mailed check,85.98,5912.87,No
7269-OXPLN,Male,0,Yes,No,15,Yes,No,Fiber optic,No,Yes,Yes,No,No,No,Two year,Yes,Electronic check,92.04,1440.13,No
4327-BYREF,Female,0,No,No,65,Yes,No,Fiber optic,Yes,Yes,No,No,Yes,Yes,Two year,No,Mailed check,112.51,7621.72,No
1793-JBKKB,Female,1,Yes,Yes,15,Yes,Yes,Fiber optic,No,Yes,No,Yes,No,No,Two year,No,Electronic check,103.62,1534.98,No
2326-DVWFF,Male,1,Yes,Yes,18,Yes,No,DSL,No,No,Yes,No,No,Yes,Month-to-month,No,Electronic check,73.68,1293.9,Yes
5867-QDIZB,Male,1,No,Yes,19,Yes,No,Fiber optic,No,No,No,No,Yes,No,Two year,Yes,Credit card (automatic),79.53,1566.07,No
4634-XKHEH,Female,0,No,Yes,64,Yes,No,Fiber optic,No,No,Yes,No,Yes,Yes,Month-to-month,No,Credit card (automatic),99.01,6546.24,No
8004-JSCHT,Female,0,Yes,No,8,Yes,No,Fiber optic,Yes,Yes,Yes,No,No,Yes,Two year,Yes,Bank transfer (automatic),103.9,871.06,No
6162-SPUJK,Male,0,No,No,28,Yes,Yes,DSL,No,No,Yes,No,No,Yes,Month-to-month,Yes,Credit card (automatic),81.82,2265.7,Yes
2922-JTPZX,Female,0,No,No,13,Yes,No,No,No internet service,No internet service,No internet service,No internet service,No internet service,No internet service,Month-to-month,No,Mailed check,33.61,448.93,Yes
7250-SUYCL,Male,1,No,No,21,Yes,Yes,No,No internet service,No internet service,No internet service,No internet service,No internet service,No internet service,One year,No,Electronic check,36.55,776.98,No
8846-WUGRB,Male,0,No,No,48,Yes,No,No,No internet service,No internet service,No internet service,No internet service,No internet service,No internet service,Two year,No,Mailed check,32.99,1519.95,No
4251-AEVGF,Female,0,Yes,Yes,44,Yes,No,Fiber optic,No,No,No,Yes,Yes,Yes,Two year,Yes,Credit card (automatic),96.45,4348.31,No
9489-NTCOA,Female,0,Yes,Yes,54,Yes,Yes,Fiber optic,No,No,No,No,No,Yes,One year,No,Electronic check,94.08,4934.01,No
3378-IPSDA,Female,0,Yes,No,4,No,No phone service,Fiber optic,No,No,Yes,No,No,No,Month-to-month,Yes,Bank transfer (automatic),69.56,271.32,No
1094-AIUOL,Female,0,No,No,46,Yes,No,No,No internet service,No internet service,No internet service,No internet service,No internet service,No internet service,One year,No,Bank transfer (automatic),25.84,1237.16,No
7218-LHBMD,Male,0,Yes,Yes,3,Yes,No,Fiber optic,Yes,No,No,No,Yes,No,Month-to-month,Yes,Electronic check,89.45,265.37,Yes
1701-TMMNK,Female,0,Yes,No,16,Yes,No,DSL,No,No,No,Yes,Yes,Yes,One year,Yes,Credit card (automatic),77.84,1286.37,No
7989-FNJZM,Male,0,Yes,Yes,55,Yes,Yes,Fiber optic,Yes,No,Yes,No,Yes,Yes,One year,No,Bank transfer (automatic),116.03,6302.41,No
9682-BONYF,Male,1,Yes,No,5,Yes,No,DSL,No,No,No,No,Yes,No,Month-to-month,Yes,Electronic check,69.22,335.96,Yes
1707-OAPZO,Male,0,No,No,62,Yes,No,Fiber optic,No,Yes,Yes,No,No,Yes,Month-to-month,Yes,Bank transfer (automatic),95.96,5768.98,No
5826-MBRJN,Male,0,No,No,34,Yes,No,Fiber optic,No,No,Yes,No,No,Yes,Two year,Yes,Credit card (automatic),91.48,3085.78,No
7490-DANQU,Male,0,No,No,1,Yes,No,Fiber optic,Yes,No,No,No,Yes,Yes,Month-to-month,Yes,Credit card (automatic),100.43,99.2,No
7783-VKNZE,Male,1,No,Yes,12,Yes,Yes,Fiber optic,Yes,No,No,No,Yes,No,Two year,No,Credit card (automatic),101.61,1191.07,No
2114-WOOAJ,Male,0,No,No,19,Yes,Yes,No,No internet service,No internet service,No internet service,No internet service,No internet service,No internet service,Month-to-month,Yes,Electronic check,42.05,787.94,No
7536-WNXBX,Male,0,No,No,25,Yes,Yes,Fiber optic,Yes,Yes,No,No,Yes,Yes,Month-to-month,Yes,Electronic check,118.75,2862.48,Yes
8968-PIWJO,Female,0,Yes,Yes,69,Yes,No,Fiber optic,No,No,No,No,No,No,Two year,Yes,Electronic check,67.34,4421.07,No
5362-JNAOB,Male,0,Yes,No,49,Yes,No,DSL,Yes,Yes,No,No,No,No,Month-to-month,No,Electronic check,74.19,3666.68,No
8366-PEHRP,Male,0,Yes,No,43,Yes,No,DSL,No,Yes,No,Yes,Yes,No,Two year,No,Bank transfer (automatic),76.18,3435.5,No
8476-ZLFBB,Female,0,Yes,Yes,34,Yes,Yes,DSL,No,Yes,No,No,No,Yes,Month-to-month,Yes,Mailed check,87.99,2922.28,Yes
4475-GSQXI,Female,0,No,Yes,70,Yes,No,DSL,No,No,Yes,No,Yes,No,One year,Yes,Electronic check,68.77,4705.08,No
5234-GNLOY,Female,1,No,No,7,Yes,Yes,Fiber optic,Yes,No,No,No,Yes,Yes,Month-to-month,No,Credit card (automatic),109.34,802.07,No
5451-XNFKU,Male,0,Yes,No,42,Yes,No,DSL,No,No,No,No,Yes,No,One year,Yes,Electronic check,66.07,2832.91,No
9834-JRXQK,Female,0,No,No,62,Yes,Yes,Fiber optic,Yes,No,No,No,Yes,No,Two year,Yes,Credit card (automatic),103.95,6736.37,No
3994-CBZRK,Male,0,No,No,71,Yes,No,DSL,No,No,No,Yes,No,No,One year,No,Electronic check,63.47,4356.49,No
7922-TKBXP,Male,0,Yes,No,17,Yes,Yes,Fiber optic,Yes,No,No,No,Yes,No,One year,No,Electronic check,103.97,1693.22,No
8807-QHQNS,Male,0,No,No,42,Yes,Yes,DSL,No,Yes,No,No,No,No,One year,Yes,Electronic check,72.08,2938.03,No
1141-VFNXQ,Female,0,No,Yes,27,Yes,No,DSL,No,No,No,Yes,No,No,One year,Yes,Mailed check,59.55,1638.94,Yes
6479-SVLDT,Male,0,No,No,48,Yes,Yes,Fiber optic,Yes,Yes,No,No,No,No,One year,No,Mailed check,99.49,4974.62,No
9616-NAZCU,Male,0,No,No,59,Yes,Yes,Fiber optic,No,No,No,Yes,Yes,No,Two year,Yes,Mailed check,110.93,6233.11,No
6243-MYCQL,Male,0,Yes,Yes,36,Yes,No,DSL,Yes,No,No,No,No,Yes,One year,Yes,Bank transfer (automatic),66.61,2407.64,No
2275-HEZVR,Female,0,Yes,Yes,7,Yes,Yes,DSL,No,No,No,No,Yes,Yes,Month-to-month,No,Electronic check,82.4,550.18,No
7352-ZHPHS,Female,0,Yes,Yes,31,Yes,Yes,DSL,No,Yes,No,No,Yes,Yes,One year,No,Electronic check,96.75,3132.02,No
5034-FCZEF,Male,0,No,No,15,Yes,No,No,No internet service,No internet service,No internet service,No internet service,No internet service,No internet service,Month-to-month,Yes,Mailed check,27.92,411.87,No
1639-JWMLA,Female,0,Yes,Yes,3,Yes,No,Fiber optic,No,Yes,No,Yes,No,No,Month-to-month,No,Electronic check,85.79,264.94,Yes
6061-VXLHX,Female,0,Yes,Yes,56,Yes,No,Fiber optic,Yes,No,Yes,No,No,Yes,Month-to-month,No,Credit card (automatic),97.24,5283.57,No
5146-XTILK,Female,0,No,Yes,7,Yes,Yes,Fiber optic,Yes,Yes,No,No,No,No,Month-to-month,No,Credit card (automatic),99.93,692.63,Yes
7327-DPSNI,Male,1,No,No,3,Yes,No,DSL,No,No,Yes,No,No,Yes,One year,No,Electronic check,67.3,205.79,Yes
8003-IDXRH,Female,1,No,No,9,Yes,No,Fiber optic,No,No,Yes,No,No,No,Month-to-month,No,Credit card (automatic),81.68,750.49,No
5310-IUKEE,Male,1,Yes,No,38,No,No phone service,No,No internet service,No internet service,No internet service,No internet service,No internet service,No internet service,One year,No,Mailed check,19.8,781.2,No
1898-ZEZKQ,Female,0,Yes,No,33,Yes,No,No,No internet service,No internet service,No internet service,No internet service,No internet service,No internet service,Month-to-month,No,Mailed check,31.35,1059.98,No
1715-LAIUC,Male,0,Yes,Yes,3,Yes,Yes,Fiber optic,No,No,No,No,No,Yes,Month-to-month,Yes,Bank transfer (automatic),99.69,294.54,No
9466-ESYOR,Male,0,No,No,68,No,No phone service,Fiber optic,No,No,Yes,Yes,No,No,Two year,Yes,Electronic check,73.95,4977.07,No
9611-FGDFN,Male,0,Yes,Yes,5,Yes,Yes,DSL,No,No,No,No,Yes,No,Month-to-month,Yes,Electronic check,74.15,375.6,No
9597-KEQGQ,Female,0,No,Yes,70,Yes,No,Fiber optic,Yes,Yes,No,No,No,Yes,Two year,No,Bank transfer (automatic),103.78,7262.74,No
7902-EKLCF,Male,1,No,No,33,Yes,No,DSL,No,Yes,No,No,No,Yes,Month-to-month,Yes,Credit card (automatic),66.02,2117.87,No
7577-JGOOI,Female,0,Yes,No,72,Yes,Yes,Fiber optic,No,No,Yes,Yes,No,Yes,Month-to-month,Yes,Bank transfer (automatic),111.66,8015.42,No
9038-QCHUE,Male,0,Yes,No,15,Yes,Yes,Fiber optic,Yes,Yes,No,Yes,No,Yes,Month-to-month,Yes,Bank transfer (automatic),115.37,1732.92,No
3386-MQAKB,Female,0,No,No,2,Yes,No,Fiber optic,No,No,Yes,Yes,No,Yes,Month-to-month,No,Credit card (automatic),90.58,182.07,Yes
2264-DLWWQ,Female,1,No,No,10,Yes,Yes,Fiber optic,No,Yes,No,No,No,No,Month-to-month,Yes,Credit card (automatic),92.42,889.12,No
1595-PLHUO,Female,0,No,No,67,Yes,Yes,Fiber optic,Yes,No,Yes,No,No,Yes,One year,No,Electronic check,108.47,7115.34,No
2369-APLJR,Female,0,Yes,No,1,Yes,Yes,DSL,No,Yes,No,Yes,No,Yes,Month-to-month,No,Electronic check,83.36,87.23,No
6293-IYYGB,Female,1,Yes,No,1,Yes,Yes,No,No internet service,No internet service,No internet service,No internet service,No internet service,No internet service,Month-to-month,Yes,Bank transfer (automatic),38.06,39.68,No
8775-XWWDT,Male,0,No,No,4,Yes,Yes,No,No internet service,No internet service,No internet service,No internet service,No internet service,No internet service,Month-to-month,No,Electronic check,42.82,166.16,Yes
9043-SWQEV,Female,0,No,No,1,Yes,No,No,No internet service,No internet service,No internet service,No internet service,No internet service,No internet service,Month-to-month,No,Mailed check,28.52,28.55,No
6157-ESIRO,Male,0,Yes,Yes,52,Yes,Yes,No,No internet service,No internet service,No internet service,No internet service,No internet service,No internet service,Two year,Yes,Electronic check,45.31,2293.48,No
8499-RVBUF,Female,0,No,No,56,Yes,Yes,No,No internet service,No internet service,No internet service,No internet service,No internet service,No internet service,Two year,Yes,Credit card (automatic),51.85,3000.46,No
2785-KKVXO,Female,0,No,Yes,66,Yes,Yes,DSL,No,No,No,No,No,Yes,One year,No,Mailed check,75.85,5042.97,No
2736-BLQRK,Male,0,Yes,Yes,72,Yes,Yes,No,No internet service,No internet service,No internet service,No internet service,No internet service,No internet service,Two year,Yes,Electronic check,39.17,2916.08,No
2076-WVCRG,Male,1,No,No,26,Yes,Yes,DSL,No,No,No,Yes,No,No,Month-to-month,Yes,Bank transfer (automatic),74.58,1919.3,No
3405-JYKEZ,Male,0,Yes,No,1,Yes,No,DSL,Yes,No,Yes,No,No,No,One year,Yes,Electronic check,67.19,66.22,No
7889-XGIOH,Female,0,No,No,50,Yes,Yes,Fiber optic,Yes,No,Yes,Yes,No,No,Month-to-month,Yes,Credit card (automatic),105.93,5266.93,No
7781-IXRXB,Female,0,No,No,6,Yes,No,Fiber optic,Yes,No,No,No,No,No,Month-to-month,Yes,Credit card (automatic),84.25,504.43,Yes
6240-ZHXRG,Female,0,Yes,Yes,12,Yes,No,Fiber optic,Yes,No,Yes,No,Yes,No,Month-to-month,Yes,Electronic check,101.39,1250.76,No
2338-ZANSW,Female,0,No,No,26,Yes,No,Fiber optic,Yes,No,Yes,No,Yes,Yes,Month-to-month,No,Electronic check,111.45,2835.32,Yes
4149-SZYNM,Female,0,No,No,51,Yes,Yes,Fiber optic,No,No,Yes,Yes,Yes,Yes,One year,Yes,Electronic check,117.54,6003.12,No
6884-PXMIY,Male,0,No,No,72,Yes,Yes,DSL,Yes,No,Yes,No,Yes,Yes,Two year,Yes,Electronic check,101.72,7616.32,No
4068-BSRWE,Male,0,Yes,No,56,Yes,Yes,Fiber optic,Yes,Yes,No,Yes,Yes,Yes,One year,No,Electronic check,118.69,6582.62,No
9673-TVEFU,Female,0,No,No,67,Yes,No,DSL,Yes,No,Yes,Yes,No,Yes,One year,No,Electronic check,88.2,6058.75,No
2621-KYSAR,Female,0,No,No,30,Yes,Yes,Fiber optic,No,No,No,No,Yes,Yes,Two year,Yes,Credit card (automatic),102.61,2963.8,No
3193-PMSHU,Female,0,No,No,7,Yes,No,DSL,No,No,No,Yes,No,Yes,Month-to-month,Yes,Credit card (automatic),73.32,492.7,No
4723-FSDSI,Male,0,No,No,24,Yes,No,Fiber optic,Yes,Yes,Yes,No,No,No,Month-to-month,Yes,Bank transfer (automatic),97.13,2286.54,Yes
8480-NYXST,Male,0,Yes,No,4,Yes,No,DSL,No,No,No,Yes,Yes,Yes,One year,Yes,Mailed check,80.99,320.53,No
1881-HWMLG,Male,0,Yes,Yes,18,Yes,Yes,Fiber optic,No,No,Yes,Yes,No,Yes,Two year,No,Mailed check,112.02,2005.53,No
7444-SXMUU,Male,0,No,No,68,Yes,Yes,No,No internet service,No internet service,No internet service,No internet service,No internet service,No internet service,One year,No,Bank transfer (automatic),42.84,2947.23,No
9354-FUCUK,Male,0,Yes,No,23,Yes,No,DSL,No,Yes,Yes,No,No,No,One year,Yes,Electronic check,67.28,1605.72,No
2220-APLHZ,Female,1,No,No,61,Yes,Yes,Fiber optic,No,No,No,No,No,Yes,Month-to-month,Yes,Bank transfer (automatic),96.9,5713.51,No
9320-EOBQD,Male,0,No,No,21,Yes,Yes,DSL,No,Yes,No,No,Yes,No,Two year,Yes,Electronic check,84.44,1687.56,No
3108-NLNYM,Female,0,Yes,Yes,64,Yes,Yes,Fiber optic,Yes,No,No,Yes,Yes,Yes,Two year,No,Bank transfer (automatic),117.88,7793.17,No
1824-ZWENB,Male,0,No,No,1,Yes,No,Fiber optic,No,Yes,Yes,No,Yes,No,Month-to-month,Yes,Mailed check,94.9,91.61,Yes
6609-QMOCT,Female,0,Yes,No,14,Yes,Yes,Fiber optic,No,No,Yes,No,Yes,Yes,One year,Yes,Bank transfer (automatic),109.61,1460.07,Yes
9663-TFRJJ,Male,0,No,No,56,Yes,Yes,DSL,Yes,Yes,No,No,Yes,No,Two year,Yes,Bank transfer (automatic),89.36,4784.04,No
2916-QZFFG,Male,0,Yes,No,17,No,No phone service,Fiber optic,No,Yes,No,No,No,Yes,Month-to-month,Yes,Electronic check,86.98,1514.41,No
1915-SMAUK,Male,0,Yes,No,8,Yes,No,Fiber optic,Yes,No,Yes,No,Yes,No,Month-to-month,Yes,Mailed check,94.97,779.54,Yes
4546-BTPPH,Female,0,Yes,No,72,Yes,No,Fiber optic,No,Yes,No,No,Yes,No,Two year,Yes,Bank transfer (automatic),96.74,6764.92,No
6286-YOUXW,Female,0,No,No,3,Yes,No,Fiber optic,Yes,No,Yes,No,No,Yes,Month-to-month,No,Electronic check,98.37,289.31,Yes
1336-TFRVE,Male,0,Yes,Yes,64,Yes,No,No,No internet service,No internet service,No internet service,No internet service,No internet service,No internet service,Two year,No,Credit card (automatic),25.82,1650.9,No
3679-BCBKQ,Male,1,Yes,Yes,72,No,No phone service,Fiber optic,Yes,No,No,Yes,No,No,Month-to-month,No,Mailed check,73.26,5148.52,No
2550-ZNIGM,Female,1,Yes,No,7,Yes,Yes,Fiber optic,No,No,No,No,Yes,Yes,Month-to-month,No,Electronic check,112.54,816.97,Yes
9277-PTQLM,Male,0,Yes,No,4,Yes,Yes,DSL,No,No,No,No,No,Yes,Month-to-month,No,Bank transfer (automatic),79.33,310.53,No
7060-WLQYS,Male,0,No,No,2,Yes,Yes,Fiber optic,Yes,No,Yes,No,No,Yes,Month-to-month,No,Bank transfer (automatic),106.77,216.81,No
7589-YKFLE,Female,0,Yes,Yes,14,Yes,No,Fiber optic,No,Yes,No,Yes,No,Yes,Month-to-month,Yes,Mailed check,93.79,1260.8,Yes
5183-SWWFL,Female,0,No,Yes,4,Yes,Yes,No,No internet service,No internet service,No internet service,No internet service,No internet service,No internet service,Month-to-month,Yes,Bank transfer (automatic),43.55,173.29,Yes
8422-DYMNG,Male,1,No,No,3,Yes,Yes,DSL,Yes,Yes,Yes,No,Yes,No,Month-to-month,Yes,Electronic check,94.49,270.65,No
9045-BNZTQ,Male,0,No,No,19,Yes,Yes,DSL,No,No,No,Yes,Yes,Yes,One year,Yes,Bank transfer (automatic),89.58,1696.18,No
8224-PNMIS,Female,0,Yes,Yes,63,Yes,Yes,Fiber optic,No,No,No,Yes,No,Yes,One year,No,Mailed check,105.56,6318.44,No
4126-QQVFO,Male,0,No,No,7,Yes,Yes,No,No internet service,No internet service,No internet service,No internet service,No internet service,No internet service,One year,Yes,Electronic check,41.83,278.79,No
2783-VHHCR,Male,0,Yes,Yes,1,Yes,Yes,Fiber optic,Yes,Yes,Yes,Yes,No,No,One year,Yes,Credit card (automatic),108.74,109.12,No
9934-RZXLS,Female,0,No,No,19,Yes,Yes,DSL,Yes,Yes,Yes,Yes,No,No,Two year,No,Credit card (automatic),91.77,1658.36,No
3516-NKDPC,Female,0,No,No,7,Yes,No,DSL,No,Yes,Yes,No,No,Yes,Month-to-month,No,Mailed check,81.52,587.96,No
6765-CPPEY,Male,0,No,No,1,No,No phone service,No,No internet service,No internet service,No internet service,No internet service,No internet service,No internet service,Month-to-month,Yes,Mailed check,18.25,17.87,No
8312-WOTMC,Female,0,No,No,39,No,No phone service,Fiber optic,No,No,Yes,Yes,No,No,One year,No,Bank transfer (automatic),80.08,3003.79,No
6431-TFFZL,Female,0,No,No,1,Yes,No,DSL,No,No,No,Yes,Yes,Yes,Month-to-month,Yes,Credit card (automatic),79.88,79.95,No
4730-BRQVI,Male,0,No,No,20,Yes,Yes,Fiber optic,No,No,No,Yes,No,No,Two year,No,Mailed check,93.46,1922.14,No
7273-WQKCM,Female,0,Yes,No,19,Yes,No,Fiber optic,No,Yes,No,No,Yes,Yes,Month-to-month,No,Credit card (automatic),100.49,1983.82,Yes
6910-QDUUU,Male,0,Yes,Yes,70,Yes,Yes,Fiber optic,No,No,Yes,Yes,Yes,Yes,Two year,Yes,Electronic check,118.75,8543.26,No
3810-MLRUJ,Male,0,Yes,No,66,Yes,Yes,No,No internet service,No internet service,No internet service,No internet service,No internet service,No internet service,One year,No,Electronic check,38.72,2575.8,No
9549-RTWBA,Female,1,Yes,Yes,69,Yes,Yes,DSL,Yes,Yes,Yes,No,Yes,No,Two year,No,Credit card (automatic),99.42,7153.6,No
2976-QYFXB,Male,1,No,No,66,Yes,Yes,No,No internet service,No internet service,No internet service,No internet service,No internet service,No internet service,One year,Yes,Bank transfer (automatic),40.24,2642.13,No
7910-FPAXX,Male,1,No,No,70,Yes,No,No,No internet service,No internet service,No internet service,No internet service,No internet service,No internet service,Two year,No,Bank transfer (automatic),33.16,2363.77,No
7276-ZFSMO,Male,0,Yes,No,19,Yes,No,DSL,No,No,No,No,No,No,One year,No,Bank transfer (automatic),55.84,1032.8,No
3748-SYMRU,Male,1,No,No,38,Yes,No,DSL,No,Yes,No,Yes,Yes,Yes,Two year,No,Electronic check,89.6,3375.4,No
4068-EXRMF,Female,0,Yes,Yes,47,Yes,Yes,Fiber optic,No,No,Yes,No,No,Yes,One year,Yes,Credit card (automatic),101.0,4709.64,No
2256-TJRTF,Female,1,No,Yes,3,Yes,No,DSL,No,No,No,No,Yes,Yes,Month-to-month,Yes,Electronic check,71.8,205.15,Yes
9060-DRLLF,Female,0,No,No,38,Yes,Yes,Fiber optic,Yes,Yes,No,Yes,No,No,Month-to-month,Yes,Electronic check,103.62,3837.12,No
2589-IQGPV,Male,1,No,Yes,7,Yes,No,Fiber optic,No,No,No,Yes,Yes,Yes,Month-to-month,No,Bank transfer (automatic),99.37,689.51,No
2884-PORIR,Male,0,No,No,5,Yes,No,Fiber optic,Yes,Yes,No,Yes,No,No,Month-to-month,Yes,Electronic check,96.49,478.79,Yes
7297-EGFHZ,Male,0,Yes,No,18,Yes,No,No,No internet service,No internet service,No internet service,No internet service,No internet service,No internet service,Month-to-month,No,Credit card (automatic),29.94,561.32,Yes
3311-TLRVL,Male,0,No,No,24,Yes,Yes,No,No internet service,No internet service,No internet service,No internet service,No internet service,No internet service,Month-to-month,Yes,Bank transfer (automatic),46.52,1153.91,No
4744-RKIQB,Male,0,Yes,Yes,2,Yes,No,DSL,No,No,No,Yes,Yes,Yes,Month-to-month,No,Bank transfer (automatic),75.91,151.74,No
2799-XECXU,Female,0,Yes,Yes,68,Yes,No,Fiber optic,No,Yes,No,Yes,No,Yes,One year,Yes,Mailed check,98.62,6829.36,No
4137-CNLZM,Female,0,No,No,1,Yes,No,Fiber optic,No,No,No,No,No,Yes,Month-to-month,No,Mailed check,81.21,80.01,Yes
2727-HVJLX,Female,0,Yes,Yes,31,Yes,Yes,Fiber optic,No,No,Yes,No,No,No,Month-to-month,Yes,Mailed check,92.43,2778.54,Yes
7687-USRUZ,Male,0,No,No,2,Yes,No,Fiber optic,No,No,No,No,Yes,No,Month-to-month,No,Bank transfer (automatic),83.67,161.94,No
6454-BHHAC,Female,0,No,No,71,Yes,Yes,No,No internet service,No internet service,No internet service,No internet service,No internet service,No internet service,Two year,Yes,Electronic check,44.37,3013.3,No
4037-KJLSL,Male,0,Yes,No,22,Yes,No,Fiber optic,Yes,No,No,Yes,No,No,One year,No,Mailed check,82.93,1819.93,No
7869-VVVKT,Male,0,No,No,17,Yes,No,Fiber optic,Yes,No,No,Yes,Yes,No,Month-to-month,Yes,Credit card (automatic),98.57,1724.84,No
4155-SPMZC,Female,0,Yes,Yes,49,Yes,No,No,No internet service,No internet service,No internet service,No internet service,No internet service,No internet service,One year,No,Electronic check,29.67,1401.8,No
1961-ILIAT,Female,0,No,No,1,Yes,Yes,Fiber optic,Yes,Yes,Yes,Yes,No,Yes,Month-to-month,Yes,Mailed check,118.75,121.39,Yes
3488-GBUXL,Male,0,No,No,9,Yes,No,DSL,No,No,No,No,Yes,No,Month-to-month,No,Electronic check,62.85,564.91,Yes
4044-DSQWV,Male,0,Yes,No,1,Yes,Yes,DSL,No,Yes,No,No,No,Yes,Month-to-month,Yes,Mailed check,79.6,78.14,No
7147-YIWXF,Male,0,Yes,Yes,24,Yes,No,DSL,Yes,No,No,Yes,No,Yes,Two year,Yes,Electronic check,72.98,1795.54,No
1207-IUWEP,Female,0,Yes,Yes,15,Yes,Yes,DSL,No,Yes,No,Yes,Yes,Yes,Month-to-month,Yes,Mailed check,99.2,1484.13,No
9040-SBXKP,Male,0,No,Yes,44,Yes,No,Fiber optic,No,No,No,No,Yes,Yes,One year,No,Mailed check,92.05,4058.79,No
2022-YUJJB,Female,0,Yes,Yes,11,No,No phone service,DSL,No,Yes,No,No,Yes,Yes,Month-to-month,No,Credit card (automatic),74.62,795.16,No
2827-WBKKB,Male,1,Yes,No,45,Yes,Yes,DSL,No,Yes,No,No,Yes,No,Month-to-month,Yes,Electronic check,87.47,4021.13,No
8101-WLIBD,Male,0,No,No,68,Yes,No,DSL,No,Yes,Yes,No,Yes,No,One year,No,Electronic check,77.62,5491.7,No
8538-ROWMP,Male,0,No,No,57,No,No phone service,Fiber optic,Yes,No,No,No,No,No,One year,Yes,Electronic check,74.67,4072.38,No
4321-COHLO,Male,0,No,No,65,Yes,Yes,DSL,No,Yes,No,No,No,Yes,One year,No,Electronic check,77.75,4950.07,No
7344-ROHKB,Male,0,No,No,3,Yes,No,Fiber optic,No,Yes,No,No,No,No,Month-to-month,Yes,Credit card (automatic),74.93,216.46,Yes
3436-DWNAR,Female,0,No,No,8,Yes,No,No,No internet service,No internet service,No internet service,No internet service,No internet service,No internet service,Month-to-month,Yes,Bank transfer (automatic),28.28,215.81,No
9029-OIMWO,Female,0,No,No,11,Yes,No,DSL,No,Yes,No,No,Yes,Yes,Month-to-month,No,Electronic check,87.94,927.5,Yes
9269-DULQZ,Female,0,Yes,No,12,Yes,No,DSL,Yes,No,Yes,Yes,No,Yes,One year,Yes,Electronic check,80.64,952.99,No
7417-NLEZX,Female,0,No,No,65,No,No phone service,DSL,No,Yes,Yes,No,No,No,One year,Yes,Electronic check,59.19,3866.58,No
4070-YGWYO,Female,0,Yes,No,63,Yes,No,DSL,Yes,No,No,No,Yes,Yes,One year,Yes,Electronic check,84.17,5059.46,No
8213-BIMIZ,Female,0,Yes,No,64,Yes,No,DSL,No,No,Yes,No,No,Yes,One year,Yes,Electronic check,67.63,4252.91,No
1261-DZWUF,Female,1,No,No,57,No,No phone service,DSL,Yes,No,No,No,Yes,Yes,Month-to-month,Yes,Electronic check,76.15,4369.46,No
8410-WSCVJ,Male,0,Yes,Yes,59,Yes,Yes,Fiber optic,Yes,Yes,Yes,No,No,No,One year,Yes,Mailed check,104.38,6181.97,No
9550-ZHNXE,Male,0,No,No,10,Yes,No,Fiber optic,No,No,No,Yes,Yes,Yes,One year,Yes,Electronic check,105.13,1099.31,No
5813-TKYQV,Male,1,Yes,No,22,Yes,No,Fiber optic,No,No,Yes,No,No,No,One year,No,Electronic check,80.8,1833.2,Yes
2950-QLKIO,Male,0,Yes,Yes,7,Yes,No,No,No internet service,No internet service,No internet service,No internet service,No internet service,No internet service,Month-to-month,No,Bank transfer (automatic),33.91,248.22,No
3747-RURJO,Male,0,No,No,7,Yes,Yes,Fiber optic,No,No,Yes,No,No,Yes,Month-to-month,Yes,Bank transfer (automatic),104.59,721.78,Yes
4863-MOUDQ,Female,0,No,No,70,Yes,Yes,No,No internet service,No internet service,No internet service,No internet service,No internet service,No internet service,Two year,No,Credit card (automatic),40.78,2856.61,No
2027-JNBGU,Male,0,No,No,57,Yes,No,Fiber optic,No,Yes,Yes,No,No,No,Two year,Yes,Mailed check,90.71,5241.03,No
1383-AXPHT,Male,0,No,No,33,Yes,No,Fiber optic,Yes,Yes,No,Yes,No,No,Month-to-month,No,Mailed check,99.79,3402.34,No
5610-PBJUB,Female,0,Yes,No,39,Yes,Yes,Fiber optic,No,No,Yes,No,Yes,Yes,One year,Yes,Bank transfer (automatic),110.98,4125.61,No
2609-PFGEO,Male,0,No,No,41,Yes,Yes,Fiber optic,Yes,No,No,No,Yes,No,Two year,Yes,Bank transfer (automatic),103.79,4284.57,No
2525-ZSZQR,Male,0,Yes,Yes,72,Yes,No,Fiber optic,Yes,Yes,No,Yes,No,Yes,Month-to-month,No,Mailed check,102.74,7427.45,No
8110-UNBQV,Male,0,No,No,7,Yes,Yes,Fiber optic,Yes,No,Yes,No,Yes,Yes,Month-to-month,Yes,Credit card (automatic),118.75,810.44,No
7978-YBKXB,Male,0,Yes,No,9,Yes,No,Fiber optic,Yes,No,No,Yes,No,Yes,Month-to-month,Yes,Mailed check,97.05,838.75,No
5775-ICXLS,Male,0,No,No,16,Yes,No,Fiber optic,No,Yes,No,Yes,No,No,Month-to-month,No,Electronic check,91.34,1444.52,Yes
2573-CTRVH,Female,0,No,No,72,Yes,No,Fiber optic,Yes,No,No,Yes,No,Yes,One year,No,Bank transfer (automatic),100.16,7419.58,No
1032-KWBZI,Female,0,Yes,No,21,Yes,No,DSL,No,Yes,Yes,Yes,No,No,One year,No,Mailed check,71.8,1534.04,No
9501-TIDZA,Male,0,No,No,12,Yes,No,DSL,No,No,Yes,No,Yes,No,One year,Yes,Bank transfer (automatic),67.49,781.3,No
8858-MRZIM,Male,0,Yes,Yes,68,Yes,Yes,No,No internet service,No internet service,No internet service,No internet service,No internet service,No internet service,Two year,Yes,Mailed check,39.44,2658.72,No
5667-ZABCB,Male,1,Yes,No,40,Yes,No,No,No internet service,No internet service,No internet service,No internet service,No internet service,No internet service,One year,Yes,Bank transfer (automatic),33.13,1283.13,No
9518-WCJOL,Female,0,No,No,70,Yes,No,DSL,Yes,Yes,No,No,Yes,Yes,Two year,Yes,Mailed check,90.8,6098.1,No
3495-RPQMG,Male,0,Yes,Yes,69,Yes,Yes,DSL,No,Yes,Yes,Yes,No,No,One year,No,Mailed check,89.35,5982.09,No
2647-PPVWY,Male,1,Yes,No,72,Yes,Yes,No,No internet service,No internet service,No internet service,No internet service,No internet service,No internet service,Month-to-month,No,Electronic check,40.73,3000.31,No
3967-ZBOCD,Female,0,No,No,54,Yes,No,Fiber optic,Yes,Yes,No,Yes,No,No,One year,No,Electronic check,99.81,5450.84,No
7611-GGQDD,Male,1,No,No,29,No,No phone service,DSL,No,Yes,Yes,Yes,Yes,No,Two year,No,Electronic check,74.35,2076.62,No
8967-SMNPW,Male,0,Yes,Yes,64,Yes,Yes,DSL,No,Yes,Yes,No,No,No,Two year,No,Mailed check,75.1,4925.41,No
3710-KEQTT,Male,0,No,No,59,Yes,No,Fiber optic,No,No,Yes,Yes,Yes,No,One year,Yes,Mailed check,100.24,5970.84,No
5324-FHNEG,Female,0,No,No,15,Yes,Yes,DSL,No,No,No,No,Yes,No,Month-to-month,No,Electronic check,75.5,1161.44,No
1068-DIWMP,Female,0,No,No,5,Yes,Yes,Fiber optic,No,No,No,No,No,Yes,Month-to-month,No,Mailed check,100.18,485.89,Yes
2632-RJZFO,Female,0,No,No,9,Yes,No,Fiber optic,No,No,Yes,No,No,No,Month-to-month,Yes,Credit card (automatic),84.58,736.22,Yes
6939-ZUGXF,Male,1,No,Yes,18,Yes,Yes,Fiber optic,No,Yes,No,No,Yes,Yes,Month-to-month,No,Mailed check,112.54,2019.76,Yes
6924-ATPGM,Female,0,No,No,71,Yes,No,DSL,Yes,No,Yes,Yes,No,Yes,Two year,Yes,Electronic check,77.98,5289.14,No
3733-VDZFH,Female,0,Yes,No,49,Yes,No,No,No internet service,No internet service,No internet service,No internet service,No internet service,No internet service,Two year,Yes,Mailed check,27.02,1350.12,No
5114-SCFJT,Female,0,Yes,No,38,Yes,Yes,DSL,No,Yes,Yes,No,Yes,No,Month-to-month,Yes,Credit card (automatic),97.19,3733.33,No
8085-ILOMX,Male,0,No,No,59,Yes,No,Fiber optic,Yes,No,No,Yes,No,Yes,Two year,Yes,Credit card (automatic),99.44,5696.85,No
7124-AKGRU,Female,0,No,No,11,Yes,No,DSL,No,Yes,No,No,No,No,Month-to-month,Yes,Credit card (automatic),66.15,750.43,No
9572-BXUEX,Male,0,No,No,64,Yes,Yes,DSL,No,No,No,Yes,Yes,No,One year,No,Mailed check,81.35,5257.7,Yes
1682-MREJJ,Male,0,Yes,No,68,Yes,Yes,Fiber optic,Yes,No,No,Yes,Yes,No,Two year,Yes,Mailed check,110.47,7262.03,No
6690-NTOWT,Female,0,No,No,5,Yes,No,DSL,Yes,No,No,No,No,Yes,Month-to-month,No,Electronic check,70.33,350.53,Yes
1381-TWEQW,Male,0,No,No,31,Yes,Yes,Fiber optic,No,No,Yes,No,No,Yes,Month-to-month,No,Electronic check,104.42,3267.9,Yes
8586-SJNJO,Female,1,No,No,20,Yes,No,DSL,Yes,Yes,No,Yes,Yes,No,One year,Yes,Credit card (automatic),83.55,1690.15,No
3226-KTYRZ,Male,0,No,No,65,Yes,Yes,Fiber optic,Yes,No,Yes,Yes,Yes,No,Two year,No,Bank transfer (automatic),115.75,7332.18,No
8539-JACFD,Female,0,No,No,12,Yes,No,DSL,Yes,No,Yes,No,No,No,Two year,No,Credit card (automatic),68.91,813.38,No
8360-TZFHC,Female,0,Yes,Yes,13,Yes,Yes,No,No internet service,No internet service,No internet service,No internet service,No internet service,No internet service,Month-to-month,Yes,Electronic check,45.91,572.7,No
5679-YLYTW,Female,0,No,Yes,61,Yes,Yes,Fiber optic,Yes,No,No,No,Yes,Yes,Two year,Yes,Electronic check,112.49,6755.74,No
9926-NRFMG,Male,0,No,No,51,Yes,Yes,Fiber optic,No,Yes,No,No,No,Yes,Two year,Yes,Electronic check,105.46,5303.02,No
8202-ZPMNW,Male,1,Yes,Yes,27,Yes,Yes,Fiber optic,Yes,No,No,No,Yes,Yes,Month-to-month,Yes,Mailed check,116.49,3115.0,No
6452-GEYOZ,Female,0,Yes,No,64,Yes,Yes,Fiber optic,No,No,No,Yes,No,No,Two year,No,Mailed check,91.32,5603.38,No
3880-SRUZW,Male,0,No,No,11,Yes,No,DSL,Yes,Yes,No,Yes,Yes,No,Month-to-month,No,Credit card (automatic),83.99,950.73,No
7395-UIRJF,Female,0,No,No,69,Yes,No,No,No internet service,No internet service,No internet service,No internet service,No internet service,No internet service,Two year,No,Electronic check,29.7,2042.37,No
8974-UKUIE,Female,0,Yes,No,66,Yes,Yes,Fiber optic,Yes,No,No,No,Yes,No,One year,No,Mailed check,110.76,7299.08,No
6368-YEEAZ,Male,0,Yes,No,3,Yes,Yes,No,No internet service,No internet service,No internet service,No internet service,No internet service,No internet service,Month-to-month,No,Bank transfer (automatic),37.88,109.73,Yes
4367-UUVRU,Male,1,Yes,No,56,Yes,No,Fiber optic,No,No,No,No,Yes,No,Two year,Yes,Bank transfer (automatic),82.36,4827.64,No
3154-PRKFB,Male,0,Yes,No,1,Yes,No,DSL,Yes,No,Yes,Yes,No,Yes,Month-to-month,No,Credit card (automatic),86.02,83.47,Yes
2231-OWJXL,Female,0,No,No,59,Yes,No,Fiber optic,Yes,Yes,Yes,No,Yes,No,Two year,Yes,Credit card (automatic),97.2,5545.96,No
4316-PGBYR,Male,0,No,No,71,Yes,No,Fiber optic,Yes,Yes,Yes,Yes,Yes,Yes,Month-to-month,Yes,Electronic check,118.75,8738.5,No
9671-FSQBD,Male,0,No,No,71,No,No phone service,DSL,Yes,No,No,Yes,No,No,Two year,Yes,Mailed check,54.85,4050.6,No
9459-ZJHEN,Male,0,No,No,4,Yes,No,Fiber optic,Yes,Yes,No,No,No,No,Month-to-month,Yes,Bank transfer (automatic),87.6,339.18,Yes
9116-UCBKE,Female,0,Yes,Yes,32,Yes,Yes,Fiber optic,No,Yes,No,Yes,No,No,Month-to-month,No,Mailed check,102.71,3383.63,No
1204-JPQQK,Male,0,Yes,Yes,57,Yes,No,DSL,No,Yes,No,No,No,Yes,Two year,No,Mailed check,76.12,4138.42,No
3886-IAPPB,Male,1,Yes,No,1,Yes,No,DSL,Yes,No,No,No,Yes,Yes,Month-to-month,Yes,Electronic check,76.86,76.43,Yes
4510-IOOPU,Female,0,Yes,No,7,Yes,Yes,Fiber optic,Yes,Yes,Yes,No,Yes,Yes,Month-to-month,No,Electronic check,118.75,791.71,Yes
1027-RYXTN,Female,0,Yes,Yes,64,No,No phone service,DSL,No,Yes,Yes,No,Yes,Yes,Two year,Yes,Bank transfer (automatic),76.36,4802.44,No
7284-TNCXL,Female,0,No,No,1,Yes,Yes,No,No internet service,No internet service,No internet service,No internet service,No internet service,No internet service,Month-to-month,Yes,Credit card (automatic),40.2,41.92,No
5625-PEYSA,Male,0,No,No,53,No,No phone service,DSL,No,Yes,Yes,No,No,No,One year,Yes,Credit card (automatic),55.96,2965.85,No
7782-NNION,Male,1,No,No,5,Yes,No,No,No internet service,No internet service,No internet service,No internet service,No internet service,No internet service,One year,No,Credit card (automatic),34.21,163.63,No
5277-UHUMU,Female,0,No,No,3,Yes,Yes,No,No internet service,No internet service,No internet service,No internet service,No internet service,No internet service,One year,Yes,Credit card (automatic),36.81,110.01,No
4250-EWSMM,Male,0,No,No,39,Yes,No,No,No internet service,No internet service,No internet service,No internet service,No internet service,No internet service,Month-to-month,Yes,Electronic check,25.51,954.45,No
7826-FOYUB,Female,0,No,No,65,Yes,No,DSL,Yes,No,Yes,Yes,Yes,Yes,Month-to-month,No,Mailed check,94.69,6426.02,No
2243-RNUGX,Female,0,Yes,Yes,11,Yes,Yes,DSL,Yes,No,Yes,No,No,Yes,Month-to-month,Yes,Electronic check,90.03,943.47,No
4943-BPMZI,Male,0,No,No,53,Yes,Yes,DSL,Yes,Yes,Yes,Yes,Yes,No,Two year,Yes,Mailed check,109.86,5863.03,No
7157-NUEOO,Female,0,Yes,Yes,3,Yes,Yes,No,No internet service,No internet service,No internet service,No internet service,No internet service,No internet service,One year,No,Electronic check,42.63,122.54,No
1539-BNTHE,Female,0,Yes,No,44,Yes,Yes,No,No internet service,No internet service,No internet service,No internet service,No internet service,No internet service,Month-to-month,No,Bank transfer (automatic),43.74,1892.98,No
2499-SSFDZ,Male,1,Yes,Yes,15,Yes,Yes,DSL,No,No,No,No,Yes,No,Month-to-month,Yes,Mailed check,78.7,1207.1,No
6845-QLKFD,Female,0,No,No,1,Yes,Yes,DSL,Yes,No,No,Yes,No,No,One year,Yes,Credit card (automatic),72.87,73.67,No
4481-CBNLT,Male,1,No,No,70,No,No phone service,Fiber optic,Yes,No,Yes,Yes,Yes,Yes,Two year,No,Electronic check,100.82,6925.0,No
6053-EGDWN,Male,0,No,No,72,Yes,Yes,DSL,No,Yes,No,No,No,Yes,Two year,No,Mailed check,84.97,5861.54,No
2505-WNPEK,Male,1,No,No,65,Yes,Yes,Fiber optic,No,No,No,No,No,Yes,Month-to-month,Yes,Electronic check,95.07,6442.92,No
1398-WDIWE,Female,0,No,No,58,Yes,Yes,No,No internet service,No internet service,No internet service,No internet service,No internet service,No internet service,One year,Yes,Mailed check,38.14,2234.54,No
7492-CXCOF,Female,0,No,Yes,26,Yes,Yes,Fiber optic,No,No,No,No,Yes,No,One year,Yes,Electronic check,98.48,2663.61,No
1696-AXBPV,Male,1,No,Yes,38,Yes,Yes,Fiber optic,Yes,Yes,No,No,No,No,Two year,Yes,Credit card (automatic),109.81,4267.38,No
6306-BKQEO,Male,0,No,No,62,Yes,No,DSL,Yes,Yes,No,No,Yes,No,One year,Yes,Credit card (automatic),77.53,4758.78,No
1294-BRYEW,Female,0,Yes,Yes,21,Yes,Yes,DSL,No,Yes,No,No,Yes,Yes,Month-to-month,Yes,Mailed check,93.93,2053.85,No
2490-VIBXH,Male,0,Yes,No,1,Yes,No,Fiber optic,No,Yes,Yes,No,No,Yes,Month-to-month,No,Mailed check,93.67,89.81,Yes
7349-CSVAM,Female,0,No,No,28,No,No phone service,No,No internet service,No internet service,No internet service,No internet service,No internet service,No internet service,Two year,Yes,Mailed check,19.56,530.96,No
3340-XEQHB,Male,1,Yes,Yes,64,No,No phone service,Fiber optic,No,No,Yes,Yes,No,No,Month-to-month,Yes,Mailed check,76.28,4960.89,No
1117-LVFRX,Male,0,No,No,68,Yes,No,DSL,No,Yes,No,Yes,No,Yes,One year,Yes,Mailed check,76.24,5412.24,No
4746-GFAYS,Male,0,No,No,6,Yes,Yes,DSL,No,Yes,Yes,No,No,No,Two year,No,Mailed check,77.21,478.53,No
7901-DZAVO,Female,0,No,No,71,No,No phone service,Fiber optic,Yes,Yes,No,Yes,No,Yes,Month-to-month,No,Credit card (automatic),92.08,6435.46,No
7190-YMAXR,Male,0,Yes,Yes,4,Yes,Yes,DSL,No,No,Yes,No,No,No,Month-to-month,No,Mailed check,77.73,298.2,No
6536-CFDPL,Female,0,No,No,62,No,No phone service,DSL,No,No,No,No,No,Yes,One year,No,Bank transfer (automatic),53.9,3312.22,No
1902-WYVVD,Male,0,No,No,6,Yes,No,DSL,No,No,Yes,No,No,No,Month-to-month,No,Bank transfer (automatic),63.44,392.71,Yes
1001-MCVIQ,Male,0,No,No,43,Yes,Yes,Fiber optic,Yes,Yes,No,Yes,No,Yes,Two year,Yes,Credit card (automatic),118.75,5251.99,No
7874-KGOFJ,Male,0,No,No,3,Yes,No,Fiber optic,No,No,No,No,Yes,No,Month-to-month,No,Electronic check,83.6,239.42,Yes
9478-YJHFC,Female,0,No,No,15,Yes,Yes,DSL,No,Yes,Yes,Yes,Yes,Yes,Two year,No,Electronic check,104.68,1559.34,No
6244-WAAUH,Female,0,No,No,63,No,No phone service,DSL,No,Yes,No,No,Yes,Yes,Two year,Yes,Bank transfer (automatic),71.66,4472.31,No
7420-DJJCI,Male,0,Yes,Yes,68,Yes,Yes,Fiber optic,No,Yes,No,Yes,No,Yes,Two year,Yes,Mailed check,112.48,7481.13,No
9511-GDKAV,Male,0,No,No,4,Yes,Yes,Fiber optic,Yes,No,No,Yes,No,No,Month-to-month,Yes,Bank transfer (automatic),105.43,404.95,No
1291-FGQZW,Male,1,Yes,No,49,Yes,No,Fiber optic,No,No,Yes,No,No,No,Two year,Yes,Mailed check,81.32,3996.83,No
6910-NRSHW,Female,0,Yes,No,64,Yes,No,DSL,No,No,Yes,No,Yes,No,Two year,No,Bank transfer (automatic),65.98,4218.11,No
5711-QBNTX,Male,1,Yes,Yes,27,Yes,No,No,No internet service,No internet service,No internet service,No internet service,No internet service,No internet service,Month-to-month,Yes,Credit card (automatic),30.06,819.96,No
1348-DECZC,Female,0,No,No,13,Yes,No,Fiber optic,Yes,Yes,No,Yes,No,No,Month-to-month,Yes,Mailed check,93.81,1231.8,Yes
9557-OPKAP,Female,0,Yes,No,16,Yes,No,Fiber optic,No,Yes,Yes,No,No,No,One year,No,Electronic check,90.05,1399.47,Yes
8972-TAZDZ,Male,0,Yes,Yes,71,Yes,No,No,No internet service,No internet service,No internet service,No internet service,No internet service,No internet service,Two year,No,Electronic check,25.45,1833.07,No
3646-KXMJA,Male,0,No,No,6,Yes,Yes,No,No internet service,No internet service,No internet service,No internet service,No internet service,No internet service,Month-to-month,No,Electronic check,38.26,233.33,Yes
7573-CKEDQ,Female,0,No,No,14,Yes,Yes,No,No internet service,No internet service,No internet service,No internet service,No internet service,No internet service,Two year,No,Credit card (automatic),39.73,572.21,No
9441-QHFPL,Female,1,Yes,No,7,Yes,No,Fiber optic,No,No,Yes,Yes,Yes,Yes,Month-to-month,Yes,Bank transfer (automatic),109.44,780.4,No
7962-NTQVQ,Male,0,No,No,51,Yes,No,Fiber optic,Yes,No,No,No,No,No,Two year,Yes,Mailed check,84.79,4350.85,No
3697-AXGZO,Male,0,No,No,61,Yes,No,DSL,Yes,No,No,No,Yes,No,Two year,Yes,Mailed check,70.69,4302.56,No
8965-CAFUI,Male,0,Yes,Yes,11,Yes,No,No,No internet service,No internet service,No internet service,No internet service,No internet service,No internet service,Month-to-month,Yes,Electronic check,32.94,358.63,No
5658-MTCHD,Male,0,No,No,2,Yes,Yes,DSL,No,No,No,No,No,No,Month-to-month,Yes,Electronic check,72.76,152.64,Yes
8684-CXYYI,Male,0,No,No,64,Yes,Yes,No,No internet service,No internet service,No internet service,No internet service,No internet service,No internet service,Month-to-month,No,Mailed check,43.77,2707.28,No
2055-WJJAO,Male,1,No,No,45,Yes,Yes,Fiber optic,No,Yes,Yes,No,Yes,Yes,One year,No,Electronic check,118.06,5503.06,No
1834-BQXZS,Female,0,No,No,12,Yes,Yes,DSL,No,No,No,No,No,No,Month-to-month,Yes,Mailed check,66.44,799.07,No
6735-HFIXG,Male,0,No,Yes,48,Yes,Yes,Fiber optic,No,Yes,No,Yes,Yes,Yes,Two year,No,Mailed check,115.85,5767.99,No
8357-RPFQA,Male,0,Yes,No,46,Yes,Yes,Fiber optic,No,Yes,Yes,Yes,Yes,Yes,One year,Yes,Credit card (automatic),118.75,5310.41,No
1406-OYGBN,Male,1,No,No,35,Yes,No,No,No internet service,No internet service,No internet service,No internet service,No internet service,No internet service,One year,No,Mailed check,29.84,1095.02,No
5327-SRLDF,Female,1,Yes,No,1,Yes,Yes,DSL,Yes,No,Yes,Yes,Yes,Yes,Month-to-month,No,Bank transfer (automatic),102.59,101.47,No
1098-LCBLE,Female,0,Yes,No,18,Yes,No,No,No internet service,No internet service,No internet service,No internet service,No internet service,No internet service,Month-to-month,Yes,Credit card (automatic),27.31,489.76,No
6947-EIXRC,Male,1,Yes,Yes,12,Yes,Yes,No,No internet service,No internet service,No internet service,No internet service,No internet service,No internet service,Month-to-month,Yes,Credit card (automatic),37.95,475.02,No
5171-TLEEA,Male,0,No,No,1,Yes,Yes,Fiber optic,Yes,No,No,Yes,No,No,Month-to-month,No,Bank transfer (automatic),98.26,101.24,Yes
6675-HBJRC,Female,1,Yes,Yes,19,Yes,No,DSL,Yes,Yes,No,No,No,Yes,One year,Yes,Mailed check,76.66,1514.9,No
5052-ZLAUG,Male,0,Yes,No,16,Yes,Yes,No,No internet service,No internet service,No internet service,No internet service,No internet service,No internet service,Two year,Yes,Electronic check,47.45,788.01,No
3698-OLPFW,Male,0,Yes,Yes,35,Yes,No,Fiber optic,No,No,No,No,No,Yes,One year,No,Mailed check,79.1,2789.43,No
7653-QXAXT,Male,0,No,No,8,Yes,No,Fiber optic,Yes,No,Yes,No,No,No,Month-to-month,Yes,Electronic check,89.27,691.74,Yes
9899-EPQZL,Male,0,No,No,7,Yes,No,No,No internet service,No internet service,No internet service,No internet service,No internet service,No internet service,Month-to-month,Yes,Electronic check,30.84,217.02,No
2787-DBVJK,Male,0,No,Yes,66,Yes,No,Fiber optic,Yes,No,Yes,No,No,No,One year,Yes,Mailed check,93.1,6449.97,No
7697-VZJMV,Female,0,Yes,Yes,10,Yes,No,DSL,No,Yes,Yes,No,Yes,Yes,One year,Yes,Electronic check,83.16,843.76,No
7265-EXOXB,Female,0,Yes,Yes,1,Yes,Yes,DSL,Yes,Yes,No,Yes,Yes,No,Month-to-month,Yes,Bank transfer (automatic),103.17,108.03,No
2273-QZYGZ,Male,1,No,No,63,Yes,No,Fiber optic,No,Yes,Yes,Yes,No,No,Month-to-month,Yes,Bank transfer (automatic),93.68,6084.4,No
3543-JWWPE,Female,0,No,No,59,Yes,No,DSL,No,Yes,No,Yes,No,Yes,One year,Yes,Credit card (automatic),77.09,4744.96,No
8076-DDIIV,Male,0,Yes,Yes,64,Yes,Yes,DSL,Yes,Yes,No,No,No,Yes,Month-to-month,No,Electronic check,90.39,5522.42,No
5110-GRDRD,Male,0,Yes,Yes,1,Yes,Yes,Fiber optic,Yes,No,Yes,Yes,No,Yes,Month-to-month,No,Credit card (automatic),113.9,116.55,No
5032-EYWOK,Female,1,Yes,Yes,4,Yes,Yes,Fiber optic,No,Yes,Yes,No,Yes,No,Month-to-month,No,Credit card (automatic),106.61,422.75,Yes
2930-NZWOW,Female,1,No,No,1,Yes,No,No,No internet service,No internet service,No internet service,No internet service,No internet service,No internet service,Month-to-month,No,Mailed check,24.76,25.15,No
1578-UEWVU,Male,0,Yes,No,51,Yes,No,DSL,No,Yes,No,No,Yes,Yes,One year,No,Mailed check,83.8,4299.29,No
1699-WIALF,Male,0,No,No,62,Yes,Yes,No,No internet service,No internet service,No internet service,No internet service,No internet service,No internet service,One year,Yes,Credit card (automatic),50.64,3143.23,No
1245-TOVFX,Female,0,Yes,No,21,Yes,Yes,Fiber optic,No,Yes,No,No,Yes,No,Month-to-month,No,Credit card (automatic),101.56,2173.38,No
5743-ATQMK,Female,0,Yes,No,72,Yes,Yes,No,No internet service,No internet service,No internet service,No internet service,No internet service,No internet service,Month-to-month,No,Electronic check,42.34,3183.96,No
3331-SWPQT,Female,0,Yes,Yes,9,Yes,Yes,No,No internet service,No internet service,No internet service,No internet service,No internet service,No internet service,Month-to-month,Yes,Bank transfer (automatic),43.09,391.09,No
6380-AMCLP,Male,1,No,No,71,No,No phone service,Fiber optic,No,No,No,Yes,Yes,No,One year,No,Mailed check,78.24,5632.83,No
8946-HXHYH,Male,0,No,No,6,Yes,Yes,Fiber optic,No,Yes,No,No,Yes,Yes,Month-to-month,Yes,Mailed check,118.04,684.39,Yes
8151-PZDIN,Male,0,Yes,Yes,20,Yes,Yes,No,No internet service,No internet service,No internet service,No internet service,No internet service,No internet service,Month-to-month,No,Electronic check,38.24,766.47,No
8110-MOHDR,Male,0,No,No,9,Yes,No,Fiber optic,No,No,Yes,No,Yes,No,Month-to-month,No,Mailed check,90.81,849.57,Yes
6200-TJMPP,Female,0,Yes,Yes,54,No,No phone service,Fiber optic,No,Yes,Yes,No,No,No,Month-to-month,No,Electronic check,75.92,4052.72,No
8566-QOEKE,Male,0,No,No,40,Yes,Yes,Fiber optic,No,No,No,No,No,No,Two year,Yes,Credit card (automatic),86.22,3322.92,No
8796-FZYMB,Male,0,No,Yes,9,Yes,Yes,DSL,Yes,No,No,Yes,Yes,No,Month-to-month,No,Mailed check,94.85,811.36,No
2291-OZIKI,Female,0,Yes,Yes,16,Yes,No,No,No internet service,No internet service,No internet service,No internet service,No internet service,No internet service,Month-to-month,No,Credit card (automatic),27.35,431.63,No
2789-YGRIA,Male,1,No,No,1,Yes,Yes,Fiber optic,No,No,No,Yes,No,No,Month-to-month,Yes,Electronic check,95.64,100.0,Yes
8345-KQFYU,Male,0,No,No,8,Yes,No,DSL,No,No,No,No,Yes,Yes,Month-to-month,No,Credit card (automatic),81.15,672.65,No
8273-KSCQL,Female,0,Yes,No,6,Yes,Yes,DSL,No,No,No,No,No,No,Month-to-month,Yes,Electronic check,71.58,449.51,No
6803-VQPMA,Female,1,No,No,61,Yes,No,Fiber optic,No,Yes,No,No,Yes,No,Two year,Yes,Electronic check,91.21,5336.63,No
5391-EGTLS,Female,0,Yes,No,34,Yes,Yes,No,No internet service,No internet service,No internet service,No internet service,No internet service,No internet service,Month-to-month,No,Credit card (automatic),46.72,1542.56,No
4522-MNBZN,Male,0,No,No,10,Yes,No,Fiber optic,Yes,No,Yes,No,Yes,No,Month-to-month,Yes,Electronic check,93.08,933.27,Yes
5305-FBIRS,Female,0,Yes,Yes,31,Yes,No,No,No internet service,No internet service,No internet service,No internet service,No internet service,No internet service,Two year,Yes,Electronic check,33.32,1073.23,No
8167-TDDCZ,Female,0,No,No,66,Yes,No,DSL,Yes,Yes,Yes,No,No,No,Two year,Yes,Electronic check,75.67,4888.51,No
8557-JXAFL,Male,0,Yes,No,3,No,No phone service,Fiber optic,No,No,Yes,No,Yes,No,Month-to-month,Yes,Electronic check,75.83,222.61,Yes
8888-XTTIH,Male,0,Yes,Yes,1,Yes,Yes,DSL,No,No,No,No,Yes,Yes,Month-to-month,No,Electronic check,87.8,90.93,Yes
6302-YUKHX,Female,0,Yes,Yes,72,Yes,No,DSL,No,Yes,No,Yes,No,No,Two year,No,Credit card (automatic),67.94,4690.52,No
4178-BCKNP,Male,0,Yes,Yes,1,Yes,No,Fiber optic,Yes,Yes,No,No,No,Yes,Month-to-month,No,Electronic check,93.85,97.07,Yes
7627-KMSAW,Female,0,No,No,1,Yes,Yes,DSL,No,Yes,Yes,Yes,Yes,No,Month-to-month,No,Credit card (automatic),96.71,97.65,Yes
9563-XGOBH,Male,1,Yes,Yes,70,Yes,No,DSL,No,Yes,Yes,No,No,Yes,One year,Yes,Credit card (automatic),79.03,5279.87,No
6995-MTXKX,Male,0,No,No,52,Yes,Yes,DSL,No,No,Yes,No,No,No,Month-to-month,No,Bank transfer (automatic),77.27,4161.78,No
1160-NZXUG,Male,1,Yes,Yes,4,Yes,Yes,DSL,No,Yes,Yes,No,Yes,Yes,Month-to-month,Yes,Electronic check,103.68,415.34,Yes
2122-NQTRH,Female,0,No,No,1,Yes,No,Fiber optic,No,Yes,Yes,No,Yes,No,Month-to-month,Yes,Bank transfer (automatic),103.58,99.64,No
7588-UENEB,Male,0,No,No,1,Yes,No,No,No internet service,No internet service,No internet service,No internet service,No internet service,No internet service,Month-to-month,No,Mailed check,32.65,33.58,No
4362-GJYVL,Female,0,No,No,3,No,No phone service,DSL,No,Yes,Yes,No,No,Yes,Month-to-month,No,Credit card (automatic),67.09,201.32,Yes
8109-VCORN,Female,0,No,Yes,62,Yes,No,DSL,No,Yes,No,No,No,Yes,Two year,Yes,Mailed check,65.6,4057.75,No
4112-LDDTN,Female,0,No,No,30,Yes,No,DSL,No,Yes,No,Yes,No,No,Month-to-month,No,Electronic check,64.9,1869.08,No
1113-HAFUQ,Female,0,No,No,4,Yes,No,No,No internet service,No internet service,No internet service,No internet service,No internet service,No internet service,Month-to-month,No,Bank transfer (automatic),30.38,118.2,No
4765-HCCHK,Female,0,Yes,No,62,Yes,No,DSL,No,No,Yes,No,No,No,One year,Yes,Mailed check,62.2,3737.0,No
4029-SFRKV,Male,0,No,Yes,64,Yes,No,Fiber optic,No,No,Yes,No,No,No,Two year,Yes,Bank transfer (automatic),83.07,5442.84,No
4333-WYMDS,Female,1,No,No,6,Yes,Yes,DSL,No,Yes,Yes,No,No,Yes,Month-to-month,Yes,Electronic check,94.38,565.92,Yes
8985-VUCBI,Female,0,Yes,No,70,Yes,Yes,Fiber optic,Yes,No,Yes,No,No,Yes,One year,Yes,Credit card (automatic),109.49,7507.93,No
4400-RERNA,Male,0,No,No,65,Yes,No,Fiber optic,No,No,Yes,Yes,Yes,No,Two year,Yes,Bank transfer (automatic),100.11,6557.58,No
3865-CKBBG,Male,0,Yes,Yes,20,Yes,Yes,DSL,No,Yes,No,Yes,Yes,Yes,One year,No,Mailed check,105.82,2044.14,No
9251-IXMNK,Female,1,No,No,3,Yes,No,Fiber optic,Yes,No,No,Yes,No,No,Month-to-month,No,Bank transfer (automatic),88.1,255.26,No
3531-NIZMK,Male,0,Yes,Yes,35,Yes,No,Fiber optic,No,No,No,No,No,No,Month-to-month,Yes,Mailed check,73.99,2571.34,Yes
5110-NBIAP,Female,1,No,No,9,Yes,Yes,Fiber optic,No,Yes,Yes,Yes,No,Yes,Month-to-month,Yes,Credit card (automatic),115.46,1066.63,No
7839-MBNRL,Male,0,No,No,28,Yes,No,DSL,Yes,Yes,No,No,Yes,Yes,Month-to-month,No,Credit card (automatic),87.63,2370.94,Yes
4627-POXOY,Male,0,No,No,54,Yes,Yes,Fiber optic,No,Yes,No,Yes,Yes,Yes,Two year,No,Credit card (automatic),118.75,6275.21,No
1948-UXZUU,Female,0,No,No,63,Yes,Yes,Fiber optic,No,No,No,Yes,Yes,No,Two year,Yes,Mailed check,101.0,6274.56,No
9468-CLJPG,Male,0,No,No,1,Yes,No,DSL,No,No,No,Yes,No,No,One year,Yes,Electronic check,61.31,63.27,No
7909-PSGZE,Male,1,Yes,Yes,72,Yes,Yes,No,No internet service,No internet service,No internet service,No internet service,No internet service,No internet service,Two year,Yes,Bank transfer (automatic),43.01,3151.47,No
8187-EHNCR,Female,0,Yes,No,5,Yes,No,DSL,No,No,No,No,Yes,Yes,Month-to-month,Yes,Mailed check,74.31,378.99,No
6581-LXVUE,Male,1,Yes,Yes,2,Yes,Yes,No,No internet service,No internet service,No internet service,No internet service,No internet service,No internet service,Month-to-month,Yes,Electronic check,40.33,78.11,Yes
1851-VKOBO,Female,0,Yes,No,68,No,No phone service,Fiber optic,Yes,No,Yes,No,No,Yes,Month-to-month,Yes,Credit card (automatic),86.24,5758.36,No
7319-MZHZW,Female,0,Yes,Yes,68,Yes,No,Fiber optic,No,Yes,No,Yes,No,Yes,One year,Yes,Electronic check,95.61,6692.19,No
1014-GLZXE,Female,0,No,No,22,Yes,No,DSL,Yes,No,Yes,Yes,No,Yes,Month-to-month,Yes,Electronic check,83.21,1915.45,No
4302-TDOHI,Male,0,No,No,44,Yes,No,DSL,No,Yes,Yes,No,Yes,Yes,One year,No,Bank transfer (automatic),88.43,3948.82,No
4044-FLQOS,Male,0,No,Yes,66,Yes,No,Fiber optic,No,No,Yes,No,Yes,Yes,Two year,Yes,Credit card (automatic),97.91,6228.92,No
8858-YUDLZ,Female,0,Yes,No,68,Yes,Yes,No,No internet service,No internet service,No internet service,No internet service,No internet service,No internet service,Two year,No,Bank transfer (automatic),33.66,2357.57,No
1415-SZEWR,Female,0,Yes,Yes,5,Yes,No,No,No internet service,No internet service,No internet service,No internet service,No internet service,No internet service,Month-to-month,Yes,Bank transfer (automatic),30.09,157.25,No
2085-SKOPL,Female,0,No,No,52,Yes,Yes,No,No internet service,No internet service,No internet service,No internet service,No internet service,No internet service,Two year,Yes,Credit card (automatic),46.47,2469.34,No
8774-HSPGF,Female,0,Yes,No,12,Yes,No,DSL,Yes,No,No,No,No,No,One year,Yes,Electronic check,62.66,772.12,No
7802-KSRMV,Male,0,Yes,No,62,No,No phone service,DSL,No,No,No,Yes,No,Yes,One year,Yes,Bank transfer (automatic),57.6,3483.03,No
7087-KCWHF,Male,0,Yes,Yes,25,Yes,No,Fiber optic,Yes,Yes,No,No,Yes,Yes,Month-to-month,Yes,Mailed check,108.25,2702.08,No
8894-LSXJD,Male,0,Yes,Yes,1,Yes,No,No,No internet service,No internet service,No internet service,No internet service,No internet service,No internet service,Month-to-month,Yes,Bank transfer (automatic),24.16,24.5,No
5531-ZNKNR,Male,0,Yes,No,25,Yes,Yes,DSL,Yes,No,No,Yes,No,Yes,One year,No,Credit card (automatic),86.82,2083.72,No
9405-XEHOO,Male,1,Yes,No,62,Yes,Yes,Fiber optic,Yes,Yes,No,No,No,Yes,Two year,Yes,Mailed check,107.1,6598.97,No
3722-EQZAD,Female,0,Yes,No,8,Yes,Yes,No,No internet service,No internet service,No internet service,No internet service,No internet service,No internet service,Month-to-month,Yes,Bank transfer (automatic),42.13,326.84,No
5374-IEVKQ,Male,0,No,No,61,Yes,Yes,Fiber optic,Yes,Yes,No,Yes,No,Yes,Two year,No,Mailed check,118.75,7189.47,No
3546-DMNQU,Male,0,Yes,No,68,Yes,No,No,No internet service,No internet service,No internet service,No internet service,No internet service,No internet service,Two year,No,Bank transfer (automatic),28.76,2041.75,No
9954-XXTSZ,Male,0,Yes,No,7,Yes,Yes,DSL,No,No,Yes,Yes,No,No,Month-to-month,No,Electronic check,85.1,617.04,No
8178-SFEHF,Female,0,No,No,20,Yes,Yes,Fiber optic,No,No,No,No,No,No,One year,Yes,Electronic check,88.09,1758.01,No
9321-ZSAFG,Female,0,No,No,65,Yes,No,Fiber optic,Yes,No,No,No,No,No,Two year,Yes,Credit card (automatic),74.9,4890.73,No
3568-LXOAT,Female,0,Yes,Yes,60,Yes,No,Fiber optic,No,No,No,Yes,Yes,No,Two year,Yes,Electronic check,91.55,5329.09,No
6223-IDNUC,Female,0,No,Yes,67,Yes,No,DSL,Yes,No,No,No,No,Yes,One year,Yes,Mailed check,73.19,4755.3,No
8577-XAMSN,Male,0,Yes,No,2,No,No phone service,Fiber optic,Yes,No,No,No,Yes,Yes,Month-to-month,Yes,Credit card (automatic),93.2,189.21,No
4385-RGQAR,Female,0,Yes,Yes,60,Yes,Yes,Fiber optic,No,No,No,No,No,No,One year,Yes,Electronic check,86.87,5142.43,No
7015-PEXBY,Male,0,No,No,10,Yes,Yes,Fiber optic,No,Yes,Yes,Yes,Yes,No,Month-to-month,Yes,Credit card (automatic),112.69,1168.76,No
7119-LJMNF,Male,0,No,No,66,Yes,Yes,No,No internet service,No internet service,No internet service,No internet service,No internet service,No internet service,Two year,No,Electronic check,35.88,2442.71,No
3432-OZRRR,Female,0,Yes,Yes,4,Yes,No,DSL,Yes,No,No,Yes,No,Yes,Month-to-month,Yes,Bank transfer (automatic),80.84,334.18,No
1052-UKWII,Female,0,No,No,4,Yes,No,Fiber optic,No,Yes,Yes,No,Yes,No,Month-to-month,No,Mailed check,102.52,404.98,No
4443-NQYHB,Male,0,No,No,16,Yes,No,No,No internet service,No internet service,No internet service,No internet service,No internet service,No internet service,One year,Yes,Electronic check,35.16,582.91,No
7631-AALJD,Male,1,Yes,Yes,61,Yes,No,No,No internet service,No internet service,No internet service,No internet service,No internet service,No internet service,Two year,Yes,Bank transfer (automatic),30.71,1842.68,No
2095-RFCJA,Female,0,Yes,Yes,9,Yes,No,Fiber optic,No,No,Yes,No,Yes,Yes,One year,Yes,Electronic check,103.49,946.23,No
3695-HSJMP,Male,0,Yes,No,59,Yes,Yes,No,No internet service,No internet service,No internet service,No internet service,No internet service,No internet service,Month-to-month,No,Bank transfer (automatic),45.36,2631.75,No
9360-CFTXV,Male,0,No,No,37,Yes,Yes,DSL,No,No,No,Yes,Yes,No,One year,Yes,Mailed check,82.49,3150.29,No
8398-IIUGU,Male,0,Yes,Yes,17,Yes,Yes,Fiber optic,Yes,No,No,No,Yes,Yes,Month-to-month,No,Electronic check,107.86,1804.28,Yes
7299-OGZKJ,Male,0,No,Yes,21,Yes,No,No,No internet service,No internet service,No internet service,No internet service,No internet service,No internet service,One year,Yes,Mailed check,27.85,609.69,No
4857-WOVIS,Female,0,Yes,Yes,23,Yes,No,No,No internet service,No internet service,No internet service,No internet service,No internet service,No internet service,Month-to-month,No,Bank transfer (automatic),34.28,814.28,No
8130-PJBSW,Male,1,Yes,Yes,6,Yes,No,Fiber optic,Yes,No,Yes,No,Yes,No,Month-to-month,No,Electronic check,103.77,633.63,Yes
2889-NTNAC,Male,0,No,No,53,Yes,Yes,DSL,Yes,Yes,Yes,No,No,Yes,Month-to-month,No,Credit card (automatic),93.52,4775.34,No
1321-FZYNG,Male,0,No,No,2,Yes,Yes,DSL,Yes,No,Yes,Yes,Yes,Yes,Month-to-month,No,Bank transfer (automatic),107.29,220.38,No
2725-DTDOG,Female,0,Yes,No,58,Yes,Yes,No,No internet service,No internet service,No internet service,No internet service,No internet service,No internet service,Two year,Yes,Credit card (automatic),41.69,2482.74,No
8375-PWETP,Male,1,Yes,Yes,30,Yes,No,No,No internet service,No internet service,No internet service,No internet service,No internet service,No internet service,Month-to-month,Yes,Credit card (automatic),32.54,1012.07,No
1360-PRHYB,Male,0,No,No,60,No,No phone service,DSL,No,Yes,No,Yes,Yes,No,Two year,No,Credit card (automatic),61.1,3615.55,No
3675-CFZSI,Male,1,Yes,No,11,Yes,Yes,No,No internet service,No internet service,No internet service,No internet service,No internet service,No internet service,One year,Yes,Mailed check,41.73,458.52,No
8201-PPXMI,Female,0,Yes,Yes,18,Yes,No,DSL,Yes,Yes,No,No,Yes,No,One year,Yes,Electronic check,77.14,1333.7,No
7346-UWODG,Female,0,No,No,1,Yes,Yes,DSL,No,No,No,No,Yes,Yes,Month-to-month,Yes,Credit card (automatic),85.04,86.35,Yes
7251-QYJWZ,Female,0,No,No,20,Yes,No,Fiber optic,No,No,No,No,Yes,Yes,One year,No,Bank transfer (automatic),97.63,2005.1,No
8242-SQJZB,Female,1,Yes,Yes,23,Yes,No,DSL,No,Yes,No,Yes,Yes,No,One year,Yes,Mailed check,78.0,1804.65,No
2622-GMMJM,Female,1,No,No,4,No,No phone service,No,No internet service,No internet service,No internet service,No internet service,No internet service,No internet service,Month-to-month,Yes,Credit card (automatic),20.65,82.48,No
6919-URQTS,Female,0,No,No,68,No,No phone service,DSL,Yes,Yes,No,No,No,Yes,Two year,Yes,Electronic check,65.83,4582.07,No
3172-HPMMP,Male,0,Yes,Yes,37,Yes,No,DSL,No,No,No,No,No,Yes,Month-to-month,Yes,Credit card (automatic),61.91,2320.52,No
8727-IUPDD,Male,0,No,No,14,Yes,No,Fiber optic,No,No,Yes,No,No,Yes,One year,No,Credit card (automatic),88.49,1276.07,No
6009-IRXNQ,Female,0,Yes,Yes,41,Yes,Yes,Fiber optic,No,Yes,Yes,No,No,Yes,One year,Yes,Mailed check,108.36,4345.64,No
5551-XFYNJ,Male,0,Yes,No,3,Yes,No,DSL,No,Yes,No,No,Yes,Yes,Month-to-month,No,Mailed check,76.38,233.99,Yes
8321-KHDRK,Male,0,Yes,Yes,8,Yes,No,Fiber optic,No,No,Yes,No,Yes,Yes,Month-to-month,Yes,Credit card (automatic),102.09,791.48,No
5416-TNVPP,Female,1,Yes,Yes,9,Yes,No,DSL,No,Yes,Yes,Yes,No,No,Month-to-month,Yes,Mailed check,76.08,707.62,No
1133-NMLOC,Male,0,No,No,57,Yes,No,DSL,No,Yes,No,Yes,No,No,Two year,No,Bank transfer (automatic),68.95,4029.37,No
5866-DSIAS,Female,0,Yes,No,4,No,No phone service,DSL,Yes,Yes,No,No,No,No,Month-to-month,No,Bank transfer (automatic),57.53,234.1,No
5674-PRUGH,Female,0,No,No,17,Yes,Yes,Fiber optic,No,Yes,No,Yes,No,Yes,Two year,Yes,Electronic check,108.71,1810.54,No
8504-BDHID,Male,0,Yes,Yes,59,Yes,No,Fiber optic,Yes,No,Yes,No,No,No,Two year,Yes,Credit card (automatic),89.84,5175.11,No
7749-BPGVE,Female,0,Yes,No,1,Yes,Yes,DSL,No,Yes,Yes,Yes,Yes,Yes,Month-to-month,Yes,Bank transfer (automatic),105.36,109.42,No
8786-HBICP,Male,0,No,No,68,Yes,No,Fiber optic,No,No,No,Yes,Yes,Yes,Two year,Yes,Electronic check,101.11,6841.05,No
3030-YJALE,Male,0,No,No,69,Yes,Yes,Fiber optic,No,No,No,No,Yes,No,Two year,No,Mailed check,99.44,6954.76,No
1507-FKYPC,Female,0,No,No,40,Yes,Yes,Fiber optic,No,Yes,No,Yes,Yes,No,Two year,Yes,Electronic check,111.18,4241.34,No
1304-OQNMA,Female,1,No,No,69,Yes,No,DSL,Yes,No,No,No,Yes,No,One year,Yes,Bank transfer (automatic),71.42,4957.94,No
8695-JCORF,Female,0,Yes,Yes,2,Yes,No,No,No internet service,No internet service,No internet service,No internet service,No internet service,No internet service,Month-to-month,No,Electronic check,24.79,47.9,No
3840-ZKYVY,Male,0,No,No,64,Yes,No,Fiber optic,Yes,No,Yes,No,Yes,Yes,Two year,No,Mailed check,99.49,6385.99,No
8833-RHRKG,Female,0,Yes,Yes,8,Yes,No,DSL,Yes,No,Yes,No,Yes,Yes,Month-to-month,No,Credit card (automatic),89.48,696.85,No
